# ************************************************************
# Sequel Pro SQL dump
# Version 4541
#
# http://www.sequelpro.com/
# https://github.com/sequelpro/sequelpro
#
# Host: 127.0.0.1 (MySQL 5.7.19)
# Database: cloudstore
# Generation Time: 2017-10-26 01:28:08 +0000
# ************************************************************


/*!40101 SET @OLD_CHARACTER_SET_CLIENT=@@CHARACTER_SET_CLIENT */;
/*!40101 SET @OLD_CHARACTER_SET_RESULTS=@@CHARACTER_SET_RESULTS */;
/*!40101 SET @OLD_COLLATION_CONNECTION=@@COLLATION_CONNECTION */;
/*!40101 SET NAMES utf8 */;
/*!40014 SET @OLD_FOREIGN_KEY_CHECKS=@@FOREIGN_KEY_CHECKS, FOREIGN_KEY_CHECKS=0 */;
/*!40101 SET @OLD_SQL_MODE=@@SQL_MODE, SQL_MODE='NO_AUTO_VALUE_ON_ZERO' */;
/*!40111 SET @OLD_SQL_NOTES=@@SQL_NOTES, SQL_NOTES=0 */;


# Dump of table address
# ------------------------------------------------------------

DROP TABLE IF EXISTS `address`;

CREATE TABLE `address` (
  `id` int(11) unsigned NOT NULL AUTO_INCREMENT,
  `uid` int(11) NOT NULL COMMENT '用户id',
  `name` varchar(255) NOT NULL DEFAULT '' COMMENT '收件人',
  `city` varchar(255) DEFAULT NULL COMMENT '收件地区',
  `detail` varchar(255) NOT NULL DEFAULT '' COMMENT '详细地址',
  `phone` varchar(255) NOT NULL DEFAULT '' COMMENT '收件人联系电话',
  `is_default` tinyint(1) NOT NULL DEFAULT '0' COMMENT '是否默认收件地址，1-是，0-否',
  `is_delete` tinyint(1) NOT NULL DEFAULT '0' COMMENT '软删除，1-是，0-否',
  `create_time` int(11) DEFAULT NULL,
  `update_time` int(11) DEFAULT NULL,
  `status` tinyint(1) DEFAULT NULL,
  PRIMARY KEY (`id`)
) ENGINE=InnoDB DEFAULT CHARSET=utf8;

LOCK TABLES `address` WRITE;
/*!40000 ALTER TABLE `address` DISABLE KEYS */;

INSERT INTO `address` (`id`, `uid`, `name`, `city`, `detail`, `phone`, `is_default`, `is_delete`, `create_time`, `update_time`, `status`)
VALUES
	(1,2,'陈忆帆','广东省东莞市','东莞理工学院','15625504195',1,0,1508140015,1508142746,1),
	(2,2,'梁祥桃','广东省东莞市','东莞理工学院松山湖','15625504194',0,0,1508140151,1508140151,1);

/*!40000 ALTER TABLE `address` ENABLE KEYS */;
UNLOCK TABLES;


# Dump of table cart
# ------------------------------------------------------------

DROP TABLE IF EXISTS `cart`;

CREATE TABLE `cart` (
  `id` int(11) unsigned NOT NULL AUTO_INCREMENT,
  `uid` int(11) DEFAULT NULL,
  `sku_id` int(11) NOT NULL,
  `name` varchar(255) DEFAULT NULL,
  `num` int(11) NOT NULL,
  `price` decimal(11,2) NOT NULL,
  `is_delete` tinyint(1) NOT NULL DEFAULT '0',
  `create_time` int(11) DEFAULT NULL,
  `update_time` int(11) DEFAULT NULL,
  `status` tinyint(1) NOT NULL DEFAULT '1',
  PRIMARY KEY (`id`)
) ENGINE=InnoDB DEFAULT CHARSET=utf8;

LOCK TABLES `cart` WRITE;
/*!40000 ALTER TABLE `cart` DISABLE KEYS */;

INSERT INTO `cart` (`id`, `uid`, `sku_id`, `name`, `num`, `price`, `is_delete`, `create_time`, `update_time`, `status`)
VALUES
	(1,2,5854051,'网易云音乐车载蓝牙播放器',1,99.00,0,NULL,NULL,1),
	(2,2,5882053,'JBL Reflect Mini BT',1,599.00,0,NULL,1508812822,1),
	(3,2,5959050,'先锋SEC-CL31S',1,59.00,0,1508811597,1508811597,1);

/*!40000 ALTER TABLE `cart` ENABLE KEYS */;
UNLOCK TABLES;


# Dump of table cate
# ------------------------------------------------------------

DROP TABLE IF EXISTS `cate`;

CREATE TABLE `cate` (
  `id` int(11) unsigned NOT NULL AUTO_INCREMENT COMMENT '分类表',
  `pid` int(11) NOT NULL COMMENT '当pid=0时，该分类为顶级分类',
  `name` varchar(50) NOT NULL DEFAULT '' COMMENT '分类名称',
  `status` tinyint(1) NOT NULL DEFAULT '0' COMMENT '0-未审核，1-已通过，2-未通过',
  PRIMARY KEY (`id`)
) ENGINE=InnoDB DEFAULT CHARSET=utf8;

LOCK TABLES `cate` WRITE;
/*!40000 ALTER TABLE `cate` DISABLE KEYS */;

INSERT INTO `cate` (`id`, `pid`, `name`, `status`)
VALUES
	(101000,0,'数码影音',1),
	(1005000,101000,'耳机耳麦',1),
	(1006000,101000,'播放器',1),
	(1007000,101000,'数码配件',1),
	(1008002,0,'IP周边',1),
	(1008003,1008002,'音像制品',1),
	(1009002,1008002,'音乐人周边',1),
	(1009006,101000,'音箱音响',1),
	(1010004,1008002,'IP衍生品',1);

/*!40000 ALTER TABLE `cate` ENABLE KEYS */;
UNLOCK TABLES;


# Dump of table media
# ------------------------------------------------------------

DROP TABLE IF EXISTS `media`;

CREATE TABLE `media` (
  `id` int(11) unsigned NOT NULL AUTO_INCREMENT,
  `spu_id` int(11) DEFAULT NULL COMMENT 'spu_id',
  `path` varchar(255) DEFAULT NULL COMMENT '图片在服务器的绝对路径',
  `url_path` varchar(255) DEFAULT NULL COMMENT '图片的url地址',
  `type` tinyint(3) NOT NULL DEFAULT '0' COMMENT '0-商品图，1-头像，2-轮播图',
  `create_time` int(10) DEFAULT NULL,
  `update_time` int(10) DEFAULT NULL,
  `status` tinyint(3) DEFAULT NULL COMMENT '待定',
  PRIMARY KEY (`id`)
) ENGINE=InnoDB DEFAULT CHARSET=utf8;

LOCK TABLES `media` WRITE;
/*!40000 ALTER TABLE `media` DISABLE KEYS */;

INSERT INTO `media` (`id`, `spu_id`, `path`, `url_path`, `type`, `create_time`, `update_time`, `status`)
VALUES
	(1,NULL,NULL,'http://p4.music.126.net/dvwk6jgwJ16f2lHEWG6C_Q==/18605935767177141.jpg?param=36y36',1,NULL,NULL,NULL),
	(2,6551056,NULL,'http://p3.music.126.net/xMGu1BDb5pHnOZ70EZ4iiw==/109951163002829611.jpg',0,NULL,NULL,NULL),
	(3,6551056,NULL,'http://p4.music.126.net/oznJyvuhQ3t4nXTxP9Hv8A==/109951163002826784.jpg',0,NULL,NULL,NULL),
	(4,6551056,NULL,'http://p3.music.126.net/_V_AtoWbRfrWLS6eEwQ0VQ==/109951163002832018.jpg',0,NULL,NULL,NULL),
	(5,6551056,NULL,'http://p3.music.126.net/JUhPDNgmLrVPyIZYjbp4bg==/109951163002828226.jpg',0,NULL,NULL,NULL),
	(6,6551056,NULL,'http://p3.music.126.net/fbzYWhqhqQ2ClQaTAXmgzw==/109951163002828702.jpg',0,NULL,NULL,NULL),
	(7,6551056,NULL,'http://p4.music.126.net/FlaLXihghCUtqH7ukSlNXg==/109951163002828246.jpg',0,NULL,NULL,NULL),
	(8,6551056,NULL,'http://p3.music.126.net/lj9LeNub2PRKndRPX6_iEg==/109951163002831086.jpg',0,NULL,NULL,NULL),
	(9,6551056,NULL,'http://p3.music.126.net/WbdcXU7jk3VXKKZn9hbfkw==/109951163002827244.jpg',0,NULL,NULL,NULL),
	(10,6524070,NULL,'http://p4.music.126.net/usU3MxuzumxG0lLX3kSSeg==/18694996209130491.jpg',0,NULL,NULL,NULL),
	(11,6524070,NULL,'http://p3.music.126.net/1TJgqfTJid4YkvD5Vth1lQ==/18690598162610445.jpg',0,NULL,NULL,NULL),
	(12,6524070,NULL,'http://p3.music.126.net/Kz0jeKIgdUSBre-An8leUw==/19153492556211943.jpg',0,NULL,NULL,NULL),
	(13,6065056,NULL,'http://p3.music.126.net/Aj977crNOHs-fzOLYe4L3Q==/18690598162610457.jpg',0,NULL,NULL,NULL),
	(14,6065056,NULL,'http://p3.music.126.net/JGahaNWZ8SM1nadGqICzbA==/18500382651009999.jpg',0,NULL,NULL,NULL),
	(15,6065056,NULL,'http://p3.music.126.net/WT52qgZuzW9gc8XVkiPpnw==/18548761162627454.jpg',0,NULL,NULL,NULL),
	(16,6065056,NULL,'http://p4.music.126.net/or5N5i8Xu9GDD4rE3XHAVQ==/19138099393420490.jpg',0,NULL,NULL,NULL),
	(17,6065056,NULL,'http://p3.music.126.net/g-CIkXz7zM4F82EktdMFEQ==/19163388160857935.jpg',0,NULL,NULL,NULL),
	(18,6065056,NULL,'http://p3.music.126.net/1pcF5jsYD1vKq3daek44JQ==/19173283765508820.jpg',0,NULL,NULL,NULL),
	(19,6065056,NULL,'http://p4.music.126.net/d4a_EJRudaP-THXL3Yl0Ww==/18864320998106364.jpg',0,NULL,NULL,NULL),
	(20,6065056,NULL,'http://p4.music.126.net/gbpWXVSWwRzAEx1mZ9BKgw==/19190875951241971.jpg',0,NULL,NULL,NULL),
	(21,6497059,NULL,'http://p3.music.126.net/-J96LUT9PPHI9dGSFUoP6A==/109951162977275384.jpg',0,NULL,NULL,NULL),
	(22,6497059,NULL,'http://p3.music.126.net/yH4_eM4TTpr6_9bt8gBmcw==/109951162977276874.jpg',0,NULL,NULL,NULL),
	(23,6497059,NULL,'http://p3.music.126.net/5pf173moeekuKZzeMG-jKQ==/109951162977284002.jpg',0,NULL,NULL,NULL),
	(24,6497059,NULL,'http://p4.music.126.net/FBSW0HVeaZWon3875ucqWg==/109951162977277292.jpg',0,NULL,NULL,NULL),
	(25,6349051,NULL,'http://p3.music.126.net/934hVXAIXY8QXYI7zjlmTg==/18799449813620437.jpg',0,NULL,NULL,NULL),
	(26,6349051,NULL,'http://p4.music.126.net/LnMsqi4AfzGme2HgoaKOsA==/19025949207173153.jpg',0,NULL,NULL,NULL),
	(27,6349051,NULL,'http://p3.music.126.net/oALJW1N6nHBhAw9nJBCdmA==/18799449813620438.jpg',0,NULL,NULL,NULL),
	(28,6349051,NULL,'http://p4.music.126.net/OP3Q6t7zTwgW1ycig0E7OA==/19025949207173154.jpg',0,NULL,NULL,NULL),
	(29,6349051,NULL,'http://p4.music.126.net/2wTfDS5Or5Gmk6jNeGw74g==/18799449813620439.jpg',0,NULL,NULL,NULL),
	(30,6349051,NULL,'http://p4.music.126.net/S49douxLWiyHR0AS5cjPMQ==/18612532836889865.jpg',0,NULL,NULL,NULL),
	(31,6349051,NULL,'http://p3.music.126.net/BAAZeMa-upIZ5k9R1mZVtw==/18799449813620440.jpg',0,NULL,NULL,NULL),
	(32,6349051,NULL,'http://p3.music.126.net/7jXI0KqA_a0bcmouL_HmNQ==/18559756278770455.jpg',0,NULL,NULL,NULL),
	(33,6452050,NULL,'http://p4.music.126.net/ed82qsgQDiRCUlkxWHNW0A==/18765364953234978.jpg',0,NULL,NULL,NULL),
	(34,6452050,NULL,'http://p3.music.126.net/5wEKCaGatrWKx21W-JHurw==/18588343581175349.jpg',0,NULL,NULL,NULL),
	(35,6452050,NULL,'http://p4.music.126.net/OXTWYopY1XavrXf_hSiVtw==/18714787418358484.jpg',0,NULL,NULL,NULL),
	(36,6452050,NULL,'http://p3.music.126.net/Baw7KNI9hAk-KCUphx9NLw==/18588343581175350.jpg',0,NULL,NULL,NULL),
	(37,6452050,NULL,'http://p4.music.126.net/NM7iAg20gq7I4m6arx6ebA==/18714787418358485.jpg',0,NULL,NULL,NULL),
	(38,6452050,NULL,'http://p3.music.126.net/oEmBa7WyARz-SNhZAfEruQ==/18588343581175351.jpg',0,NULL,NULL,NULL),
	(39,6452050,NULL,'http://p4.music.126.net/INs4S5LEacpdrFbRs7lS4Q==/18588343581175352.jpg',0,NULL,NULL,NULL),
	(40,6452050,NULL,'http://p3.music.126.net/aNcY-o5qWKVbtxeD6wb2sw==/18714787418358486.jpg',0,NULL,NULL,NULL),
	(41,6454050,NULL,'http://p4.music.126.net/N25P0o1CebJ6qnwG4E-T2g==/18598239185799372.jpg',0,NULL,NULL,NULL),
	(42,6454050,NULL,'http://p3.music.126.net/HFQtsrgbXRM8tIcQ-FM1kQ==/18588343581175342.jpg',0,NULL,NULL,NULL),
	(43,6454050,NULL,'http://p4.music.126.net/YODTRtH9pvB3zImKmRVn0A==/18889609765426762.jpg',0,NULL,NULL,NULL),
	(44,6454050,NULL,'http://p3.music.126.net/tQHMJ0J8-3pQz0nzfSj3hA==/18513576790470526.jpg',0,NULL,NULL,NULL),
	(45,6454050,NULL,'http://p3.music.126.net/Uvti1v07LXSKePjyDjDlSg==/18765364953234975.jpg',0,NULL,NULL,NULL),
	(46,6454050,NULL,'http://p3.music.126.net/EWMviF_khdtH_sIxNhwkag==/18513576790470527.jpg',0,NULL,NULL,NULL),
	(47,6531067,NULL,'http://p4.music.126.net/LJDWRjKZKP1MVzxIN3LN_A==/19100715998038101.jpg',0,NULL,NULL,NULL),
	(48,6531067,NULL,'http://p3.music.126.net/Q_MwsdswYnQzi_3JycFGdw==/19191975463114193.jpg',0,NULL,NULL,NULL),
	(49,6531067,NULL,'http://p4.music.126.net/Yz-VJ90YKgOPRrlaUZCjLQ==/18911599998026070.jpg',0,NULL,NULL,NULL),
	(50,6531067,NULL,'http://p3.music.126.net/4m-CwxNgGGi2V5htCV2h9g==/19186477904979809.jpg',0,NULL,NULL,NULL),
	(51,6531067,NULL,'http://p3.music.126.net/0JSm4cy0dDvbCgHlUrCA1A==/18789554209065678.jpg',0,NULL,NULL,NULL),
	(52,6531067,NULL,'http://p4.music.126.net/SsLRohIZJ20sVTaCWNmXQQ==/19111711114319792.jpg',0,NULL,NULL,NULL),
	(53,6531067,NULL,'http://p4.music.126.net/oylqyKXlfb3c93eNySFilQ==/18755469348613773.jpg',0,NULL,NULL,NULL),
	(54,6485058,NULL,'http://p3.music.126.net/ztJasMjH_k5k9tdV5OXHSw==/18598239185853296.jpg',0,NULL,NULL,NULL),
	(55,6485058,NULL,'http://p3.music.126.net/7CATachUisiZnHAUIPzyNw==/109951162969091131.jpg',0,NULL,NULL,NULL),
	(56,6485058,NULL,'http://p4.music.126.net/t8DG7vuOhLYvk1hQGuzwDw==/109951162969091645.jpg',0,NULL,NULL,NULL),
	(57,6485058,NULL,'http://p3.music.126.net/aQyWNC4yciqPJZ20oBbbVA==/109951162969092151.jpg',0,NULL,NULL,NULL),
	(58,6485058,NULL,'http://p3.music.126.net/2XHawmS2AAxY-JnSv_cq0g==/109951162969087983.jpg',0,NULL,NULL,NULL),
	(59,6485058,NULL,'http://p4.music.126.net/MBU_r5fm35y2lQtSdq3YpQ==/109951162969080885.jpg',0,NULL,NULL,NULL),
	(60,6485058,NULL,'http://p3.music.126.net/fudgq5Noi9nwgiwjOlcHCQ==/109951162969087997.jpg',0,NULL,NULL,NULL),
	(61,6485058,NULL,'http://p4.music.126.net/95UYj_QKpwNK_ftsGWHhbw==/3313928054094523.jpg',0,NULL,NULL,NULL),
	(62,5934054,NULL,'http://p4.music.126.net/lYvo1WhAM2VHnlzMGyUq3w==/18864320998106371.jpg',0,NULL,NULL,NULL),
	(63,5934054,NULL,'http://p3.music.126.net/Ki-uAfcjwfYiWZd-EKLi8g==/18950082904773322.jpg',0,NULL,NULL,NULL),
	(64,5934054,NULL,'http://p4.music.126.net/TkjXrf_U1gf8SInMiZEAyQ==/19098516974546821.jpg',0,NULL,NULL,NULL),
	(65,5934054,NULL,'http://p3.music.126.net/inKCuf3N6Kn8LWSF2_dXeA==/18879714160574499.jpg',0,NULL,NULL,NULL),
	(66,5934054,NULL,'http://p3.music.126.net/hN4xX3f2JApIyQVuQj-XLQ==/19187577416351410.jpg',0,NULL,NULL,NULL),
	(67,5934054,NULL,'http://p3.music.126.net/9trzoKzKr8AY5X-la5g_IQ==/18964376555914902.jpg',0,NULL,NULL,NULL),
	(68,5934054,NULL,'http://p3.music.126.net/WELoBNoL4U7E_CmQ-QyxTw==/18915998044290139.jpg',0,NULL,NULL,NULL),
	(69,6479064,NULL,'http://p4.music.126.net/7q0knLsX5tr3iTcfavpf_A==/18498183627738283.jpg',0,NULL,NULL,NULL),
	(70,6479064,NULL,'http://p3.music.126.net/9eSduT6mmg3BOSmMI92OtA==/3315027565723451.jpg',0,NULL,NULL,NULL),
	(71,6479064,NULL,'http://p4.music.126.net/mCp-zq3RXn-kcOW_GlkRgg==/19140298416650316.jpg',0,NULL,NULL,NULL),
	(72,6286057,NULL,'http://p4.music.126.net/sw48PDr0xQ9pDYaWMBFK0Q==/18894007811789782.jpg',0,NULL,NULL,NULL),
	(73,6286057,NULL,'http://p3.music.126.net/ZbTM4rqityZXrVxSk6DjuA==/18932490718762783.jpg',0,NULL,NULL,NULL),
	(74,6286057,NULL,'http://p4.music.126.net/XtEGe__5uQtkOikDqkJ6iA==/18894007811789783.jpg',0,NULL,NULL,NULL),
	(75,6286057,NULL,'http://p4.music.126.net/FblV2FrYcAy2WrGx0HQcDw==/18932490718762784.jpg',0,NULL,NULL,NULL),
	(76,6286057,NULL,'http://p3.music.126.net/v9LFj-eTRzigMe4k4qagPg==/18932490718762785.jpg',0,NULL,NULL,NULL),
	(77,6286057,NULL,'http://p4.music.126.net/ofCCelV4o9FoI5aJC_oiMA==/18894007811789784.jpg',0,NULL,NULL,NULL),
	(78,6512066,NULL,'http://p3.music.126.net/9U3P2tSOdORzheuigzBF1Q==/109951162978711071.jpg',0,NULL,NULL,NULL),
	(79,6512066,NULL,'http://p3.music.126.net/kLIaVX0yzs_ULbXdpNggWw==/109951162978710614.jpg',0,NULL,NULL,NULL),
	(80,6512066,NULL,'http://p4.music.126.net/biothsI3hwiKggDBZ1TQ8A==/109951162978704777.jpg',0,NULL,NULL,NULL),
	(81,6512066,NULL,'http://p4.music.126.net/fDXct-oDvBKq6OpidUyYkw==/109951162978701446.jpg',0,NULL,NULL,NULL),
	(82,6512066,NULL,'http://p3.music.126.net/M2f0LEyxjep5eknulazGJw==/109951162978707214.jpg',0,NULL,NULL,NULL),
	(83,6512066,NULL,'http://p4.music.126.net/ofMmcStm5o66pps8y7-W3A==/109951162978702476.jpg',0,NULL,NULL,NULL),
	(84,6453053,NULL,'http://p3.music.126.net/OMhZ5XSGMfYGBKUhMosCBQ==/18588343581175346.jpg',0,NULL,NULL,NULL),
	(85,6453053,NULL,'http://p3.music.126.net/JcfTo56D9DnTSEUswMaYhA==/18598239185799375.jpg',0,NULL,NULL,NULL),
	(86,6453053,NULL,'http://p3.music.126.net/NJniIAw50p4K2W-QkA3-aQ==/18588343581175348.jpg',0,NULL,NULL,NULL),
	(87,6453053,NULL,'http://p4.music.126.net/AHOjiZsnOMvhH0OnQ98h3A==/18889609765426765.jpg',0,NULL,NULL,NULL),
	(88,6529071,NULL,'http://p3.music.126.net/0bSOycBysXFViicWN3B28Q==/109951162986578319.jpg',0,NULL,NULL,NULL),
	(89,6529071,NULL,'http://p3.music.126.net/1dKVqxW8pDg4yhoOUERpag==/109951162986582040.jpg',0,NULL,NULL,NULL),
	(90,6529071,NULL,'http://p4.music.126.net/g2EA_kZUbShhis6DKYtOBw==/109951162986585008.jpg',0,NULL,NULL,NULL),
	(91,6529071,NULL,'http://p4.music.126.net/VN3djHtFKH4rFDbvrpi4Fw==/109951162986578350.jpg',0,NULL,NULL,NULL),
	(92,6529071,NULL,'http://p4.music.126.net/1yjeAhat8_X6e3VJ4jMCtg==/109951162986584542.jpg',0,NULL,NULL,NULL),
	(93,6529071,NULL,'http://p3.music.126.net/F1rVZyi1TQTOL8BJ-J69LQ==/109951162986575937.jpg',0,NULL,NULL,NULL),
	(94,6529071,NULL,'http://p3.music.126.net/gFzOZ9d2PKhNF8HRYw389w==/109951162986583094.jpg',0,NULL,NULL,NULL),
	(95,6529071,NULL,'http://p4.music.126.net/Q9Q-2qPiHaTBNHYcwATY7A==/109951162986577991.jpg',0,NULL,NULL,NULL),
	(96,5965050,NULL,'http://p4.music.126.net/SRwQ0-15abucTB209badlA==/18553159208763266.jpg',0,NULL,NULL,NULL),
	(97,5965050,NULL,'http://p3.music.126.net/ZrzUj1aIti9PXzvHKDkNSw==/18754369836648382.jpg',0,NULL,NULL,NULL),
	(98,5965050,NULL,'http://p3.music.126.net/YQzVGH3ZfIrfKd3S18pzIA==/18665309394712663.jpg',0,NULL,NULL,NULL),
	(99,5965050,NULL,'http://p3.music.126.net/1e-wNRfoPa_Zi5U7k3Q12w==/18553159208763267.jpg',0,NULL,NULL,NULL),
	(100,5965050,NULL,'http://p4.music.126.net/37a-m2jhplrOgBHKK0pYow==/18579547487837599.jpg',0,NULL,NULL,NULL),
	(101,5965050,NULL,'http://p4.music.126.net/_zwhPrvPd1UOlXS8Uq8Fig==/18553159208763268.jpg',0,NULL,NULL,NULL),
	(102,6584063,NULL,'http://p3.music.126.net/h7PWa2ognzL5HgCFJ89xhA==/109951163018635925.jpg',0,NULL,NULL,NULL),
	(103,6584063,NULL,'http://p3.music.126.net/V0djm7EKhUNn_sPiDOKDsQ==/109951163018635428.jpg',0,NULL,NULL,NULL),
	(104,6584063,NULL,'http://p3.music.126.net/32Fu5VVMkDDPsosHStcvdQ==/109951163018635431.jpg',0,NULL,NULL,NULL),
	(105,6584063,NULL,'http://p3.music.126.net/bLICdodPnw2L-IUcqouZXA==/109951163018632964.jpg',0,NULL,NULL,NULL),
	(106,6584063,NULL,'http://p4.music.126.net/zi2TKxj4X1ypjyWNuY9UGw==/109951163018641581.jpg',0,NULL,NULL,NULL),
	(107,6584063,NULL,'http://p4.music.126.net/FHR_QKbGOcMSS9b1QqgNxg==/109951163018642548.jpg',0,NULL,NULL,NULL),
	(108,6584063,NULL,'http://p4.music.126.net/pZN-1oJlXT50KLbNKGY39A==/109951163018638263.jpg',0,NULL,NULL,NULL),
	(109,5853054,NULL,'http://p3.music.126.net/BJVuKw-_CgkO477YABv1yw==/18665309394712674.jpg',0,NULL,NULL,NULL),
	(110,5853054,NULL,'http://p3.music.126.net/RcLcvh9fNWUWN5kcLzy-vQ==/18729081069213928.jpg',0,NULL,NULL,NULL),
	(111,5853054,NULL,'http://p4.music.126.net/arnQV2rpGyiaUM6fPRYPxg==/18665309394712675.jpg',0,NULL,NULL,NULL),
	(112,5853054,NULL,'http://p4.music.126.net/DWJTb_14qhnzCp-pMY0n6Q==/18557557255274564.jpg',0,NULL,NULL,NULL),
	(113,5899050,NULL,'http://p4.music.126.net/XjmpfqlvlCqzA4E2UMi5ig==/18832435162220943.jpg',0,NULL,NULL,NULL),
	(114,5899050,NULL,'http://p3.music.126.net/hpVRJ2VzpKijvO97ZShJRQ==/18803847859902079.jpg',0,NULL,NULL,NULL),
	(115,5899050,NULL,'http://p4.music.126.net/pJyikU7LuI5a405lPfqEBA==/18731280092469651.jpg',0,NULL,NULL,NULL),
	(116,5899050,NULL,'http://p3.music.126.net/sALom09Dn-sIVx0oIKucbQ==/18665309394712653.jpg',0,NULL,NULL,NULL),
	(117,5899050,NULL,'http://p4.music.126.net/tip3Na-skWhQzH9jkz8FIw==/18578447976332039.jpg',0,NULL,NULL,NULL),
	(118,5899050,NULL,'http://p3.music.126.net/GMD702IBSlEhaGq0I2Zmsg==/18597139674002682.jpg',0,NULL,NULL,NULL),
	(119,6531056,NULL,'http://p4.music.126.net/DFWUyR_AO_MI7oP4p_04TQ==/109951162986284581.jpg',0,NULL,NULL,NULL),
	(120,6531056,NULL,'http://p4.music.126.net/SBwQk8o8S8kDg4ro2LtBLA==/109951162986281834.jpg',0,NULL,NULL,NULL),
	(121,6531056,NULL,'http://p4.music.126.net/nQqibUUO8NV65jRDnH2BEg==/109951162986281200.jpg',0,NULL,NULL,NULL),
	(122,6531056,NULL,'http://p4.music.126.net/isB2imAR-XNoomjh3Nv22A==/109951162986280377.jpg',0,NULL,NULL,NULL),
	(123,6531056,NULL,'http://p3.music.126.net/qdGfsGcD-sW0-hp7ImK0Dw==/109951162986284111.jpg',0,NULL,NULL,NULL),
	(124,6531056,NULL,'http://p3.music.126.net/TxaWslUYwADBgBkPtV-eYg==/109951162986287537.jpg',0,NULL,NULL,NULL),
	(125,6531056,NULL,'http://p3.music.126.net/TqtDwHxfD3NOm6Xrd74q6g==/109951162986280386.jpg',0,NULL,NULL,NULL),
	(126,6216050,NULL,'http://p3.music.126.net/6ez9bnkwWXt_CUeOfr2HBw==/19121606718700329.jpg',0,NULL,NULL,NULL),
	(127,6216050,NULL,'http://p3.music.126.net/qSVgiAePF8Prxh_Ro8AorQ==/18935789253602982.jpg',0,NULL,NULL,NULL),
	(128,6216050,NULL,'http://p4.music.126.net/OEf1pXi63SDqLvjojZV72w==/19112810625681109.jpg',0,NULL,NULL,NULL),
	(129,6216050,NULL,'http://p4.music.126.net/61vQpffozxzupan-iTY0Vw==/18797250790304056.jpg',0,NULL,NULL,NULL),
	(130,6216050,NULL,'http://p4.music.126.net/Bt7slRNWyuGjgsXCNRPvLw==/18896206835003937.jpg',0,NULL,NULL,NULL),
	(131,6216050,NULL,'http://p3.music.126.net/x3r_ZCpr3wMPSHNw526HaQ==/19011655555921518.jpg',0,NULL,NULL,NULL),
	(132,6216050,NULL,'http://p3.music.126.net/fUXqw8OKuBi8EiY5fR4Fcg==/18722483999626789.jpg',0,NULL,NULL,NULL),
	(133,6216050,NULL,'http://p3.music.126.net/l79r8f17YXEXIlFaS67fSQ==/19021551160569913.jpg',0,NULL,NULL,NULL),
	(134,6585060,NULL,'http://p3.music.126.net/Ejcvguuhx-93ZSFK3gdPlw==/109951163018730023.jpg',0,NULL,NULL,NULL),
	(135,6585060,NULL,'http://p3.music.126.net/JRoH70N8WH7SW7DQyNVYqQ==/109951163018722777.jpg',0,NULL,NULL,NULL),
	(136,6585060,NULL,'http://p4.music.126.net/5JZiFcPGzotZmllEJA6hKQ==/109951163018730031.jpg',0,NULL,NULL,NULL),
	(137,6585060,NULL,'http://p4.music.126.net/P3Li_B34lkaeao9kM8mthw==/109951163018722781.jpg',0,NULL,NULL,NULL),
	(138,6585060,NULL,'http://p4.music.126.net/mbvHw2fM0AEsP58AjQ0t9A==/109951163018726189.jpg',0,NULL,NULL,NULL),
	(139,6521051,NULL,'http://p4.music.126.net/J_4tYOOtX30HObH3soKKlA==/109951162982879763.jpg',0,NULL,NULL,NULL),
	(140,6521051,NULL,'http://p4.music.126.net/YJsewa-EMT9JvqHTHJFN2A==/109951162982885563.jpg',0,NULL,NULL,NULL),
	(141,6521051,NULL,'http://p3.music.126.net/S1s7KXwtB0MbJGAG1RB9vg==/109951162982882700.jpg',0,NULL,NULL,NULL),
	(142,6521051,NULL,'http://p4.music.126.net/2gdKs-Xd89dbPLPHooLAfQ==/109951162982876882.jpg',0,NULL,NULL,NULL),
	(143,6521051,NULL,'http://p3.music.126.net/TyXmu6V4ieC56ovKxBE0Jw==/109951162982885099.jpg',0,NULL,NULL,NULL),
	(144,6521051,NULL,'http://p4.music.126.net/xi6kZqscjKxEkenIFBGxSw==/109951162982884673.jpg',0,NULL,NULL,NULL),
	(145,6480086,NULL,'http://p4.music.126.net/drKuk541D-ku8Gdquct8wA==/18607035278848160.jpg',0,NULL,NULL,NULL),
	(146,6480086,NULL,'http://p3.music.126.net/KRsC_ofmxZ3__kDDX9K_Yw==/18910500486436186.jpg',0,NULL,NULL,NULL),
	(147,6480086,NULL,'http://p3.music.126.net/Zg6ub-l25bj_bj39Fq4WRw==/109951162971881076.jpg',0,NULL,NULL,NULL),
	(148,6480086,NULL,'http://p3.music.126.net/f5z7qhwpJu4Z93BuYW4Qlg==/109951162971872977.jpg',0,NULL,NULL,NULL),
	(149,6480086,NULL,'http://p4.music.126.net/w4DPgoB0-65Spo2l99L7Cg==/109951162971882517.jpg',0,NULL,NULL,NULL),
	(150,6480086,NULL,'http://p3.music.126.net/Qk3NOdPIXnptumZhcxV-Zg==/109951162971878343.jpg',0,NULL,NULL,NULL),
	(151,6601063,NULL,'http://p4.music.126.net/wolhWEHZbbKxjyVgOW8lxQ==/18589443092880494.jpg',0,NULL,NULL,NULL),
	(152,6601063,NULL,'http://p3.music.126.net/w_og5PF7A2n3c7HZ3R9MyA==/18903903416702907.jpg',0,NULL,NULL,NULL),
	(153,6601063,NULL,'http://p4.music.126.net/lxqaZI_vEHkbiBfvDrt19Q==/18903903416702908.jpg',0,NULL,NULL,NULL),
	(154,6601063,NULL,'http://p3.music.126.net/aZ2ZjEPQvpxaviOWPtNgAw==/18903903416702909.jpg',0,NULL,NULL,NULL),
	(155,6601063,NULL,'http://p4.music.126.net/waHqHFSFlCHe4bcYe2Xu-w==/18640020627779776.jpg',0,NULL,NULL,NULL),
	(156,6601063,NULL,'http://p3.music.126.net/HHRM3690TLabnrOi5B3y4w==/18640020627779777.jpg',0,NULL,NULL,NULL),
	(157,6601063,NULL,'http://p3.music.126.net/qZh53Nz4LLQQCS1ytCvapQ==/109951163019413215.jpg',0,NULL,NULL,NULL),
	(158,6598062,NULL,'http://p4.music.126.net/zAzxFQAEtCqSfpjaj6D1CQ==/18640020627779740.jpg',0,NULL,NULL,NULL),
	(159,6598062,NULL,'http://p3.music.126.net/me-rk9tN0CsaLzv_ixDugQ==/19043541393427347.jpg',0,NULL,NULL,NULL),
	(160,6598062,NULL,'http://p3.music.126.net/8G7fhWFTfieZa0-vPdTukg==/18736777650995332.jpg',0,NULL,NULL,NULL),
	(161,6598062,NULL,'http://p4.music.126.net/RrwCXx1SZ5HBZla8xkyvhw==/18903903416702884.jpg',0,NULL,NULL,NULL),
	(162,6598062,NULL,'http://p3.music.126.net/wzyOecMUoxAFfQQyKmXaDw==/19163388160857928.jpg',0,NULL,NULL,NULL),
	(163,6598062,NULL,'http://p3.music.126.net/wtZS5R3inNcNFEieVY3UXA==/19173283765508813.jpg',0,NULL,NULL,NULL),
	(164,6598062,NULL,'http://p4.music.126.net/ld-0kLd2AZucEAd8Q078_A==/19235955928294087.jpg',0,NULL,NULL,NULL),
	(165,6598068,NULL,'http://p3.music.126.net/WYnwrii0r780ZEN2gzZ0fQ==/18640020627779739.jpg',0,NULL,NULL,NULL),
	(166,6598068,NULL,'http://p3.music.126.net/xg1szMgmv2_kX4zx6nVoNg==/19043541393427343.jpg',0,NULL,NULL,NULL),
	(167,6598068,NULL,'http://p3.music.126.net/h7nnlf63BPZLrBPnaAVl4A==/18798350302133597.jpg',0,NULL,NULL,NULL),
	(168,6598068,NULL,'http://p4.music.126.net/BNzF56w_IIuLoh4Z5-7yeg==/18736777650995328.jpg',0,NULL,NULL,NULL),
	(169,6598068,NULL,'http://p3.music.126.net/eIvKXtSKEGe0f1qOaTvsAA==/18903903416702880.jpg',0,NULL,NULL,NULL),
	(170,6598068,NULL,'http://p4.music.126.net/PE0AnQY-Sgk6JrB1atxnlw==/109951163019879875.jpg',0,NULL,NULL,NULL),
	(171,6601072,NULL,'http://p4.music.126.net/Hwf9aGBHaLz3s96j5Up5YA==/18819241023090679.jpg',0,NULL,NULL,NULL),
	(172,6601072,NULL,'http://p3.music.126.net/SfIzFdATmpEun1dvDGljmg==/19217264230623040.jpg',0,NULL,NULL,NULL),
	(173,6601072,NULL,'http://p3.music.126.net/rOLMm7Nw2rI-lGPds03AjQ==/18640020627779771.jpg',0,NULL,NULL,NULL),
	(174,6601072,NULL,'http://p4.music.126.net/Evrn71RjPPgVBdVZudg2bQ==/109951163020216540.jpg',0,NULL,NULL,NULL),
	(175,6601072,NULL,'http://p3.music.126.net/N7Cd_mStcA32ry_XdWu3tw==/109951163020206945.jpg',0,NULL,NULL,NULL),
	(176,6601072,NULL,'http://p3.music.126.net/Fvv0j0YgQYi364wUgP4DmQ==/109951163020208390.jpg',0,NULL,NULL,NULL),
	(177,6601072,NULL,'http://p3.music.126.net/1JHSEMoyoGJCHXEFrXElQA==/18736777650995353.jpg',0,NULL,NULL,NULL),
	(178,6600066,NULL,'http://p4.music.126.net/XJPBFrbPKgkTNNiLm1M3uA==/19163388160857924.jpg',0,NULL,NULL,NULL),
	(179,6600066,NULL,'http://p4.music.126.net/GFfqBLHVzEwPuShixP0rEQ==/19173283765508809.jpg',0,NULL,NULL,NULL),
	(180,6600066,NULL,'http://p4.music.126.net/0rN7fAw9pZVreQBvqY48gQ==/18548761162627443.jpg',0,NULL,NULL,NULL),
	(181,6600066,NULL,'http://p4.music.126.net/2lqcnfuUI86aJmhh2sAjWw==/19138099393420479.jpg',0,NULL,NULL,NULL),
	(182,6600066,NULL,'http://p3.music.126.net/p11CVx7yW7JA6o68-3YL6w==/18864320998106353.jpg',0,NULL,NULL,NULL),
	(183,6600066,NULL,'http://p4.music.126.net/aZRlTFZ8OhFzKDG7ySzKhw==/18731280092847558.jpg',0,NULL,NULL,NULL),
	(184,6452052,NULL,'http://p4.music.126.net/8AzE5wrKMBvbjBBlU_tgDw==/18513576790470528.jpg',0,NULL,NULL,NULL),
	(185,6452052,NULL,'http://p4.music.126.net/TqhI6uxBylAHoTw4M4oBAA==/18714787418358481.jpg',0,NULL,NULL,NULL),
	(186,6452052,NULL,'http://p3.music.126.net/ypUQQqAUeFQeXUGIf18hXA==/18513576790470530.jpg',0,NULL,NULL,NULL),
	(187,6173054,NULL,'http://p3.music.126.net/PIhRVI5nMhNGkqXa2tb0Jg==/19116109160531357.jpg',0,NULL,NULL,NULL),
	(188,6173054,NULL,'http://p4.music.126.net/qW1JrUs4fUv9AkW00sx7aw==/19002859462869173.jpg',0,NULL,NULL,NULL),
	(189,6173054,NULL,'http://p4.music.126.net/a95S0Kn4LWks34CoFFQUeg==/19177681811686298.jpg',0,NULL,NULL,NULL),
	(190,6173054,NULL,'http://p4.music.126.net/RVqqlpr76yNdUWPTiV1u5A==/18936888765202749.jpg',0,NULL,NULL,NULL),
	(191,6173054,NULL,'http://p3.music.126.net/EwXUsZN2CdufSi2u1yBISw==/19216164718657509.jpg',0,NULL,NULL,NULL),
	(192,6173054,NULL,'http://p4.music.126.net/qaRkggW2w94MfZHm0Ki3FQ==/18720284976351928.jpg',0,NULL,NULL,NULL),
	(193,6173054,NULL,'http://p4.music.126.net/N7jPO9O_XkPFIqcKIuD7cg==/18526770929862558.jpg',0,NULL,NULL,NULL),
	(194,6173054,NULL,'http://p4.music.126.net/lbMuCR3ouNG892qeILWyPg==/19056735532653788.jpg',0,NULL,NULL,NULL),
	(195,5952052,NULL,'http://p3.music.126.net/MAqISVPRc5tYIdpyDWZMSQ==/18555358232018793.jpg',0,NULL,NULL,NULL),
	(196,5952052,NULL,'http://p3.music.126.net/A5Jx7CZYIn00_5L5cVhp2A==/18696095720388222.jpg',0,NULL,NULL,NULL),
	(197,5952052,NULL,'http://p3.music.126.net/1o0_tpD4mrvTB4o9C4xD1Q==/18716986441311809.jpg',0,NULL,NULL,NULL),
	(198,6484057,NULL,'http://p3.music.126.net/RvstGSDRBMJtBJv4JtIFWA==/19227159835239268.jpg',0,NULL,NULL,NULL),
	(199,6484057,NULL,'http://p3.music.126.net/mBFumnBC1FHpjtf7TThAaA==/18830236139322982.jpg',0,NULL,NULL,NULL),
	(200,6484057,NULL,'http://p3.music.126.net/Md7F-3ZJ-XWN9QZWWJZmJQ==/109951162969064962.jpg',0,NULL,NULL,NULL),
	(201,6451051,NULL,'http://p3.music.126.net/vp1x0hmpMrIAoMjjkyGMjw==/19054536509597040.jpg',0,NULL,NULL,NULL),
	(202,6451051,NULL,'http://p4.music.126.net/t_7OpIt09E71BK6aib69Xg==/18765364953234977.jpg',0,NULL,NULL,NULL),
	(203,6451051,NULL,'http://p4.music.126.net/GXeuOUnTpYdOpyDovkaVGw==/18870918067759012.jpg',0,NULL,NULL,NULL),
	(204,6451051,NULL,'http://p3.music.126.net/jY61DsmhTARZBo68EgLQuQ==/18725782534635717.jpg',0,NULL,NULL,NULL),
	(205,6451051,NULL,'http://p4.music.126.net/vyvv11eUSfBGUPWVjgTt_Q==/19000660439829730.jpg',0,NULL,NULL,NULL),
	(206,6451051,NULL,'http://p4.music.126.net/uIbOQcPGEl4PgWjvt_gHUw==/18598239185799374.jpg',0,NULL,NULL,NULL),
	(207,6484060,NULL,'http://p4.music.126.net/M3Q8DhAnfHANcbl1wn2-Eg==/18498183627738282.jpg',0,NULL,NULL,NULL),
	(208,6484060,NULL,'http://p4.music.126.net/fr7Sr9Gc_lOnk9I6vWQsPA==/3315027565723450.jpg',0,NULL,NULL,NULL),
	(209,6484060,NULL,'http://p3.music.126.net/3aoVTl1gJEE9O-_oaMFaFQ==/109951162969107189.jpg',0,NULL,NULL,NULL),
	(210,6484060,NULL,'http://p3.music.126.net/xGr5eVrLoXiYlZxtecq0AQ==/109951162969105822.jpg',0,NULL,NULL,NULL),
	(211,6543062,NULL,'http://p4.music.126.net/rFh1506l-d89hAKHoknM_A==/109951162995532798.jpg',0,NULL,NULL,NULL),
	(212,6543062,NULL,'http://p3.music.126.net/ZM6rWs3J40LGEVxU_9fHmw==/109951162995533245.jpg',0,NULL,NULL,NULL),
	(213,6543062,NULL,'http://p3.music.126.net/SpT5M4CrlZ72BFl38OsNjA==/109951162995529920.jpg',0,NULL,NULL,NULL),
	(214,6543062,NULL,'http://p3.music.126.net/4ADKFTscP__AfU6aTNh8Xg==/109951162995530852.jpg',0,NULL,NULL,NULL),
	(215,6543062,NULL,'http://p4.music.126.net/AKQQ4TqC2fsX9xjp9vnmcA==/109951162995532351.jpg',0,NULL,NULL,NULL),
	(216,6543062,NULL,'http://p3.music.126.net/QVDJ8ANdcnkMQna0p3MDew==/109951162995531910.jpg',0,NULL,NULL,NULL),
	(217,6543062,NULL,'http://p3.music.126.net/ijqsJyuTTD7n5jieb-JOeA==/109951162995536202.jpg',0,NULL,NULL,NULL),
	(218,6543062,NULL,'http://p4.music.126.net/ocepLSkoJk5iGaSaxdmFpg==/109951162995532366.jpg',0,NULL,NULL,NULL),
	(219,6455051,NULL,'http://p4.music.126.net/raTZHF0Yre8N7HpODeAjDg==/109951162967732508.jpg',0,NULL,NULL,NULL),
	(220,6455051,NULL,'http://p4.music.126.net/KNzc74rjKzDq6Wy5CvdxpQ==/109951162967723451.jpg',0,NULL,NULL,NULL),
	(221,6455051,NULL,'http://p3.music.126.net/VPL6t2zoZSyuPK5wZ5vx8Q==/109951162967723459.jpg',0,NULL,NULL,NULL),
	(222,6455051,NULL,'http://p4.music.126.net/ZC2MK62iUWjXf1CM2qCpvw==/109951162967732179.jpg',0,NULL,NULL,NULL),
	(223,6531098,NULL,'http://p4.music.126.net/-5rE_DRBIgim2CkDE27FQA==/18548761162627442.jpg',0,NULL,NULL,NULL),
	(224,6531098,NULL,'http://p3.music.126.net/zYsxDVeNCuVs6LOvPIhY-A==/19234856416666304.jpg',0,NULL,NULL,NULL),
	(225,6531098,NULL,'http://p3.music.126.net/Y9DtDzZ6ZNNL5AYELwtUoQ==/19138099393420478.jpg',0,NULL,NULL,NULL),
	(226,6531098,NULL,'http://p4.music.126.net/n3eDstS3dEw05WeXmE4Z9w==/18493785581243380.jpg',0,NULL,NULL,NULL),
	(227,6531098,NULL,'http://p3.music.126.net/aoKLlRBEcZtzETrkOAxqnQ==/18653214767235651.jpg',0,NULL,NULL,NULL),
	(228,6488079,NULL,'http://p3.music.126.net/aVAnDIdaePxduauweM4wZw==/19124905253840496.jpg',0,NULL,NULL,NULL),
	(229,6488079,NULL,'http://p4.music.126.net/bw3wSko7y2K6Mk7CvO0-6Q==/18516875325402817.jpg',0,NULL,NULL,NULL),
	(230,6488079,NULL,'http://p4.music.126.net/45w8n5QtNZSz_KvZ6iFrQw==/19201871067797516.jpg',0,NULL,NULL,NULL),
	(231,6488079,NULL,'http://p3.music.126.net/-1RFGbIWxz725Jd09-jjfQ==/109951162973792579.jpg',0,NULL,NULL,NULL),
	(232,6454054,NULL,'http://p4.music.126.net/sbKE2-CR67YHtwX3c-xq1w==/109951162967673160.jpg',0,NULL,NULL,NULL),
	(233,6454054,NULL,'http://p3.music.126.net/BrhT_kFiv-m4VogmlzJJug==/109951162967668389.jpg',0,NULL,NULL,NULL),
	(234,6454054,NULL,'http://p4.music.126.net/bZ4iyOtMr4bTZq6rBd3afQ==/109951162967671292.jpg',0,NULL,NULL,NULL),
	(235,6454054,NULL,'http://p4.music.126.net/rOfSOxDnG_rjO3z-u3subA==/109951162967667931.jpg',0,NULL,NULL,NULL),
	(236,6454054,NULL,'http://p3.music.126.net/kOapWt2MQ80FuLaVxNC3zQ==/109951162967666494.jpg',0,NULL,NULL,NULL),
	(237,5972054,NULL,'http://p4.music.126.net/rI-DGZpFULuT2I3NNANZGQ==/18832435162220949.jpg',0,NULL,NULL,NULL),
	(238,5972054,NULL,'http://p3.music.126.net/LHBtiOCdhA3gz4xmPb8QNQ==/18505880208772678.jpg',0,NULL,NULL,NULL),
	(239,5972054,NULL,'http://p4.music.126.net/aURu2gh27F280LjoO2O5XA==/18519074348303140.jpg',0,NULL,NULL,NULL),
	(240,6483074,NULL,'http://p3.music.126.net/4jsEhPMMwWfOoANxkXk3EQ==/109951162969431859.jpg',0,NULL,NULL,NULL),
	(241,6483074,NULL,'http://p4.music.126.net/iBttE69dU1CspFN8JYmrMA==/109951162969433266.jpg',0,NULL,NULL,NULL),
	(242,6483074,NULL,'http://p3.music.126.net/y8L7I88K4rByXm8KGmpYKg==/109951162969437505.jpg',0,NULL,NULL,NULL),
	(243,6483074,NULL,'http://p3.music.126.net/IcUgQs0_IDY0-7TPhp7Bfw==/109951162969431382.jpg',0,NULL,NULL,NULL),
	(244,6483074,NULL,'http://p3.music.126.net/B9FkT6iY0U-XfMsrWNesbg==/109951162969437023.jpg',0,NULL,NULL,NULL),
	(245,6540065,NULL,'http://p4.music.126.net/iOtMBXZGYFAvnb8e_gr5wQ==/109951162995534480.jpg',0,NULL,NULL,NULL),
	(246,6540065,NULL,'http://p3.music.126.net/9462T77oSRRFl026PZMJqw==/109951162995533476.jpg',0,NULL,NULL,NULL),
	(247,6540065,NULL,'http://p3.music.126.net/xd3_BuzTlj-mfyM1VfU2Og==/109951162995538721.jpg',0,NULL,NULL,NULL),
	(248,6540065,NULL,'http://p4.music.126.net/4I8wSxQfVr6H-97Ddc2anQ==/109951162995539198.jpg',0,NULL,NULL,NULL),
	(249,6540065,NULL,'http://p4.music.126.net/MbelG8YEjj6m5IQdKyT0ig==/109951162995542034.jpg',0,NULL,NULL,NULL),
	(250,6492050,NULL,'http://p3.music.126.net/adExSUXK4jLICRfgPP4r8Q==/18771962023049310.jpg',0,NULL,NULL,NULL),
	(251,6492050,NULL,'http://p3.music.126.net/7GlJIOZ3at86fNIDlXO4Bw==/18527870441687789.jpg',0,NULL,NULL,NULL),
	(252,6492050,NULL,'http://p3.music.126.net/cOHJAOOaA9pb5-o-i_p7aQ==/19142497439895724.jpg',0,NULL,NULL,NULL),
	(253,6452054,NULL,'http://p4.music.126.net/afKq8tG2h1Qiq7Z8g2WdQw==/109951162967630811.jpg',0,NULL,NULL,NULL),
	(254,6452054,NULL,'http://p4.music.126.net/wFG856sfLxAmQ-a-0uKmAw==/109951162967635615.jpg',0,NULL,NULL,NULL),
	(255,6452054,NULL,'http://p3.music.126.net/8DJ8O7-HcYyiQ2Yb775Lfw==/109951162967630823.jpg',0,NULL,NULL,NULL),
	(256,6452054,NULL,'http://p3.music.126.net/ci3nfp7lyXoMCtg4ZpUL_g==/109951162967629897.jpg',0,NULL,NULL,NULL),
	(257,6452054,NULL,'http://p4.music.126.net/_CumW2Wd5zVaROAAPwu18g==/109951162967632376.jpg',0,NULL,NULL,NULL),
	(258,6491051,NULL,'http://p3.music.126.net/OgK-NEZtR0kx04CGx3ECKQ==/18558656767255219.jpg',0,NULL,NULL,NULL),
	(259,6491051,NULL,'http://p3.music.126.net/hwAvyt3ycZ9h-LrmUskxYA==/18913799021320203.jpg',0,NULL,NULL,NULL),
	(260,6491051,NULL,'http://p3.music.126.net/6XU9V75Wc1pI3Tak1YvyKg==/18616930883538634.jpg',0,NULL,NULL,NULL),
	(261,6529060,NULL,'http://p4.music.126.net/bRGzpTInkypMDi5CuMlLmg==/109951162986321748.jpg',0,NULL,NULL,NULL),
	(262,6529060,NULL,'http://p3.music.126.net/ygVy_-WNfWpKxbsmbHCiYg==/109951162986315867.jpg',0,NULL,NULL,NULL),
	(263,6529060,NULL,'http://p3.music.126.net/fnHdBquove9XKvSHXLhInw==/109951162986317396.jpg',0,NULL,NULL,NULL),
	(264,6529060,NULL,'http://p3.music.126.net/2LZ5eveF85FxRdqO4iiDXw==/109951162986316937.jpg',0,NULL,NULL,NULL),
	(265,6529060,NULL,'http://p4.music.126.net/OZZZNrqpK3nll81Vjedi5w==/109951162986318853.jpg',0,NULL,NULL,NULL),
	(266,6529060,NULL,'http://p4.music.126.net/l9bmb0G8pjKV8a1O5hNn2Q==/109951162986325014.jpg',0,NULL,NULL,NULL),
	(267,6529060,NULL,'http://p4.music.126.net/Urmkqmr8ne3CiXYzFRh5Ew==/109951162986323167.jpg',0,NULL,NULL,NULL),
	(268,6506128,NULL,'http://p4.music.126.net/28mu7AwyJ8eGsupFelK7cw==/109951162985609217.jpg',0,NULL,NULL,NULL),
	(269,6506128,NULL,'http://p3.music.126.net/mFurVjH58_eeDuGpXYeMTA==/109951162985601479.jpg',0,NULL,NULL,NULL),
	(270,6506128,NULL,'http://p4.music.126.net/Nz0V7ta9jpKVRK4blF6KqA==/109951162985611054.jpg',0,NULL,NULL,NULL),
	(271,6506128,NULL,'http://p4.music.126.net/ON80i84fhsFTnXN3Adk6xw==/109951162985606476.jpg',0,NULL,NULL,NULL),
	(272,6506128,NULL,'http://p4.music.126.net/2qoSOif8gAkIMScuqbePFg==/109951162985605426.jpg',0,NULL,NULL,NULL),
	(273,6488068,NULL,'http://p4.music.126.net/ZRNThcAS4RC-AKw0g9ItJA==/19020451649211487.jpg',0,NULL,NULL,NULL),
	(274,6488068,NULL,'http://p4.music.126.net/Tdpdg8tI6RM10gcBXYh5fw==/18910500486436188.jpg',0,NULL,NULL,NULL),
	(275,6488068,NULL,'http://p4.music.126.net/eiuDZm6Rdt7qlTlWJcDvTQ==/109951162973071457.jpg',0,NULL,NULL,NULL),
	(276,6488068,NULL,'http://p4.music.126.net/-VsJHdnHUGriWuFOMVDH3A==/109951162973077629.jpg',0,NULL,NULL,NULL),
	(277,6268051,NULL,'http://p3.music.126.net/rwP8331CbajPewvlMCnQYQ==/18655413790367456.jpg',0,NULL,NULL,NULL),
	(278,6268051,NULL,'http://p3.music.126.net/onxdQQmaXsN1aRgqjWfcGA==/19062233090831029.jpg',0,NULL,NULL,NULL),
	(279,6268051,NULL,'http://p3.music.126.net/j7WeqZHJniS-83glCvWMTA==/18933590230382135.jpg',0,NULL,NULL,NULL),
	(280,6268051,NULL,'http://p3.music.126.net/ixF4UIcR49AOuUvLBR4DWw==/18918197067593174.jpg',0,NULL,NULL,NULL),
	(281,6268051,NULL,'http://p4.music.126.net/lcBEnbbhhg98dNWcgdkJJw==/18711488883355433.jpg',0,NULL,NULL,NULL),
	(282,6268051,NULL,'http://p3.music.126.net/sO0uvEvTuXesyOdV5SBrCA==/18959978509453164.jpg',0,NULL,NULL,NULL),
	(283,6268051,NULL,'http://p3.music.126.net/SwbVwGOEPwc3_LgHKFfB5w==/19113910137342800.jpg',0,NULL,NULL,NULL),
	(284,6268051,NULL,'http://p4.music.126.net/5LRggxQic56kNWWmKP6ZfA==/19023750183861359.jpg',0,NULL,NULL,NULL),
	(285,6480097,NULL,'http://p3.music.126.net/xFptx0Fl_JmpTwg5B_e6NQ==/18607035278848162.jpg',0,NULL,NULL,NULL),
	(286,6480097,NULL,'http://p3.music.126.net/WbsCklUI11q78UpV6PQtpg==/19196373509656946.jpg',0,NULL,NULL,NULL),
	(287,6480097,NULL,'http://p4.music.126.net/ibg4exmimnhmfQbDxQVKLw==/109951162973081018.jpg',0,NULL,NULL,NULL),
	(288,6480097,NULL,'http://p3.music.126.net/U01HGLD7t-qNXPmGTpdJCg==/109951162973082009.jpg',0,NULL,NULL,NULL),
	(289,6480097,NULL,'http://p3.music.126.net/r1jMH6tWlSSqifcK5qhF3A==/109951162973074867.jpg',0,NULL,NULL,NULL),
	(290,6480097,NULL,'http://p3.music.126.net/qAV_yR7T-LufGXA_oXtr_Q==/109951162973074331.jpg',0,NULL,NULL,NULL),
	(291,6480097,NULL,'http://p3.music.126.net/F0VvRVVFe5hUnS6G0yVamQ==/109951162973077697.jpg',0,NULL,NULL,NULL),
	(292,6480097,NULL,'http://p4.music.126.net/VYT0j4sEVOEhGVzLQ5-oOA==/109951162973075763.jpg',0,NULL,NULL,NULL),
	(293,5957053,NULL,'http://p3.music.126.net/pe1r_hAubCUFtP7YYsc28w==/18823639069198520.jpg',0,NULL,NULL,NULL),
	(294,5957053,NULL,'http://p4.music.126.net/I0aWlCJ2ha1pmu4tSIoEJw==/18803847859902088.jpg',0,NULL,NULL,NULL),
	(295,5957053,NULL,'http://p3.music.126.net/nVaZe-N3YTIoXCKD6KfyGA==/18553159208763261.jpg',0,NULL,NULL,NULL),
	(296,5957053,NULL,'http://p4.music.126.net/t_TESQC3PDzugDIfZVG-vQ==/18665309394712662.jpg',0,NULL,NULL,NULL),
	(297,5957053,NULL,'http://p3.music.126.net/xl37AkTQnUiqZjf1IwX4_g==/18535567022885814.jpg',0,NULL,NULL,NULL),
	(298,5957053,NULL,'http://p3.music.126.net/ch7rkWLwAKTsGM_p6YXsDw==/18779658604238470.jpg',0,NULL,NULL,NULL),
	(299,6487074,NULL,'http://p4.music.126.net/vMhA00r9SHcp4u8mqCuCzw==/19163388160822458.jpg',0,NULL,NULL,NULL),
	(300,6487074,NULL,'http://p3.music.126.net/nS97064wceaUbVJZaSjBAA==/109951162973338064.jpg',0,NULL,NULL,NULL),
	(301,6487074,NULL,'http://p3.music.126.net/oLynoCYgYjdwpppG2T4bRQ==/109951162973336602.jpg',0,NULL,NULL,NULL),
	(302,6487074,NULL,'http://p4.music.126.net/JOrbGTp_m4Z6MtyvmQn0Cw==/109951162973328919.jpg',0,NULL,NULL,NULL),
	(303,6487074,NULL,'http://p3.music.126.net/aCMdIGhih7tdpnmKmrJmuA==/109951162973332338.jpg',0,NULL,NULL,NULL),
	(304,5981065,NULL,'http://p4.music.126.net/ga1GgZFBSjZIFOZy1R-b_w==/1424967086442902.jpg',0,NULL,NULL,NULL),
	(305,5981065,NULL,'http://p4.music.126.net/V73Ce1ChOSa8j3rUZBj5sw==/3427177780003398.jpg',0,NULL,NULL,NULL),
	(306,5981065,NULL,'http://p4.music.126.net/P6HljKSpnkr_hfY6KeO3dQ==/3250156395228864.jpg',0,NULL,NULL,NULL),
	(307,5981065,NULL,'http://p3.music.126.net/YE3tOLsx3_XhPSIMhXBvfg==/18742275207914554.jpg',0,NULL,NULL,NULL),
	(308,5981065,NULL,'http://p3.music.126.net/A51a_VxgLYHL8pi1qzgPZw==/3394192432405567.jpg',0,NULL,NULL,NULL),
	(309,5981065,NULL,'http://p4.music.126.net/5has-e3wjRzEGj66cYDNLA==/18526770929814622.jpg',0,NULL,NULL,NULL),
	(310,6492052,NULL,'http://p3.music.126.net/zCisaCOHVphjLnYhiGPu4Q==/19163388160822457.jpg',0,NULL,NULL,NULL),
	(311,6492052,NULL,'http://p4.music.126.net/Np_s-NMuDKHfeg_pj7t5Qg==/18985267277127696.jpg',0,NULL,NULL,NULL),
	(312,6492052,NULL,'http://p4.music.126.net/dPe41bMya-qP7WisN1sDNQ==/19196373509656945.jpg',0,NULL,NULL,NULL),
	(313,6492052,NULL,'http://p3.music.126.net/1bvv44bVHQSKNx4J-gQPYw==/18808245906764058.jpg',0,NULL,NULL,NULL),
	(314,6538071,NULL,'http://p4.music.126.net/J1CGOOBZGdhFcrkCjf0fHg==/109951162995562544.jpg',0,NULL,NULL,NULL),
	(315,6538071,NULL,'http://p3.music.126.net/dWWbQgaykCsjeH3O17dU7w==/109951162995558839.jpg',0,NULL,NULL,NULL),
	(316,6538071,NULL,'http://p4.music.126.net/tDMgMapoT3jJ2BG6YRlRRA==/109951162995561651.jpg',0,NULL,NULL,NULL),
	(317,6538071,NULL,'http://p3.music.126.net/bbxCMmZtzEahiDAtkNu5lw==/109951162995556906.jpg',0,NULL,NULL,NULL),
	(318,6538071,NULL,'http://p4.music.126.net/1nhV13omh3nUDvctk-AT3A==/109951162995556409.jpg',0,NULL,NULL,NULL),
	(319,6538071,NULL,'http://p3.music.126.net/Ck-BEjHfJf-nh-yabPpu7A==/109951162995561156.jpg',0,NULL,NULL,NULL),
	(320,6538071,NULL,'http://p3.music.126.net/ufAh-9BeeCXX0xEjgDaptA==/109951162995558861.jpg',0,NULL,NULL,NULL),
	(321,6538071,NULL,'http://p4.music.126.net/PhATwpuSfQBi2LUxjkR0Ww==/109951162995558336.jpg',0,NULL,NULL,NULL),
	(322,6211051,NULL,'http://p4.music.126.net/2VkA77b255w8XLyPKYdyXA==/19043541393118062.jpg',0,NULL,NULL,NULL),
	(323,6211051,NULL,'http://p4.music.126.net/LUlO19rrz588SdzeLFRhYQ==/18961078021037249.jpg',0,NULL,NULL,NULL),
	(324,6211051,NULL,'http://p4.music.126.net/i1m7zz1bbCFuozP1zZ0r-w==/19043541393118063.jpg',0,NULL,NULL,NULL),
	(325,6088055,NULL,'http://p4.music.126.net/aUhcye5eIw8qFRm65FYdrw==/18659811836725790.jpg',0,NULL,NULL,NULL),
	(326,6088055,NULL,'http://p4.music.126.net/ObKIST_w1GDphp3r8Y6mDw==/18659811836725791.jpg',0,NULL,NULL,NULL),
	(327,5934050,NULL,'http://p3.music.126.net/Al7QC6tT69EfsXZlsVy2ew==/3441471404894705.jpg',0,NULL,NULL,NULL),
	(328,5934050,NULL,'http://p4.music.126.net/NUZH49sm-XJI9-HkToslBA==/3420580728439848.jpg',0,NULL,NULL,NULL),
	(329,5934050,NULL,'http://p4.music.126.net/InOST1dxvREk_ctRjwPktw==/2946691216532042.jpg',0,NULL,NULL,NULL),
	(330,5934050,NULL,'http://p3.music.126.net/lohqY-SnrNhco-MNDRTyjg==/18906102439640549.jpg',0,NULL,NULL,NULL),
	(331,6176051,NULL,'http://p4.music.126.net/mrOBIQZS4AqmxE8K4EMwjg==/19002859462869190.jpg',0,NULL,NULL,NULL),
	(332,6176051,NULL,'http://p3.music.126.net/gKAYtusW9AeUf1Un8FEIzA==/19178781323314101.jpg',0,NULL,NULL,NULL),
	(333,6176051,NULL,'http://p4.music.126.net/yn4MZXMoBuKBRrjyPbksgQ==/18936888765202766.jpg',0,NULL,NULL,NULL),
	(334,6176051,NULL,'http://p4.music.126.net/wGZjoa0TJdhx2UVvVuNBJA==/18881913183814282.jpg',0,NULL,NULL,NULL),
	(335,6176051,NULL,'http://p3.music.126.net/zU83rJOdlC5wvtJ14xovBQ==/18720284976351945.jpg',0,NULL,NULL,NULL),
	(336,6176051,NULL,'http://p4.music.126.net/FnoGiM-o0d9OEgVhBFuC5Q==/18651015743814224.jpg',0,NULL,NULL,NULL),
	(337,6034050,NULL,'http://p4.music.126.net/YcGmDT_XYstk9ZyMfqmSow==/18696095720388225.jpg',0,NULL,NULL,NULL),
	(338,6034050,NULL,'http://p4.music.126.net/Zl6OPWfFYxFR1gwnrGfNaA==/18729081069213905.jpg',0,NULL,NULL,NULL),
	(339,6034050,NULL,'http://p3.music.126.net/6FH0lhiqrMDh_KbZk4ResA==/18553159208763246.jpg',0,NULL,NULL,NULL),
	(340,6034050,NULL,'http://p4.music.126.net/BXQ9346qG8nOCEZYbtNtHw==/18832435162220939.jpg',0,NULL,NULL,NULL),
	(341,6065063,NULL,'http://p3.music.126.net/ZA0hnOf3jCI38oXGyw3qdw==/18765364952910110.jpg',0,NULL,NULL,NULL),
	(342,6065063,NULL,'http://p4.music.126.net/n3CBtmP4UyirkR0jkPoCmA==/18590542604097234.jpg',0,NULL,NULL,NULL),
	(343,6065063,NULL,'http://p4.music.126.net/sXJNIv9USLBCqiCXXMd9Cw==/18565253836647076.jpg',0,NULL,NULL,NULL),
	(344,6065063,NULL,'http://p3.music.126.net/JdCxk87ZGnZI2wn6nLw89Q==/18797250790107973.jpg',0,NULL,NULL,NULL),
	(345,6065063,NULL,'http://p4.music.126.net/HaXapTqDs23ihUnAYMkHJw==/18795051766853111.jpg',0,NULL,NULL,NULL),
	(346,6065063,NULL,'http://p4.music.126.net/NaUJWO6oJs5EkxVtOgMA0A==/18667508418027333.jpg',0,NULL,NULL,NULL),
	(347,6065063,NULL,'http://p3.music.126.net/tKxaePp2EXnkPwOweM7QBw==/18570751394973760.jpg',0,NULL,NULL,NULL),
	(348,6065063,NULL,'http://p4.music.126.net/QjpvUM4zgjJPGllIK-bDqA==/19023750183797747.jpg',0,NULL,NULL,NULL),
	(349,6156053,NULL,'http://p4.music.126.net/C71z244yXxQ5run8gM-vzA==/19180980346562610.jpg',0,NULL,NULL,NULL),
	(350,6156053,NULL,'http://p4.music.126.net/3crnZaMa2-cCBlrXLu23vg==/19180980346562611.jpg',0,NULL,NULL,NULL),
	(351,6156053,NULL,'http://p3.music.126.net/LQdboY4XrNjN5BgATdp1mw==/19228259346556023.jpg',0,NULL,NULL,NULL),
	(352,6156053,NULL,'http://p4.music.126.net/N09Y8bj8iQ08Gt8Vao-pYQ==/19180980346562612.jpg',0,NULL,NULL,NULL),
	(353,6156053,NULL,'http://p3.music.126.net/vByy41jFNPHJ1qtltm305g==/19036944323323350.jpg',0,NULL,NULL,NULL),
	(354,6178051,NULL,'http://p3.music.126.net/GtY3a1ZPEQc8Db9gKkZ0gQ==/18511377767072088.jpg',0,NULL,NULL,NULL),
	(355,6178051,NULL,'http://p4.music.126.net/jixyAmx13xFuPEv1-QKohQ==/18776360069362575.jpg',0,NULL,NULL,NULL),
	(356,6178051,NULL,'http://p4.music.126.net/-zOKUq3Ts5Ui015QU2PjbA==/18913799021021555.jpg',0,NULL,NULL,NULL),
	(357,6178051,NULL,'http://p4.music.126.net/c4CPZaV1FQ16Sbx2jHm3Vg==/19023750183797726.jpg',0,NULL,NULL,NULL),
	(358,6178051,NULL,'http://p4.music.126.net/LeE735xPq9054ansqc5-fw==/18734578627510239.jpg',0,NULL,NULL,NULL),
	(359,6178051,NULL,'http://p3.music.126.net/SgTvBVIH1WOdqZ8Cxxm3Yw==/19145795974481742.jpg',0,NULL,NULL,NULL),
	(360,6172053,NULL,'http://p4.music.126.net/MXrmzqDIa634zrulxEMMGw==/19243652509352664.jpg',0,NULL,NULL,NULL),
	(361,6172053,NULL,'http://p4.music.126.net/pbTM2kjzWrLY3jYYsLBANQ==/18553159208920469.jpg',0,NULL,NULL,NULL),
	(362,6172053,NULL,'http://p4.music.126.net/Ex18W_b2axWsfSWqOtma7Q==/19176582300058529.jpg',0,NULL,NULL,NULL),
	(363,6172053,NULL,'http://p3.music.126.net/ljLmn0n72Ey5OeZVyYB_3Q==/18553159208920470.jpg',0,NULL,NULL,NULL),
	(364,6172053,NULL,'http://p4.music.126.net/BG3-njdJVzZK_nhRgN6xEg==/18579547487994718.jpg',0,NULL,NULL,NULL),
	(365,6172053,NULL,'http://p4.music.126.net/aio5QQdJwls53FbIcCPbfw==/18553159208920471.jpg',0,NULL,NULL,NULL),
	(366,5912050,NULL,'http://p3.music.126.net/cYdjXrMLmwutPMFEsUq7yQ==/18744474232167416.jpg',0,NULL,NULL,NULL),
	(367,5912050,NULL,'http://p4.music.126.net/EJoXY-ZwO-XLl0lUbNi04w==/19060034067513425.jpg',0,NULL,NULL,NULL),
	(368,6045052,NULL,'http://p4.music.126.net/kj93Mqjfe6JNxTKjD8LnOA==/3310629519183095.jpg',0,NULL,NULL,NULL),
	(369,6045052,NULL,'http://p4.music.126.net/8ljUP506kwwzwR8qk9G26w==/18555358232018794.jpg',0,NULL,NULL,NULL),
	(370,6045052,NULL,'http://p4.music.126.net/zK3pJ5DefB11x1wClhpL_g==/18716986441311810.jpg',0,NULL,NULL,NULL),
	(371,6045052,NULL,'http://p4.music.126.net/_oup6Hd-m0PB6GqA0PPeXg==/18696095720388223.jpg',0,NULL,NULL,NULL),
	(372,6045052,NULL,'http://p3.music.126.net/nkDwYGh6c-mdr8LQzp2MGA==/18574049929818498.jpg',0,NULL,NULL,NULL),
	(373,6045052,NULL,'http://p3.music.126.net/a1GE6M9HFx_aeRWUAZOH4A==/18814842976310410.jpg',0,NULL,NULL,NULL),
	(374,6045052,NULL,'http://p4.music.126.net/0aR09QqBe1rNdS4m-Uq_pA==/19029247741958757.jpg',0,NULL,NULL,NULL),
	(375,6075053,NULL,'http://p3.music.126.net/omz7H1KfRRAGF9rTEffYxg==/18797250790267362.jpg',0,NULL,NULL,NULL),
	(376,6075053,NULL,'http://p4.music.126.net/CNJwcTjZsp1fxqn23QP3UQ==/18576248953090161.jpg',0,NULL,NULL,NULL),
	(377,6075053,NULL,'http://p4.music.126.net/mTB0iVq64kkpgrPsCc3f4g==/18682901580975514.jpg',0,NULL,NULL,NULL),
	(378,6075053,NULL,'http://p4.music.126.net/3yxtDsBvS5CTNfvYFTgHgQ==/18576248953090162.jpg',0,NULL,NULL,NULL),
	(379,6075053,NULL,'http://p3.music.126.net/6kBAYEiDtZzsvjS70ghCQg==/18549860674017021.jpg',0,NULL,NULL,NULL),
	(380,5994056,NULL,'http://p3.music.126.net/Agnmx1h7axyRV_qq01NUmQ==/18803847859902086.jpg',0,NULL,NULL,NULL),
	(381,5994056,NULL,'http://p4.music.126.net/HyhZiz43VL_Is5mzTRZ-mw==/18831335650783009.jpg',0,NULL,NULL,NULL),
	(382,5994056,NULL,'http://p4.music.126.net/ul_7haK8jpxpE0gXaYlpbg==/18760966906612045.jpg',0,NULL,NULL,NULL),
	(383,5994056,NULL,'http://p3.music.126.net/hVGFJIX8hbJ2ChT3S7qYDQ==/19239254462890909.jpg',0,NULL,NULL,NULL),
	(384,5994056,NULL,'http://p3.music.126.net/THPwLWpvOsFcBtfCsT0X_w==/19195273997780466.jpg',0,NULL,NULL,NULL),
	(385,5994056,NULL,'http://p4.music.126.net/LXSpLnJZWISavk_6Ndyc-w==/18758767883356544.jpg',0,NULL,NULL,NULL),
	(386,5994056,NULL,'http://p4.music.126.net/HxmZ4a3avXZUhcxLMiN1Mw==/18950082904773320.jpg',0,NULL,NULL,NULL),
	(387,5994056,NULL,'http://p3.music.126.net/qh77QFAbKiB7MweR76xKVg==/18637821604302385.jpg',0,NULL,NULL,NULL),
	(388,6159050,NULL,'http://p3.music.126.net/QSxKSlAm0GFi_EGxPm32Zw==/18680702557724382.jpg',0,NULL,NULL,NULL),
	(389,6159050,NULL,'http://p4.music.126.net/xegbAbGU2NZ04dIa4WyEpA==/18680702557724380.jpg',0,NULL,NULL,NULL),
	(390,6159050,NULL,'http://p4.music.126.net/W1rST87IlZBzworGbr1Qug==/18680702557724381.jpg',0,NULL,NULL,NULL),
	(391,6159050,NULL,'http://p4.music.126.net/hCTvPqk2uLh-HwmHN0aSqQ==/18680702557724384.jpg',0,NULL,NULL,NULL),
	(392,6159050,NULL,'http://p3.music.126.net/f8v5DXYiYyV4tkCc_5YtkQ==/18525671418214311.jpg',0,NULL,NULL,NULL),
	(393,6159050,NULL,'http://p3.music.126.net/S84ikRLX60CKZEqGoQSXYQ==/18768663487959707.jpg',0,NULL,NULL,NULL),
	(394,6159050,NULL,'http://p3.music.126.net/jF3L_dOJ3CKzuTFL1pjHiA==/18612532836807178.jpg',0,NULL,NULL,NULL),
	(395,6215051,NULL,'http://p4.music.126.net/LjLGdZ6-xvLkTpPPLzn-VQ==/18561955301963143.jpg',0,NULL,NULL,NULL),
	(396,6215051,NULL,'http://p4.music.126.net/uRWMQaULz1d8L4RRJKueeg==/18896206835003939.jpg',0,NULL,NULL,NULL),
	(397,6215051,NULL,'http://p3.music.126.net/xvVbFTA47-A7lrs0Iuozeg==/18935789253602984.jpg',0,NULL,NULL,NULL),
	(398,6215051,NULL,'http://p3.music.126.net/Sdfhcqoxk0CwrApfl3k-Aw==/18797250790304058.jpg',0,NULL,NULL,NULL),
	(399,6215051,NULL,'http://p3.music.126.net/_mOBNhG4w0HxTeDBdMdiGg==/19108412579169416.jpg',0,NULL,NULL,NULL),
	(400,6215051,NULL,'http://p4.music.126.net/S_cZivRZDon02GvMBl76IA==/19011655555921520.jpg',0,NULL,NULL,NULL),
	(401,6154053,NULL,'http://p4.music.126.net/dCBU7DJJVWjwvNlj9PM-jA==/18692797185638327.jpg',0,NULL,NULL,NULL),
	(402,6154053,NULL,'http://p3.music.126.net/SXt4q8IMTs36-kky3Ebh1g==/18752170813537538.jpg',0,NULL,NULL,NULL),
	(403,6154053,NULL,'http://p3.music.126.net/4vTjGKAz6Q5ouUfcObGcSw==/18801648836786552.jpg',0,NULL,NULL,NULL),
	(404,6154053,NULL,'http://p4.music.126.net/ECuatYLl11VLm1UNCJBKnQ==/18658712325103929.jpg',0,NULL,NULL,NULL),
	(405,6154053,NULL,'http://p4.music.126.net/n0BBnENJhldtLLYkLgTNBQ==/18697195232149383.jpg',0,NULL,NULL,NULL),
	(406,6154053,NULL,'http://p4.music.126.net/DjYGimF4zsfiILO8YVyMqw==/18653214767062096.jpg',0,NULL,NULL,NULL),
	(407,6157050,NULL,'http://p3.music.126.net/ov-StBjdrv9AucAjoaaR-A==/18752170813536677.jpg',0,NULL,NULL,NULL),
	(408,6157050,NULL,'http://p4.music.126.net/ASaL0owsA7FhVC7_krUrow==/18752170813536678.jpg',0,NULL,NULL,NULL),
	(409,6157050,NULL,'http://p4.music.126.net/HbmsJLx9NCfDBTc6bAfh2g==/18575149441468931.jpg',0,NULL,NULL,NULL),
	(410,6157050,NULL,'http://p4.music.126.net/13b8Q4ZaklJgC-YSh5KOwA==/18729081069356022.jpg',0,NULL,NULL,NULL),
	(411,6157050,NULL,'http://p4.music.126.net/F3mWgApe4iJdgA2tzhY16A==/18925893648914002.jpg',0,NULL,NULL,NULL),
	(412,6157050,NULL,'http://p4.music.126.net/MX9GAYVj6zd-N9XY2nclIw==/19002859462862341.jpg',0,NULL,NULL,NULL),
	(413,6157050,NULL,'http://p3.music.126.net/8y9WFmDA75Tr2j5CQdSlxg==/19180980346562609.jpg',0,NULL,NULL,NULL),
	(414,6157050,NULL,'http://p4.music.126.net/gQM9yt6Ic4nkJpNCAVTQ8Q==/19111711114013809.jpg',0,NULL,NULL,NULL),
	(415,6155052,NULL,'http://p3.music.126.net/DBmAw2rJM42SrlQKGvJyDQ==/18870918067522963.jpg',0,NULL,NULL,NULL),
	(416,6155052,NULL,'http://p3.music.126.net/uY_cbtnm434ZFWnepHVzoQ==/18828037115853576.jpg',0,NULL,NULL,NULL),
	(417,6155052,NULL,'http://p3.music.126.net/Jk2rV7LMBbfA7FsVsM3HEw==/19002859462852661.jpg',0,NULL,NULL,NULL),
	(418,6155052,NULL,'http://p4.music.126.net/CYt5zB15Qez-Cs49aT6X2w==/18543263604263992.jpg',0,NULL,NULL,NULL),
	(419,6155052,NULL,'http://p4.music.126.net/Y-IFTzQ6TWdVfjLoLz4beQ==/19189776439614397.jpg',0,NULL,NULL,NULL),
	(420,5882052,NULL,'http://p4.music.126.net/asPsjgrS5m4qocEsp3K8bg==/3394192409054113.jpg',0,NULL,NULL,NULL),
	(421,5882052,NULL,'http://p4.music.126.net/dkou6klVBmY5wER8fUwUEQ==/3442570912205118.jpg',0,NULL,NULL,NULL),
	(422,5882052,NULL,'http://p3.music.126.net/bK8cMU42lDv04SHF0341nA==/3402988495059022.jpg',0,NULL,NULL,NULL),
	(423,5882052,NULL,'http://p3.music.126.net/YxqDQDt0pUu6LAPLmOnQCA==/1367792477632506.jpg',0,NULL,NULL,NULL),
	(424,5882052,NULL,'http://p4.music.126.net/oJIxmeH9g_m1JOpGz061lg==/1383185640416868.jpg',0,NULL,NULL,NULL),
	(425,5882052,NULL,'http://p4.music.126.net/2FeNV5RPpPmig0YZTKa79w==/3265549560149382.jpg',0,NULL,NULL,NULL),
	(426,5882052,NULL,'http://p4.music.126.net/Y9dSvcw01OLuP4n4XuzBuQ==/3252355404316823.jpg',0,NULL,NULL,NULL),
	(427,5882052,NULL,'http://p3.music.126.net/S9qoXuIPAiKfmg21EQHgKA==/18633423557706605.jpg',0,NULL,NULL,NULL),
	(428,6096054,NULL,'http://p4.music.126.net/B1xVUnh0RAnbvUaTa0oVjA==/18714787418193775.jpg',0,NULL,NULL,NULL),
	(429,6096054,NULL,'http://p4.music.126.net/c16CGUyPTlFlqs4__A7FqQ==/18807146394920289.jpg',0,NULL,NULL,NULL),
	(430,6096054,NULL,'http://p3.music.126.net/V_LuBP6PwIrpJmn25rfsew==/18735678139125670.jpg',0,NULL,NULL,NULL),
	(431,6096054,NULL,'http://p3.music.126.net/w2aXxXYDZ8SuhAy9QnHtmA==/18766464464697928.jpg',0,NULL,NULL,NULL),
	(432,6096054,NULL,'http://p4.music.126.net/8yYUhhNcaxvTFybwdr9LoQ==/18663110371609534.jpg',0,NULL,NULL,NULL),
	(433,6103051,NULL,'http://p3.music.126.net/MyJ0-RhACfffgWujk7GuJQ==/18825838092589940.jpg',0,NULL,NULL,NULL),
	(434,6103051,NULL,'http://p4.music.126.net/e6Gf2u2a9B8q9Gc1iW_yxA==/18682901580975646.jpg',0,NULL,NULL,NULL),
	(435,6103051,NULL,'http://p3.music.126.net/93rOn434AE9BwPKTGgoOeQ==/18538865557745439.jpg',0,NULL,NULL,NULL),
	(436,6103051,NULL,'http://p4.music.126.net/IYclyD5ta1n0dVKv3bzW0w==/18549860674017026.jpg',0,NULL,NULL,NULL),
	(437,6103051,NULL,'http://p4.music.126.net/yNwMuVs82tRJdRRifKCYPg==/18597139674019018.jpg',0,NULL,NULL,NULL),
	(438,6103051,NULL,'http://p4.music.126.net/rzdnyz7qLShtVvvrslJpDw==/18756568860042965.jpg',0,NULL,NULL,NULL),
	(439,6103051,NULL,'http://p3.music.126.net/ElvdnCJ-nb_cqVi1THkPJA==/18541064581000943.jpg',0,NULL,NULL,NULL),
	(440,6103051,NULL,'http://p3.music.126.net/7j6-08tZwM69tg6T9hrYeg==/18593841139171926.jpg',0,NULL,NULL,NULL),
	(441,6376080,NULL,'http://p4.music.126.net/UYFlDPbLgZLFFiizi0vahA==/18658712325300569.jpg',0,NULL,NULL,NULL),
	(442,6376080,NULL,'http://p3.music.126.net/y_gq1gx3VuF1TOKzdoBOVQ==/19085322835241665.jpg',0,NULL,NULL,NULL),
	(443,6376080,NULL,'http://p4.music.126.net/FVZbRS7dOGs4ZyZaxmIwUQ==/18903903416702897.jpg',0,NULL,NULL,NULL),
	(444,6376080,NULL,'http://p3.music.126.net/_YP4Hg_FiEOysI8NWaplBQ==/19235955928294100.jpg',0,NULL,NULL,NULL),
	(445,6376080,NULL,'http://p3.music.126.net/dUzKQUrXbyPhmDCVuRWNgQ==/18658712325300570.jpg',0,NULL,NULL,NULL),
	(446,6376080,NULL,'http://p4.music.126.net/KrYWtEPmCA9heKy2zpOiuA==/18736777650967274.jpg',0,NULL,NULL,NULL),
	(447,6395065,NULL,'http://p3.music.126.net/gI6_AReAOQ_NrsIULjWRsQ==/18756568860174996.jpg',0,NULL,NULL,NULL),
	(448,6395065,NULL,'http://p4.music.126.net/hwobfZtn7rmoRqUss_Trjw==/18790653720627110.jpg',0,NULL,NULL,NULL),
	(449,6395065,NULL,'http://p3.music.126.net/SoCIh45ud9IA2Vej8lfNvA==/18933590230485732.jpg',0,NULL,NULL,NULL),
	(450,6395065,NULL,'http://p3.music.126.net/O1Vm8xiQUqyn_PBHUVX0Sg==/19109512090950201.jpg',0,NULL,NULL,NULL),
	(451,6395065,NULL,'http://p3.music.126.net/pmECBd4a8qitoNdxeLIpGQ==/19131502323477862.jpg',0,NULL,NULL,NULL),
	(452,6441052,NULL,'http://p3.music.126.net/3G4d8Wp6xz8QP7hFAWpscw==/18796151278786173.jpg',0,NULL,NULL,NULL),
	(453,6441052,NULL,'http://p4.music.126.net/X2g2dYgKLqsS_pHqICTTHQ==/18530069464876433.jpg',0,NULL,NULL,NULL),
	(454,6441052,NULL,'http://p4.music.126.net/hQPiMMz_FKpu6Xmd3ZmACg==/18899505370053918.jpg',0,NULL,NULL,NULL),
	(455,6441052,NULL,'http://p4.music.126.net/X1vXpN2pcOkZ7I1NkZsk9Q==/18782957139251663.jpg',0,NULL,NULL,NULL),
	(456,6441052,NULL,'http://p4.music.126.net/ZCgFhngJxJG2Sc09cK5I5g==/19146895486302869.jpg',0,NULL,NULL,NULL),
	(457,6441052,NULL,'http://p3.music.126.net/9DksVKFUtgFItiLFbWmhXg==/18902803904936298.jpg',0,NULL,NULL,NULL),
	(458,6441052,NULL,'http://p4.music.126.net/gO0ir65lhXy2kC9FYgAwmw==/18556457743933358.jpg',0,NULL,NULL,NULL),
	(459,6447052,NULL,'http://p4.music.126.net/F_JBPcu_IgfcruzjrOkEuQ==/18527870441687787.jpg',0,NULL,NULL,NULL),
	(460,6447052,NULL,'http://p4.music.126.net/vjoQ5-zVtZQF_Umk1TPKKQ==/19020451649211484.jpg',0,NULL,NULL,NULL),
	(461,6447052,NULL,'http://p3.music.126.net/ppvklqWVML2i2mnrFuAh0A==/109951162965523753.jpg',0,NULL,NULL,NULL),
	(462,6453051,NULL,'http://p3.music.126.net/coE5kzzessM9rPPRcPuHgA==/19076526742148132.jpg',0,NULL,NULL,NULL),
	(463,6453051,NULL,'http://p4.music.126.net/JHNWVdktJ63JNjQNckJCrQ==/18513576790470536.jpg',0,NULL,NULL,NULL),
	(464,6453051,NULL,'http://p4.music.126.net/zEewAwfIMoQndqxlfEYxqg==/18598239185799373.jpg',0,NULL,NULL,NULL),
	(465,6453051,NULL,'http://p4.music.126.net/OE7pnJzEs9CeQn9AZDe2pQ==/18513576790470537.jpg',0,NULL,NULL,NULL),
	(466,6453051,NULL,'http://p3.music.126.net/Nzv26ISAmRfARks-tAYDFA==/18889609765426763.jpg',0,NULL,NULL,NULL),
	(467,6453051,NULL,'http://p3.music.126.net/c_lGa8RgNPs-TvVZGuBOTA==/18513576790470538.jpg',0,NULL,NULL,NULL),
	(468,6453051,NULL,'http://p4.music.126.net/V2ByvundNEIgfYdwljCS7w==/18765364953234976.jpg',0,NULL,NULL,NULL),
	(469,6453051,NULL,'http://p4.music.126.net/UvhWVBQ4oF8aOgL_jtbZ0A==/18588343581175343.jpg',0,NULL,NULL,NULL),
	(470,6454052,NULL,'http://p4.music.126.net/aOh4_JqEDjW7_DCP--s6Gw==/109951162966847289.jpg',0,NULL,NULL,NULL),
	(471,6454052,NULL,'http://p4.music.126.net/FnXPeKxuLY1jguDm1egdeg==/109951162966849291.jpg',0,NULL,NULL,NULL),
	(472,6454052,NULL,'http://p4.music.126.net/Z2SIopjRSoeVFy9qFrilDA==/109951162966849720.jpg',0,NULL,NULL,NULL),
	(473,6454052,NULL,'http://p4.music.126.net/HB9YSY8ox9s09wgjjkNcZA==/109951162966851616.jpg',0,NULL,NULL,NULL),
	(474,6454052,NULL,'http://p4.music.126.net/MqJ5EAhbN4imQeRrfaEa3w==/109951162966844912.jpg',0,NULL,NULL,NULL),
	(475,6450054,NULL,'http://p3.music.126.net/1lgF0a_nvXbbqL92ErdAPg==/109951162967711298.jpg',0,NULL,NULL,NULL),
	(476,6450054,NULL,'http://p4.music.126.net/3JoA-FEDrks3MaXQF9uLVw==/109951162967712307.jpg',0,NULL,NULL,NULL),
	(477,6450054,NULL,'http://p3.music.126.net/QukBITTmFnLx_cmesb0G5w==/109951162967712318.jpg',0,NULL,NULL,NULL),
	(478,6450054,NULL,'http://p4.music.126.net/WTONnEt3XqJNsSpDHbkZIQ==/109951162967716152.jpg',0,NULL,NULL,NULL),
	(479,6450054,NULL,'http://p4.music.126.net/VdfhJpN0zVKAgjDpRPxtvQ==/109951162967710888.jpg',0,NULL,NULL,NULL),
	(480,6485056,NULL,'http://p3.music.126.net/4ko5kIX5qB_vWHOXwZGaOw==/18802748348631582.jpg',0,NULL,NULL,NULL),
	(481,6485056,NULL,'http://p3.music.126.net/2d5RhsBE5rc03jU1BEzD3Q==/18598239185853295.jpg',0,NULL,NULL,NULL),
	(482,6485056,NULL,'http://p4.music.126.net/RPJGbr0R2JyrP3aL9OFffQ==/109951162969066203.jpg',0,NULL,NULL,NULL),
	(483,6485056,NULL,'http://p3.music.126.net/ClPWyQrNs8bPUMtU3OyBBg==/109951162969068103.jpg',0,NULL,NULL,NULL),
	(484,6486059,NULL,'http://p3.music.126.net/J-MnW3ccqIxb-M81kIbxAA==/18598239185853297.jpg',0,NULL,NULL,NULL),
	(485,6486059,NULL,'http://p3.music.126.net/RoCZSq6PXen9eac1CBEPCQ==/18802748348631584.jpg',0,NULL,NULL,NULL),
	(486,6486059,NULL,'http://p4.music.126.net/wSepV3toXcZaP3aF4EpaFA==/109951162969129231.jpg',0,NULL,NULL,NULL),
	(487,6480071,NULL,'http://p4.music.126.net/r_pZci2teIuYb_TtNCAhrg==/109951162971439048.jpg',0,NULL,NULL,NULL),
	(488,6480071,NULL,'http://p4.music.126.net/Di0dY5dqmNye0a480eOgBg==/109951162971439540.jpg',0,NULL,NULL,NULL),
	(489,6480071,NULL,'http://p4.music.126.net/yr6_gSiD8OIAD9UyfL8eFw==/109951162971438570.jpg',0,NULL,NULL,NULL),
	(490,6480071,NULL,'http://p3.music.126.net/RqQ761S6ijOI-umK4YTgMQ==/109951162971434247.jpg',0,NULL,NULL,NULL),
	(491,6480071,NULL,'http://p4.music.126.net/DdicQX-TQlFYeKtxCtuStQ==/109951162971438098.jpg',0,NULL,NULL,NULL),
	(492,6480071,NULL,'http://p4.music.126.net/wVNJNN42FIDOpavdAUDYQA==/109951162971438582.jpg',0,NULL,NULL,NULL),
	(493,6480071,NULL,'http://p4.music.126.net/uJv9vGq1-6XaNYdHZoIiow==/109951162971435683.jpg',0,NULL,NULL,NULL),
	(494,6485072,NULL,'http://p3.music.126.net/tJY7s3ml0lvyOpV5kW8Bbg==/18548761162627463.jpg',0,NULL,NULL,NULL),
	(495,6485072,NULL,'http://p4.music.126.net/8G_oJYFQMS7WSRSyPEvxuw==/109951162971749431.jpg',0,NULL,NULL,NULL),
	(496,6485072,NULL,'http://p4.music.126.net/jP_-70Z-P0jFk3uLL2t5_w==/109951162971753235.jpg',0,NULL,NULL,NULL),
	(497,6485072,NULL,'http://p3.music.126.net/xCl6pZGJ2hmx3ur1oTihkA==/109951162971746993.jpg',0,NULL,NULL,NULL),
	(498,6485072,NULL,'http://p3.music.126.net/MhP-7WhGhxydSgNYFEoKBA==/109951162971749877.jpg',0,NULL,NULL,NULL),
	(499,6489050,NULL,'http://p4.music.126.net/lrYZI0vne5AxUo51Cz36Jw==/109951162971787447.jpg',0,NULL,NULL,NULL),
	(500,6489050,NULL,'http://p3.music.126.net/XoKw5ZZ5zJLY_qJaHm8qQA==/109951162971788814.jpg',0,NULL,NULL,NULL),
	(501,6489050,NULL,'http://p3.music.126.net/lnE47w6UAo65CXjw0Ep8mw==/109951162971794075.jpg',0,NULL,NULL,NULL),
	(502,6489050,NULL,'http://p3.music.126.net/q9nr5l6NjelOlFxzKcJ2sg==/109951162971788392.jpg',0,NULL,NULL,NULL),
	(503,6489050,NULL,'http://p4.music.126.net/y0RS4X09KhZew1WYpk7Olw==/109951162971794083.jpg',0,NULL,NULL,NULL),
	(504,6489052,NULL,'http://p4.music.126.net/2un_mgOfgnuUiCFvs8xBWA==/18864320998106376.jpg',0,NULL,NULL,NULL),
	(505,6489052,NULL,'http://p4.music.126.net/V5zgVK-VchALQeVL7DYHqg==/109951162971837097.jpg',0,NULL,NULL,NULL),
	(506,6489052,NULL,'http://p4.music.126.net/r9kkZQjhzErw4-p2yH3HVQ==/109951162971836642.jpg',0,NULL,NULL,NULL),
	(507,6489052,NULL,'http://p3.music.126.net/aDQdfTnJNdPZNCYxLQ_Zdw==/109951162971830888.jpg',0,NULL,NULL,NULL),
	(508,6489052,NULL,'http://p3.music.126.net/jIGTlnaedD5wWlmdR9dcgw==/109951162971833259.jpg',0,NULL,NULL,NULL),
	(509,6489052,NULL,'http://p4.music.126.net/g-TXxHqFzXvn_zf69TSfFA==/109951162971830894.jpg',0,NULL,NULL,NULL),
	(510,6489052,NULL,'http://p3.music.126.net/0qBfY5PTR1EmKPnTAnBUvQ==/109951162971829952.jpg',0,NULL,NULL,NULL),
	(511,6490052,NULL,'http://p3.music.126.net/9sfJy95AANI_49O4Fat_UA==/109951162972054479.jpg',0,NULL,NULL,NULL),
	(512,6490052,NULL,'http://p4.music.126.net/G5CaSeaiglOe3Mh6OpcWzg==/109951162972063505.jpg',0,NULL,NULL,NULL),
	(513,6490052,NULL,'http://p4.music.126.net/osJVMMDsIZyh4EK8kKBrQw==/109951162972063071.jpg',0,NULL,NULL,NULL),
	(514,6490052,NULL,'http://p4.music.126.net/Z1-hghyb4PSH2V_APN4T9g==/109951162972058284.jpg',0,NULL,NULL,NULL),
	(515,6490063,NULL,'http://p4.music.126.net/VcpxrexiJtgRs7wXFnnhng==/18808245906764068.jpg',0,NULL,NULL,NULL),
	(516,6490063,NULL,'http://p4.music.126.net/LVgjEi73BUJhCNRymWiFcA==/109951162972546580.jpg',0,NULL,NULL,NULL),
	(517,6490063,NULL,'http://p4.music.126.net/88TYuGv_ziMjNjOWITEgzA==/109951162972543710.jpg',0,NULL,NULL,NULL),
	(518,6488060,NULL,'http://p3.music.126.net/K-RvnmWKZvPfMjUnpQ4OiQ==/18498183627738285.jpg',0,NULL,NULL,NULL),
	(519,6488060,NULL,'http://p3.music.126.net/sMOXZOlL5fVeZ5FYzmgtyQ==/19140298416650318.jpg',0,NULL,NULL,NULL),
	(520,6488060,NULL,'http://p4.music.126.net/VB3AqKIq8jUWXI-8y4iKuQ==/18802748348631586.jpg',0,NULL,NULL,NULL),
	(521,6488060,NULL,'http://p4.music.126.net/AluKjypf5f6uQsdMMaXE0Q==/109951162972547127.jpg',0,NULL,NULL,NULL),
	(522,6488060,NULL,'http://p3.music.126.net/i82FehrcnREHrCYXIWsmSA==/109951162972541492.jpg',0,NULL,NULL,NULL),
	(523,6492058,NULL,'http://p4.music.126.net/l9DktwseNq9cqVWonMaKOg==/18924794137594835.jpg',0,NULL,NULL,NULL),
	(524,6492058,NULL,'http://p3.music.126.net/QAkmHbqK8yDxseq4WJ_BpA==/19196373509656963.jpg',0,NULL,NULL,NULL),
	(525,6492058,NULL,'http://p3.music.126.net/aUH6EDGdOyNfZJOrhnEEkQ==/18985267277127716.jpg',0,NULL,NULL,NULL),
	(526,6487061,NULL,'http://p4.music.126.net/haSiDHjwaryZJyK8SCBF7w==/18607035278848181.jpg',0,NULL,NULL,NULL),
	(527,6487061,NULL,'http://p4.music.126.net/pWZZR1ihpY8BXx0g1a91Vw==/18999560928280560.jpg',0,NULL,NULL,NULL),
	(528,6487061,NULL,'http://p3.music.126.net/LG26ZK0zo2wuP1iMr6uXgg==/109951162972555762.jpg',0,NULL,NULL,NULL),
	(529,6487061,NULL,'http://p3.music.126.net/7_qNR7sPYTQYm0ZXwRHBJQ==/109951162972552837.jpg',0,NULL,NULL,NULL),
	(530,6489065,NULL,'http://p3.music.126.net/7sanG733eWM3Yt6XELSZZg==/18830236139322984.jpg',0,NULL,NULL,NULL),
	(531,6489065,NULL,'http://p4.music.126.net/da9aMMpinVafCTSBEr9XnQ==/18598239185853298.jpg',0,NULL,NULL,NULL),
	(532,6489065,NULL,'http://p3.music.126.net/4rcAKKfWf8w6ETrZ4Hc2ig==/19054536509683437.jpg',0,NULL,NULL,NULL),
	(533,6489065,NULL,'http://p3.music.126.net/CgvZj61mpqUiucc9llD4Wg==/109951162972764950.jpg',0,NULL,NULL,NULL),
	(534,6489065,NULL,'http://p4.music.126.net/XFD4BtB166LUcBQ-RtkcEw==/109951162972771234.jpg',0,NULL,NULL,NULL),
	(535,6489065,NULL,'http://p3.music.126.net/HJEyWEoOPt8HwN24w-oCNg==/109951162972771239.jpg',0,NULL,NULL,NULL),
	(536,6480091,NULL,'http://p3.music.126.net/gJHGyQs3q_Zzpl2io1nz9w==/18802748348631585.jpg',0,NULL,NULL,NULL),
	(537,6480091,NULL,'http://p4.music.126.net/2UfgXTOQPyLPBk7wnToJTQ==/109951162972779550.jpg',0,NULL,NULL,NULL),
	(538,6480091,NULL,'http://p4.music.126.net/Hg3Cu8g7kuoyIFXmKbr-qA==/109951162972774233.jpg',0,NULL,NULL,NULL),
	(539,6480093,NULL,'http://p3.music.126.net/s0p3u0mEHoIUS38XfV-0Rw==/19054536509683438.jpg',0,NULL,NULL,NULL),
	(540,6480093,NULL,'http://p4.music.126.net/naFnlMZ0ZW9N1_iA2pZidg==/109951162972779972.jpg',0,NULL,NULL,NULL),
	(541,6480093,NULL,'http://p4.music.126.net/2tcXzfu-N2eAbzlEbQNHog==/109951162972784722.jpg',0,NULL,NULL,NULL),
	(542,6480093,NULL,'http://p4.music.126.net/Txhr5Lwv_jfDbDQairnEOg==/109951162972786191.jpg',0,NULL,NULL,NULL),
	(543,6480093,NULL,'http://p3.music.126.net/lLQDvhCdbmjn3aHSpzBRRA==/109951162972790052.jpg',0,NULL,NULL,NULL),
	(544,6480093,NULL,'http://p3.music.126.net/vm8HnNEmBpyObQsfjG-jPQ==/18498183627738284.jpg',0,NULL,NULL,NULL),
	(545,6480093,NULL,'http://p4.music.126.net/yQTMgmYuSh7oFutSRMvqXQ==/3315027565723452.jpg',0,NULL,NULL,NULL),
	(546,6487063,NULL,'http://p4.music.126.net/JH4P85Hg6DvBe7X2Xjo52A==/19124905253840518.jpg',0,NULL,NULL,NULL),
	(547,6487063,NULL,'http://p4.music.126.net/fgLvnktUgATRpXy-klVCGw==/109951162973030585.jpg',0,NULL,NULL,NULL),
	(548,6487063,NULL,'http://p4.music.126.net/eaKNYTjf3we8NE58frmKKg==/109951162973025877.jpg',0,NULL,NULL,NULL),
	(549,6487063,NULL,'http://p4.music.126.net/XyBu4YVmffNvHqJGe5Y2sg==/109951162973029634.jpg',0,NULL,NULL,NULL),
	(550,6489067,NULL,'http://p3.music.126.net/08CZtCqN25nNngX-K-U-tg==/18771962023049330.jpg',0,NULL,NULL,NULL),
	(551,6489067,NULL,'http://p3.music.126.net/pLo-BVuNkG2IhpI9ecicOw==/18910500486436208.jpg',0,NULL,NULL,NULL),
	(552,6489067,NULL,'http://p4.music.126.net/CeYmr0ZmACGY1d0whfxFWA==/109951162973031631.jpg',0,NULL,NULL,NULL),
	(555,NULL,'/Users/yven/Dropbox/Workspace/www/CloudStore_API/uploads/fb4252cfe4411810.png','http://localhost:1234/CloudStore_API/uploads/fb4252cfe4411810.png',0,1508943067,1508943067,NULL);

/*!40000 ALTER TABLE `media` ENABLE KEYS */;
UNLOCK TABLES;


# Dump of table orders
# ------------------------------------------------------------

DROP TABLE IF EXISTS `orders`;

CREATE TABLE `orders` (
  `id` int(11) unsigned NOT NULL AUTO_INCREMENT,
  `number` varchar(255) NOT NULL DEFAULT '' COMMENT '订单编号（按照日期时间等生成格式）',
  `type` tinyint(1) NOT NULL DEFAULT '1' COMMENT '订单类型：1-基本订单、2-付款单、3-发货单、4-收款单',
  `upload_uid` int(11) NOT NULL COMMENT '请求订单用户id',
  `check_uid` int(11) DEFAULT NULL COMMENT '审核用户 id',
  `total_price` decimal(11,2) DEFAULT NULL COMMENT '总价',
  `discount` decimal(3,2) DEFAULT NULL COMMENT '折扣',
  `payment` tinyint(1) DEFAULT NULL COMMENT '支付方式：1-微信、2-支付宝、3-银行卡、4-到付',
  `trade_id` varchar(255) DEFAULT NULL COMMENT '交易号',
  `payment_status` tinyint(1) NOT NULL DEFAULT '0' COMMENT '支付状态：0-未支付、1-已支付',
  `address_id` int(11) DEFAULT NULL COMMENT '快递地址信息',
  `express_id` varchar(255) DEFAULT NULL COMMENT '快递编号',
  `express_status` tinyint(1) DEFAULT NULL COMMENT '快递状态：0-未发货、1-已发货、2-已收货',
  `is_delete` tinyint(1) NOT NULL DEFAULT '0' COMMENT '软删除，1-是，0-否',
  `create_time` int(11) DEFAULT NULL,
  `update_time` int(11) DEFAULT NULL,
  `status` tinyint(1) DEFAULT NULL COMMENT '订单状态：0-未完成，1-已完成，2-已审核，3-已取消',
  PRIMARY KEY (`id`)
) ENGINE=InnoDB DEFAULT CHARSET=utf8;

LOCK TABLES `orders` WRITE;
/*!40000 ALTER TABLE `orders` DISABLE KEYS */;

INSERT INTO `orders` (`id`, `number`, `type`, `upload_uid`, `check_uid`, `total_price`, `discount`, `payment`, `trade_id`, `payment_status`, `address_id`, `express_id`, `express_status`, `is_delete`, `create_time`, `update_time`, `status`)
VALUES
	(4,'1201710235533729',1,2,NULL,698.00,0.00,1,NULL,0,1,NULL,0,0,1508742818,1508742818,0);

/*!40000 ALTER TABLE `orders` ENABLE KEYS */;
UNLOCK TABLES;


# Dump of table orders_items
# ------------------------------------------------------------

DROP TABLE IF EXISTS `orders_items`;

CREATE TABLE `orders_items` (
  `id` int(11) unsigned NOT NULL AUTO_INCREMENT,
  `order_id` int(11) DEFAULT NULL COMMENT '订单表id',
  `sku_id` int(11) DEFAULT NULL COMMENT '商品 id',
  `name` varchar(255) DEFAULT NULL COMMENT '商品名',
  `num` int(11) DEFAULT NULL COMMENT '商品数量',
  `price` decimal(11,2) DEFAULT NULL COMMENT '购买单价',
  PRIMARY KEY (`id`)
) ENGINE=InnoDB DEFAULT CHARSET=utf8;

LOCK TABLES `orders_items` WRITE;
/*!40000 ALTER TABLE `orders_items` DISABLE KEYS */;

INSERT INTO `orders_items` (`id`, `order_id`, `sku_id`, `name`, `num`, `price`)
VALUES
	(5,4,5854051,'网易云音乐车载蓝牙播放器',1,99.00),
	(6,4,5882053,'JBL Reflect Mini BT',1,599.00);

/*!40000 ALTER TABLE `orders_items` ENABLE KEYS */;
UNLOCK TABLES;


# Dump of table sku
# ------------------------------------------------------------

DROP TABLE IF EXISTS `sku`;

CREATE TABLE `sku` (
  `id` int(11) unsigned NOT NULL AUTO_INCREMENT COMMENT 'SKU',
  `spu_id` int(11) NOT NULL COMMENT 'SPU_id',
  `price` decimal(11,2) NOT NULL COMMENT '商品单价（现价）',
  `original_price` decimal(11,2) NOT NULL COMMENT '原价',
  `stock` int(11) NOT NULL DEFAULT '0' COMMENT '库存量',
  `sold` int(11) DEFAULT NULL COMMENT '售出量',
  `is_delete` tinyint(3) NOT NULL DEFAULT '0' COMMENT '软删除，1-是，0否',
  `create_time` int(10) DEFAULT NULL,
  `update_time` int(10) DEFAULT NULL,
  `status` tinyint(3) DEFAULT NULL,
  PRIMARY KEY (`id`)
) ENGINE=InnoDB DEFAULT CHARSET=utf8;

LOCK TABLES `sku` WRITE;
/*!40000 ALTER TABLE `sku` DISABLE KEYS */;

INSERT INTO `sku` (`id`, `spu_id`, `price`, `original_price`, `stock`, `sold`, `is_delete`, `create_time`, `update_time`, `status`)
VALUES
	(5854051,5853054,99.00,119.00,290,8911,0,NULL,NULL,1),
	(5854052,5853054,99.00,119.00,585,17957,0,NULL,NULL,1),
	(5882053,5882052,599.00,699.00,19,72,0,NULL,NULL,1),
	(5882054,5882052,599.00,699.00,30,26,0,NULL,NULL,1),
	(5882055,5882052,599.00,699.00,0,14,0,NULL,NULL,1),
	(5882056,5882052,599.00,699.00,11,67,0,NULL,NULL,1),
	(5900050,5899050,229.00,269.00,0,1310,0,NULL,NULL,1),
	(5913051,5912050,0.00,1999.00,0,9,0,NULL,NULL,1),
	(5935050,5934050,239.00,369.00,0,190,0,NULL,NULL,1),
	(5935051,5934050,239.00,369.00,0,232,0,NULL,NULL,1),
	(5953052,5952052,59.00,99.00,0,3193,0,NULL,NULL,1),
	(5953053,5952052,59.00,99.00,285,4119,0,NULL,NULL,1),
	(5955060,5912050,0.00,1999.00,1,5,0,NULL,NULL,1),
	(5958066,5957053,129.00,199.00,7,172,0,NULL,NULL,1),
	(5959050,5952052,59.00,99.00,308,3309,0,NULL,NULL,1),
	(5967050,5965050,99.00,129.00,249,3106,0,NULL,NULL,1),
	(5967051,5965050,99.00,129.00,320,1821,0,NULL,NULL,1),
	(5974075,5972054,39.00,59.00,1,1238,0,NULL,NULL,1),
	(5976056,5972054,39.00,59.00,190,386,0,NULL,NULL,1),
	(5983114,5981065,249.00,299.00,11,130,0,NULL,NULL,1),
	(5983115,5981065,249.00,299.00,0,121,0,NULL,NULL,1),
	(5996061,5994056,599.00,699.00,12,31,0,NULL,NULL,1),
	(5996062,5994056,599.00,699.00,13,9,0,NULL,NULL,1),
	(5996063,5994056,599.00,699.00,12,7,0,NULL,NULL,1),
	(5996064,5994056,599.00,699.00,12,7,0,NULL,NULL,1),
	(6001056,5965050,99.00,129.00,439,1311,0,NULL,NULL,1),
	(6029063,5899050,229.00,269.00,44,1026,0,NULL,NULL,1),
	(6032061,5934054,159.00,198.00,278,2564,0,NULL,NULL,1),
	(6037050,6034050,229.00,299.00,10,137,0,NULL,NULL,1),
	(6037051,6034050,229.00,299.00,0,100,0,NULL,NULL,1),
	(6037052,6034050,229.00,299.00,0,96,0,NULL,NULL,1),
	(6037053,6034050,229.00,299.00,33,81,0,NULL,NULL,1),
	(6043060,5972054,39.00,59.00,332,310,0,NULL,NULL,1),
	(6053058,5899050,229.00,269.00,0,677,0,NULL,NULL,1),
	(6063074,6045052,269.00,399.00,0,24,0,NULL,NULL,1),
	(6063075,6045052,269.00,399.00,0,55,0,NULL,NULL,1),
	(6064076,6065056,0.00,249.00,2,156,0,NULL,NULL,1),
	(6064077,6065056,0.00,249.00,4,92,0,NULL,NULL,1),
	(6064079,6065056,0.00,249.00,0,119,0,NULL,NULL,1),
	(6064105,6065063,138.00,159.00,19,206,0,NULL,NULL,1),
	(6064106,6065063,138.00,159.00,1,182,0,NULL,NULL,1),
	(6064107,6065063,138.00,159.00,19,96,0,NULL,NULL,1),
	(6064108,6065063,138.00,159.00,100,34,0,NULL,NULL,1),
	(6064109,6065063,138.00,159.00,82,72,0,NULL,NULL,1),
	(6064110,6065063,138.00,159.00,74,65,0,NULL,NULL,1),
	(6080191,6065056,0.00,249.00,5,77,0,NULL,NULL,1),
	(6080192,6065056,0.00,249.00,5,55,0,NULL,NULL,1),
	(6080193,6065056,0.00,249.00,3,87,0,NULL,NULL,1),
	(6093195,6075053,0.00,599.00,9,44,0,NULL,NULL,1),
	(6175141,6088055,269.00,299.00,22,125,0,NULL,NULL,1),
	(6207872,6096054,0.00,499.00,27,18,0,NULL,NULL,1),
	(6207873,6096054,0.00,499.00,35,11,0,NULL,NULL,1),
	(6210308,5882052,599.00,699.00,32,13,0,NULL,NULL,1),
	(6212203,6103051,0.00,1999.00,3,1,0,NULL,NULL,1),
	(6212204,6103051,0.00,1999.00,3,1,0,NULL,NULL,1),
	(6212205,6103051,0.00,1999.00,1,1,0,NULL,NULL,1),
	(6212206,6103051,0.00,1999.00,1,3,0,NULL,NULL,1),
	(6337686,6045052,269.00,399.00,2,106,0,NULL,NULL,1),
	(6367360,6065056,0.00,249.00,1,93,0,NULL,NULL,1),
	(6416099,6157050,0.00,319.00,19,27,0,NULL,NULL,1),
	(6416100,6157050,0.00,319.00,8,37,0,NULL,NULL,1),
	(6416829,6157050,0.00,319.00,0,50,0,NULL,NULL,1),
	(6417172,6154053,0.00,599.00,39,6,0,NULL,NULL,1),
	(6417173,6154053,0.00,599.00,39,6,0,NULL,NULL,1),
	(6419639,6156053,0.00,199.00,5,113,0,NULL,NULL,1),
	(6419640,6156053,0.00,199.00,0,0,0,NULL,NULL,1),
	(6420117,6159050,0.00,599.00,41,4,0,NULL,NULL,1),
	(6420118,6159050,0.00,599.00,27,0,0,NULL,NULL,1),
	(6420119,6159050,0.00,599.00,24,3,0,NULL,NULL,1),
	(6420120,6159050,0.00,599.00,44,1,0,NULL,NULL,1),
	(6422520,6155052,0.00,399.00,22,24,0,NULL,NULL,1),
	(6422521,6155052,0.00,399.00,27,18,0,NULL,NULL,1),
	(6494843,6176051,0.00,549.00,1,28,0,NULL,NULL,1),
	(6494844,6176051,0.00,549.00,1,29,0,NULL,NULL,1),
	(6494970,6065056,0.00,249.00,2,45,0,NULL,NULL,1),
	(6496449,6173054,0.00,279.00,0,154,0,NULL,NULL,1),
	(6496450,6173054,0.00,279.00,0,151,0,NULL,NULL,1),
	(6496451,6173054,0.00,279.00,0,160,0,NULL,NULL,1),
	(6499166,6172053,0.00,199.00,3,94,0,NULL,NULL,1),
	(6499167,6172053,0.00,199.00,4,53,0,NULL,NULL,1),
	(6502016,6065063,138.00,159.00,49,6,0,NULL,NULL,1),
	(6503858,6065063,138.00,159.00,40,16,0,NULL,NULL,1),
	(6505001,5957053,129.00,199.00,0,150,0,NULL,NULL,1),
	(6505002,5957053,129.00,199.00,6,52,0,NULL,NULL,1),
	(6505003,5957053,129.00,199.00,10,47,0,NULL,NULL,1),
	(6505004,6178051,0.00,2199.00,0,4,0,NULL,NULL,1),
	(6505005,6178051,0.00,2199.00,2,2,0,NULL,NULL,1),
	(6592060,5934054,159.00,198.00,298,2584,0,NULL,NULL,1),
	(6592061,5934054,159.00,198.00,46,1650,0,NULL,NULL,1),
	(6620205,6211051,0.00,159.00,0,79,0,NULL,NULL,1),
	(6650498,6215051,0.00,1899.00,4,0,0,NULL,NULL,1),
	(6650499,6215051,0.00,1899.00,2,2,0,NULL,NULL,1),
	(6653201,6216050,0.00,99.00,70,455,0,NULL,NULL,1),
	(6653202,6216050,0.00,99.00,64,576,0,NULL,NULL,1),
	(6653203,6216050,0.00,99.00,86,405,0,NULL,NULL,1),
	(6722528,5934054,159.00,198.00,188,4141,0,NULL,NULL,1),
	(6919377,6268051,0.00,499.00,12,13,0,NULL,NULL,1),
	(6919378,6268051,0.00,499.00,7,11,0,NULL,NULL,1),
	(6919379,6268051,0.00,499.00,8,9,0,NULL,NULL,1),
	(6919380,6268051,0.00,499.00,17,8,0,NULL,NULL,1),
	(6996334,6286057,339.00,399.00,0,1095,0,NULL,NULL,1),
	(6996335,6286057,339.00,399.00,91,405,0,NULL,NULL,1),
	(7922054,6349051,0.00,1099.00,1,2,0,NULL,NULL,1),
	(7922055,6349051,0.00,1099.00,2,1,0,NULL,NULL,1),
	(7922056,6349051,0.00,1099.00,3,0,0,NULL,NULL,1),
	(7922057,6349051,0.00,1099.00,1,3,0,NULL,NULL,1),
	(7949158,6376080,0.00,59.00,88,195,0,NULL,NULL,1),
	(8210547,6395065,899.00,999.00,8,7,0,NULL,NULL,1),
	(8408261,6441052,0.00,399.00,0,0,0,NULL,NULL,1),
	(8408262,6441052,0.00,399.00,0,28,0,NULL,NULL,1),
	(8408263,6441052,0.00,399.00,16,14,0,NULL,NULL,1),
	(8408264,6441052,0.00,399.00,19,10,0,NULL,NULL,1),
	(8408265,6441052,0.00,399.00,0,4,0,NULL,NULL,1),
	(8837849,6447052,779.00,799.00,99,1,0,NULL,NULL,1),
	(8918625,6452050,549.00,788.00,0,261,0,NULL,NULL,1),
	(8918626,6452050,549.00,788.00,0,138,0,NULL,NULL,1),
	(8918627,6452050,549.00,788.00,0,180,0,NULL,NULL,1),
	(8918628,6452050,549.00,788.00,9,51,0,NULL,NULL,1),
	(8918629,6452050,549.00,788.00,0,93,0,NULL,NULL,1),
	(8918630,6452050,549.00,788.00,8,27,0,NULL,NULL,1),
	(8931925,6453051,1288.00,1488.00,7,3,0,NULL,NULL,1),
	(8931926,6453051,1288.00,1488.00,45,5,0,NULL,NULL,1),
	(8931927,6453051,1288.00,1488.00,45,5,0,NULL,NULL,1),
	(8931928,6453051,1288.00,1488.00,49,1,0,NULL,NULL,1),
	(8931929,6453051,1288.00,1488.00,48,2,0,NULL,NULL,1),
	(8933946,6451051,1688.00,1888.00,100,6,0,NULL,NULL,1),
	(8933947,6451051,1688.00,1888.00,100,5,0,NULL,NULL,1),
	(8933948,6451051,1688.00,1888.00,99,5,0,NULL,NULL,1),
	(8937578,6454050,1999.00,2888.00,2,13,0,NULL,NULL,1),
	(8937701,6452052,2288.00,3088.00,0,20,0,NULL,NULL,1),
	(8938244,6454050,1999.00,2888.00,0,10,0,NULL,NULL,1),
	(8938245,6454050,1999.00,2888.00,15,12,0,NULL,NULL,1),
	(8938246,6454050,1999.00,2888.00,5,19,0,NULL,NULL,1),
	(8938247,6454050,1999.00,2888.00,0,14,0,NULL,NULL,1),
	(8938248,6454050,1999.00,2888.00,9,24,0,NULL,NULL,1),
	(8940580,6453053,988.00,1188.00,92,745,0,NULL,NULL,1),
	(8940581,6453053,988.00,1188.00,99,246,0,NULL,NULL,1),
	(8940582,6453053,988.00,1188.00,98,123,0,NULL,NULL,1),
	(8940583,6453053,988.00,1188.00,98,182,0,NULL,NULL,1),
	(8945102,6454052,0.00,59.00,26,38,0,NULL,NULL,1),
	(8995760,6452054,0.00,29.90,122,505,0,NULL,NULL,1),
	(8995761,6452054,0.00,29.90,251,64,0,NULL,NULL,1),
	(8995762,6452054,0.00,29.90,126,236,0,NULL,NULL,1),
	(8995763,6452054,0.00,29.90,373,172,0,NULL,NULL,1),
	(8995764,6452054,0.00,29.90,208,149,0,NULL,NULL,1),
	(8999921,6454054,0.00,89.00,159,120,0,NULL,NULL,1),
	(8999922,6454054,0.00,89.00,59,98,0,NULL,NULL,1),
	(8999923,6454054,0.00,89.00,50,33,0,NULL,NULL,1),
	(9000972,6450054,0.00,169.00,190,51,0,NULL,NULL,1),
	(9000973,6450054,0.00,169.00,100,8,0,NULL,NULL,1),
	(9002725,6455051,0.00,69.90,40,301,0,NULL,NULL,1),
	(9002726,6455051,0.00,69.90,118,114,0,NULL,NULL,1),
	(9002727,6455051,0.00,69.90,0,94,0,NULL,NULL,1),
	(9080596,6484057,259.00,279.00,0,40,0,NULL,NULL,1),
	(9080597,6484057,259.00,279.00,0,21,0,NULL,NULL,1),
	(9080598,6484057,259.00,279.00,0,25,0,NULL,NULL,1),
	(9080754,6484060,319.00,399.00,461,67,0,NULL,NULL,1),
	(9080755,6484060,319.00,399.00,478,46,0,NULL,NULL,1),
	(9081889,6479064,189.00,199.00,1,1153,0,NULL,NULL,1),
	(9081890,6479064,189.00,199.00,0,578,0,NULL,NULL,1),
	(9081891,6479064,199.00,229.00,0,994,0,NULL,NULL,1),
	(9084438,6485056,199.00,229.00,87,12,0,NULL,NULL,1),
	(9084439,6485056,199.00,229.00,94,6,0,NULL,NULL,1),
	(9084633,6485058,399.00,599.00,101,58,0,NULL,NULL,1),
	(9084634,6485058,399.00,599.00,100,17,0,NULL,NULL,1),
	(9086405,6486059,269.00,279.00,92,8,0,NULL,NULL,1),
	(9086406,6486059,269.00,279.00,97,2,0,NULL,NULL,1),
	(9191877,6480086,39.00,49.00,4215,1124,0,NULL,NULL,1),
	(9191878,6480086,39.00,49.00,4264,1136,0,NULL,NULL,1),
	(9198303,6491051,69.00,79.00,916,78,0,NULL,NULL,1),
	(9198305,6491051,69.00,79.00,965,34,0,NULL,NULL,1),
	(9198306,6491051,69.00,79.00,944,53,0,NULL,NULL,1),
	(9200338,6492050,59.00,69.00,903,89,0,NULL,NULL,1),
	(9200339,6492050,59.00,69.00,884,103,0,NULL,NULL,1),
	(9200340,6492050,59.00,69.00,948,51,0,NULL,NULL,1),
	(9203963,6488060,79.00,89.00,986,14,0,NULL,NULL,1),
	(9203964,6488060,79.00,89.00,985,14,0,NULL,NULL,1),
	(9203965,6488060,79.00,89.00,982,16,0,NULL,NULL,1),
	(9204436,6492052,45.00,49.00,373,135,0,NULL,NULL,1),
	(9204437,6492052,45.00,49.00,386,119,0,NULL,NULL,1),
	(9204438,6492052,45.00,49.00,449,54,0,NULL,NULL,1),
	(9204439,6492052,45.00,49.00,476,30,0,NULL,NULL,1),
	(9206762,6487061,188.00,199.00,99,1,0,NULL,NULL,1),
	(9206763,6487061,188.00,199.00,99,1,0,NULL,NULL,1),
	(9207688,6490063,199.00,219.00,87,10,0,NULL,NULL,1),
	(9210034,6480091,389.00,499.00,77,22,0,NULL,NULL,1),
	(9210038,6480093,359.00,399.00,98,2,0,NULL,NULL,1),
	(9210039,6480093,359.00,399.00,100,0,0,NULL,NULL,1),
	(9210040,6480093,359.00,399.00,97,2,0,NULL,NULL,1),
	(9210106,6492058,439.00,499.00,98,2,0,NULL,NULL,1),
	(9210107,6492058,439.00,499.00,98,1,0,NULL,NULL,1),
	(9210108,6492058,439.00,499.00,100,0,0,NULL,NULL,1),
	(9212097,6489065,188.00,199.00,97,3,0,NULL,NULL,1),
	(9212098,6489065,188.00,199.00,93,6,0,NULL,NULL,1),
	(9212099,6489065,188.00,199.00,97,3,0,NULL,NULL,1),
	(9212799,6489067,1099.00,1298.00,100,0,0,NULL,NULL,1),
	(9213801,6487063,1799.00,1880.00,98,2,0,NULL,NULL,1),
	(9215923,6480097,419.00,499.00,87,11,0,NULL,NULL,1),
	(9215924,6480097,419.00,499.00,91,9,0,NULL,NULL,1),
	(9218058,6488068,129.00,149.00,51,45,0,NULL,NULL,1),
	(9218059,6488068,129.00,149.00,64,33,0,NULL,NULL,1),
	(9221323,6487074,499.00,559.00,86,13,0,NULL,NULL,1),
	(9225867,6488079,88.00,99.00,33,65,0,NULL,NULL,1),
	(9225868,6488079,88.00,99.00,49,44,0,NULL,NULL,1),
	(9225869,6488079,88.00,99.00,77,21,0,NULL,NULL,1),
	(9303256,6497059,0.00,168.00,82,18,0,NULL,NULL,1),
	(9307052,6497059,0.00,168.00,95,4,0,NULL,NULL,1),
	(9308051,6497059,0.00,168.00,92,8,0,NULL,NULL,1),
	(9308053,6480071,99.00,109.00,55,59,0,NULL,NULL,1),
	(9308056,6490052,299.00,329.00,40,15,0,NULL,NULL,1),
	(9309051,6489050,369.00,399.00,0,7,0,NULL,NULL,1),
	(9310055,6489052,539.00,599.00,5,8,0,NULL,NULL,1),
	(9312057,6485072,2199.00,2299.00,5,0,0,NULL,NULL,1),
	(9312058,6490052,299.00,329.00,43,7,0,NULL,NULL,1),
	(9337498,6512066,169.00,189.00,383,122,0,NULL,NULL,1),
	(9337499,6512066,169.00,189.00,455,46,0,NULL,NULL,1),
	(9337500,6512066,169.00,189.00,430,69,0,NULL,NULL,1),
	(9337501,6512066,169.00,189.00,497,4,0,NULL,NULL,1),
	(9337502,6512066,169.00,189.00,475,26,0,NULL,NULL,1),
	(9337503,6512066,169.00,189.00,488,16,0,NULL,NULL,1),
	(9554098,6521051,369.00,379.00,0,39,0,NULL,NULL,1),
	(9632662,6524070,299.00,399.00,1995,3,0,NULL,NULL,1),
	(9632663,6524070,299.00,399.00,1996,4,0,NULL,NULL,1),
	(9632664,6524070,299.00,399.00,1994,6,0,NULL,NULL,1),
	(9687784,6506128,169.00,199.00,495,5,0,NULL,NULL,1),
	(9687785,6506128,169.00,199.00,483,17,0,NULL,NULL,1),
	(9733399,6531056,0.00,299.00,0,1,0,NULL,NULL,1),
	(9733400,6531056,0.00,299.00,15,23,0,NULL,NULL,1),
	(9733401,6531056,0.00,299.00,19,11,0,NULL,NULL,1),
	(9733402,6531056,0.00,299.00,10,2,0,NULL,NULL,1),
	(9733403,6531056,0.00,299.00,9,8,0,NULL,NULL,1),
	(9735145,6529060,199.00,299.00,487,13,0,NULL,NULL,1),
	(9735146,6529060,199.00,299.00,497,3,0,NULL,NULL,1),
	(9749083,6531067,69.00,89.00,295,14862,0,NULL,NULL,1),
	(9749084,6531067,69.00,89.00,200,4629,0,NULL,NULL,1),
	(9749085,6531067,69.00,89.00,100,1170,0,NULL,NULL,1),
	(9749086,6531067,69.00,89.00,200,818,0,NULL,NULL,1),
	(9749087,6531067,69.00,89.00,200,865,0,NULL,NULL,1),
	(9750088,6529071,299.00,399.00,0,350,0,NULL,NULL,1),
	(9750089,6529071,299.00,399.00,0,17,0,NULL,NULL,1),
	(9750090,6529071,299.00,399.00,0,16,0,NULL,NULL,1),
	(9750091,6529071,299.00,399.00,0,11,0,NULL,NULL,1),
	(9750092,6529071,299.00,399.00,0,8,0,NULL,NULL,1),
	(9976087,6483074,369.00,399.00,35,17,0,NULL,NULL,1),
	(9976088,6483074,369.00,399.00,0,6,0,NULL,NULL,1),
	(9976089,6483074,369.00,399.00,43,11,0,NULL,NULL,1),
	(9976090,6483074,369.00,399.00,34,6,0,NULL,NULL,1),
	(9987793,6531098,0.00,59.00,60,104,0,NULL,NULL,1),
	(9987794,6531098,0.00,59.00,56,113,0,NULL,NULL,1),
	(9987795,6531098,0.00,59.00,48,68,0,NULL,NULL,1),
	(9987796,6531098,0.00,59.00,121,59,0,NULL,NULL,1),
	(10065047,6543062,299.00,339.00,477,22,0,NULL,NULL,1),
	(10065048,6543062,299.00,339.00,474,26,0,NULL,NULL,1),
	(10065049,6543062,299.00,339.00,484,15,0,NULL,NULL,1),
	(10069675,6540065,0.00,299.00,974,24,0,NULL,NULL,1),
	(10072561,6538071,279.00,299.00,488,11,0,NULL,NULL,1),
	(10072562,6538071,279.00,299.00,489,9,0,NULL,NULL,1),
	(10072563,6538071,279.00,299.00,492,9,0,NULL,NULL,1),
	(10072564,6538071,279.00,299.00,496,4,0,NULL,NULL,1),
	(10270338,6551056,499.00,699.00,98,2,0,NULL,NULL,1),
	(10270339,6551056,499.00,699.00,100,0,0,NULL,NULL,1),
	(10270340,6551056,499.00,699.00,99,1,0,NULL,NULL,1),
	(10555716,6453051,1288.00,1488.00,0,0,0,NULL,NULL,1),
	(10652486,6584063,0.00,958.00,20,6,0,NULL,NULL,1),
	(10652487,6584063,0.00,958.00,50,2,0,NULL,NULL,1),
	(10654012,6585060,0.00,1499.00,8,2,0,NULL,NULL,1),
	(10688983,6598062,525.00,599.00,10,0,0,NULL,NULL,1),
	(10688984,6598062,525.00,599.00,10,0,0,NULL,NULL,1),
	(10688985,6598062,525.00,599.00,9,1,0,NULL,NULL,1),
	(10688986,6598062,525.00,599.00,5,0,0,NULL,NULL,1),
	(10688987,6598062,525.00,599.00,5,0,0,NULL,NULL,1),
	(10688988,6598062,525.00,599.00,0,0,0,NULL,NULL,1),
	(10691537,6601063,1229.00,1299.00,20,0,0,NULL,NULL,1),
	(10698579,6598068,0.00,749.00,0,1,0,NULL,NULL,1),
	(10698580,6598068,0.00,749.00,0,0,0,NULL,NULL,1),
	(10698581,6598068,0.00,749.00,0,1,0,NULL,NULL,1),
	(10698582,6598068,0.00,749.00,0,0,0,NULL,NULL,1),
	(10698583,6598068,0.00,749.00,0,1,0,NULL,NULL,1),
	(10699454,6600066,0.00,1288.00,0,0,0,NULL,NULL,1),
	(10699455,6600066,0.00,1288.00,0,0,0,NULL,NULL,1),
	(10699456,6600066,0.00,1288.00,0,0,0,NULL,NULL,1),
	(10699457,6600066,0.00,1288.00,0,0,0,NULL,NULL,1),
	(10699458,6600066,0.00,1288.00,0,0,0,NULL,NULL,1),
	(10703942,6601072,0.00,849.00,15,0,0,NULL,NULL,1);

/*!40000 ALTER TABLE `sku` ENABLE KEYS */;
UNLOCK TABLES;


# Dump of table sku_attr
# ------------------------------------------------------------

DROP TABLE IF EXISTS `sku_attr`;

CREATE TABLE `sku_attr` (
  `id` int(11) unsigned NOT NULL AUTO_INCREMENT,
  `sku_id` int(11) NOT NULL COMMENT '商品id',
  `attr` varchar(255) NOT NULL DEFAULT '' COMMENT '属性',
  `opt` varchar(255) NOT NULL DEFAULT '' COMMENT '属性选项',
  PRIMARY KEY (`id`)
) ENGINE=InnoDB DEFAULT CHARSET=utf8;

LOCK TABLES `sku_attr` WRITE;
/*!40000 ALTER TABLE `sku_attr` DISABLE KEYS */;

INSERT INTO `sku_attr` (`id`, `sku_id`, `attr`, `opt`)
VALUES
	(1,10270338,'颜色','黑色'),
	(2,10270339,'颜色','白色'),
	(3,10270340,'颜色','蓝色'),
	(4,9632662,'颜色','红色'),
	(5,9632663,'颜色','蓝色'),
	(6,9632664,'颜色','黑色'),
	(7,6064076,'颜色','爵士黑'),
	(8,6064077,'颜色','玫瑰红'),
	(9,6064079,'颜色','青春绿'),
	(10,6080191,'颜色','橙色'),
	(11,6080192,'颜色','黄色'),
	(12,6080193,'颜色','灰色'),
	(13,6367360,'颜色','魄动红'),
	(14,6494970,'颜色','蓝色'),
	(15,9303256,'颜色','黑色'),
	(16,9307052,'颜色','绿色'),
	(17,9308051,'颜色','粉色'),
	(18,7922054,'颜色','朱砂红'),
	(19,7922055,'颜色','波尔多红'),
	(20,7922056,'颜色','翠绿色'),
	(21,7922057,'颜色','炭黑色'),
	(22,8918625,'颜色','黑色'),
	(23,8918626,'颜色','玫瑰金'),
	(24,8918627,'颜色','深空灰'),
	(25,8918628,'颜色','金色'),
	(26,8918629,'颜色','银色'),
	(27,8918630,'颜色','紫色'),
	(28,8937578,'颜色','纯黑色'),
	(29,8938244,'颜色','金属灰'),
	(30,8938245,'颜色','钛金色'),
	(31,8938246,'颜色','金色'),
	(32,8938247,'颜色','炫白色'),
	(33,8938248,'颜色','炫黑色'),
	(34,9749083,'颜色','黑色'),
	(35,9749084,'颜色','白色'),
	(36,9749085,'颜色','红色'),
	(37,9749086,'颜色','粉色'),
	(38,9749087,'颜色','蓝色'),
	(39,9084633,'颜色','黑色'),
	(40,9084634,'颜色','白色'),
	(41,6032061,'颜色','蓝色'),
	(42,6592060,'颜色','黑色'),
	(43,6592061,'颜色','灰色'),
	(44,6722528,'颜色','黄色'),
	(45,9081889,'颜色','黑色'),
	(46,9081890,'颜色','白色'),
	(47,9081891,'颜色','红色'),
	(48,6996334,'颜色','黑色'),
	(49,6996335,'颜色','红色'),
	(50,9337498,'颜色','黑色'),
	(51,9337499,'颜色','白色'),
	(52,9337500,'颜色','红色'),
	(53,9337501,'颜色','粉色'),
	(54,9337502,'颜色','蓝色'),
	(55,9337503,'颜色','金色'),
	(56,8940580,'颜色','黑色'),
	(57,8940581,'颜色','白色'),
	(58,8940582,'颜色','蓝色'),
	(59,8940583,'颜色','灰色'),
	(60,9750088,'颜色','黑色'),
	(61,9750089,'颜色','白色'),
	(62,9750090,'颜色','蓝色'),
	(63,9750091,'颜色','粉色'),
	(64,9750092,'颜色','紫色'),
	(65,5967050,'颜色','红色'),
	(66,5967051,'颜色','黑色'),
	(67,6001056,'颜色','金色'),
	(68,10652486,'颜色','白色'),
	(69,10652487,'颜色','黑色'),
	(70,5854051,'颜色','网易红'),
	(71,5854052,'颜色','炫酷黑'),
	(72,5900050,'颜色','玫瑰金'),
	(73,6029063,'颜色','银色'),
	(74,6053058,'颜色','黑色'),
	(75,9733399,'颜色','粉色'),
	(76,9733400,'颜色','黑色'),
	(77,9733401,'颜色','红色'),
	(78,9733402,'颜色','金色'),
	(79,9733403,'颜色','蓝色'),
	(80,6653201,'颜色','白色'),
	(81,6653202,'颜色','黑色'),
	(82,6653203,'颜色','红色'),
	(83,10654012,'颜色','黑色'),
	(84,9554098,'颜色','白色'),
	(85,9191877,'颜色','黑色'),
	(86,9191878,'颜色','白色'),
	(87,10691537,'颜色','黑色'),
	(88,10688983,'颜色','绿色'),
	(89,10688984,'颜色','玫瑰红'),
	(90,10688985,'颜色','蓝色'),
	(91,10688986,'颜色','黄色'),
	(92,10688987,'颜色','橙色'),
	(93,10688988,'颜色','紫色'),
	(94,10698579,'颜色','黑色'),
	(95,10698580,'颜色','白色'),
	(96,10698581,'颜色','蓝色'),
	(97,10698582,'颜色','绿色'),
	(98,10698583,'颜色','红色'),
	(99,10703942,'操作系统','苹果版'),
	(100,10699454,'颜色','炭黑色'),
	(101,10699455,'颜色','翠绿色'),
	(102,10699456,'颜色','柠檬黄'),
	(103,10699457,'颜色','波尔多红'),
	(104,10699458,'颜色','朱砂红'),
	(105,8937701,'颜色','纯黑色'),
	(106,6496449,'颜色','红色'),
	(107,6496450,'颜色','蓝色'),
	(108,6496451,'颜色','银色'),
	(109,5953052,'颜色','白色'),
	(110,5953053,'颜色','黑色'),
	(111,5959050,'颜色','金色'),
	(112,9080596,'颜色','钛黑色'),
	(113,9080597,'颜色','白色'),
	(114,9080598,'颜色','钛黑红'),
	(115,8933946,'颜色','黑色'),
	(116,8933947,'颜色','白色'),
	(117,8933948,'颜色','橘红色'),
	(118,9080754,'颜色','红色'),
	(119,9080755,'颜色','蓝色'),
	(120,10065047,'颜色','黑色电镀'),
	(121,10065048,'颜色','银色电镀'),
	(122,10065049,'颜色','雾面'),
	(123,9002725,'颜色','黑色'),
	(124,9002726,'颜色','银色'),
	(125,9002727,'颜色','玫瑰金'),
	(126,9987793,'颜色','灰色'),
	(127,9987794,'颜色','银色'),
	(128,9987795,'颜色','粉色'),
	(129,9987796,'颜色','蓝色'),
	(130,9225867,'颜色','黑色'),
	(131,9225868,'颜色','白色'),
	(132,9225869,'颜色','金色'),
	(133,8999921,'颜色','黑绿色'),
	(134,8999922,'颜色','黑色'),
	(135,8999923,'颜色','白色'),
	(136,5974075,'颜色','深空灰'),
	(137,5976056,'颜色','玫瑰金'),
	(138,6043060,'颜色','金色'),
	(139,9976087,'操作系统','安卓版'),
	(140,9976087,'颜色','白色'),
	(141,9976088,'操作系统','安卓版'),
	(142,9976088,'颜色','黑色'),
	(143,9976089,'操作系统','苹果版'),
	(144,9976089,'颜色','白色'),
	(145,9976090,'操作系统','苹果版'),
	(146,9976090,'颜色','黑色'),
	(147,10069675,'颜色','黑色'),
	(148,9200338,'颜色','紫银灰'),
	(149,9200339,'颜色','法拉利红'),
	(150,9200340,'颜色','蓝色'),
	(151,8995760,'颜色','黑色'),
	(152,8995761,'颜色','金色'),
	(153,8995762,'颜色','银色'),
	(154,8995763,'颜色','白色'),
	(155,8995764,'颜色','玫瑰金'),
	(156,9198303,'颜色','天蓝银'),
	(157,9198305,'颜色','卡其金'),
	(158,9198306,'颜色','深灰黑'),
	(159,9735145,'颜色','黑色'),
	(160,9735146,'颜色','白色'),
	(161,9687784,'颜色','蓝色'),
	(162,9687785,'颜色','黑色'),
	(163,9218058,'颜色','黑色'),
	(164,9218059,'颜色','蓝色'),
	(165,6919377,'颜色','黑色'),
	(166,6919378,'颜色','红色'),
	(167,6919379,'颜色','蓝色'),
	(168,6919380,'颜色','银色'),
	(169,9215923,'颜色','酷红色'),
	(170,9215924,'颜色','黑金色'),
	(171,5958066,'颜色','红色'),
	(172,6505001,'颜色','黑色'),
	(173,6505002,'颜色','紫色'),
	(174,6505003,'颜色','粉色'),
	(175,9221323,'颜色','银灰色'),
	(176,5983114,'颜色','红色'),
	(177,5983115,'颜色','黑色'),
	(178,9204436,'颜色','黑色'),
	(179,9204437,'颜色','白色'),
	(180,9204438,'颜色','红色'),
	(181,9204439,'颜色','蓝色'),
	(182,10072561,'颜色','黑色'),
	(183,10072562,'颜色','白色'),
	(184,10072563,'颜色','红色'),
	(185,10072564,'颜色','蓝色'),
	(186,6175141,'颜色','黑色'),
	(187,5935050,'颜色','黑色'),
	(188,5935051,'颜色','白色'),
	(189,6494843,'颜色','白色'),
	(190,6494844,'颜色','黑色'),
	(191,6037050,'颜色','白色'),
	(192,6037051,'颜色','黑色'),
	(193,6037052,'颜色','红色'),
	(194,6037053,'颜色','金色'),
	(195,6064105,'颜色','黑色'),
	(196,6064106,'颜色','白色'),
	(197,6064107,'颜色','红色'),
	(198,6064108,'颜色','蓝色'),
	(199,6064109,'颜色','绿色'),
	(200,6064110,'颜色','棕色'),
	(201,6502016,'颜色','紫色'),
	(202,6503858,'颜色','粉色'),
	(203,6419639,'颜色','黑色'),
	(204,6419640,'颜色','紫色'),
	(205,6505004,'颜色','蓝色'),
	(206,6505005,'颜色','玫瑰金'),
	(207,6499166,'颜色','白色'),
	(208,6499167,'颜色','黑色'),
	(209,5913051,'颜色','玫瑰金'),
	(210,5955060,'颜色','黑色'),
	(211,6063074,'颜色','黑色'),
	(212,6063075,'颜色','绿色'),
	(213,6337686,'颜色','粉色'),
	(214,5996061,'颜色','黑色'),
	(215,5996062,'颜色','红色'),
	(216,5996063,'颜色','蓝色'),
	(217,5996064,'颜色','绿色'),
	(218,6420117,'颜色','黑色'),
	(219,6420118,'颜色','橙色'),
	(220,6420119,'颜色','白色'),
	(221,6420120,'颜色','红色'),
	(222,6650498,'颜色','白色'),
	(223,6650499,'颜色','黑色'),
	(224,6417172,'颜色','黑色'),
	(225,6417173,'颜色','红色'),
	(226,6416099,'颜色','黑色'),
	(227,6416100,'颜色','紫色'),
	(228,6416829,'颜色','红蓝色'),
	(229,6422520,'颜色','红色'),
	(230,6422521,'颜色','黑色'),
	(231,5882053,'颜色','黑色'),
	(232,5882054,'颜色','蓝色'),
	(233,5882055,'颜色','绿色'),
	(234,5882056,'颜色','红色'),
	(235,6210308,'颜色','青色'),
	(236,6207872,'容量','黑色'),
	(237,6207873,'容量','红色'),
	(238,6212203,'容量','波尔多红'),
	(239,6212204,'容量','翠绿色'),
	(240,6212205,'容量','柠檬黄'),
	(241,6212206,'容量','朱砂红'),
	(242,8210547,'颜色','灰色'),
	(243,8408261,'颜色','白色'),
	(244,8408262,'颜色','黑金色'),
	(245,8408263,'颜色','蓝色'),
	(246,8408264,'颜色','黑绿色'),
	(247,8408265,'颜色','黑色'),
	(248,8837849,'颜色','黑色'),
	(249,8931925,'颜色','白色'),
	(250,8931926,'颜色','爵士黑'),
	(251,8931927,'颜色','酒红色'),
	(252,8931928,'颜色','电光蓝色'),
	(253,8931929,'颜色','银色'),
	(254,10555716,'颜色','黑色'),
	(255,8945102,'颜色','黑色'),
	(256,9000972,'颜色','黑色'),
	(257,9000973,'颜色','黑红色'),
	(258,9084438,'颜色','黑色'),
	(259,9084439,'颜色','白色'),
	(260,9086405,'颜色','黑色'),
	(261,9086406,'颜色','白色'),
	(262,9308053,'颜色','黑色'),
	(263,9312057,'颜色','黑色'),
	(264,9309051,'颜色','黑色'),
	(265,9310055,'颜色','黑色'),
	(266,9308056,'颜色','黑色'),
	(267,9312058,'颜色','白色'),
	(268,9207688,'颜色','黑色'),
	(269,9203963,'颜色','黑色'),
	(270,9203964,'颜色','白色'),
	(271,9203965,'颜色','红色'),
	(272,9210106,'颜色','黑色'),
	(273,9210107,'颜色','红色'),
	(274,9210108,'颜色','蓝色'),
	(275,9206762,'颜色','铁灰色'),
	(276,9206763,'颜色','白色'),
	(277,9212097,'颜色','黄色'),
	(278,9212098,'颜色','蓝色'),
	(279,9212099,'颜色','绿色'),
	(280,9210034,'颜色','蓝色'),
	(281,9210038,'颜色','黑色'),
	(282,9210039,'颜色','蓝色'),
	(283,9210040,'颜色','红色'),
	(284,9212799,'颜色','黑色');

/*!40000 ALTER TABLE `sku_attr` ENABLE KEYS */;
UNLOCK TABLES;


# Dump of table spu
# ------------------------------------------------------------

DROP TABLE IF EXISTS `spu`;

CREATE TABLE `spu` (
  `id` int(11) unsigned NOT NULL AUTO_INCREMENT COMMENT 'SPU',
  `cate_id` int(11) NOT NULL COMMENT '分类id',
  `name` varchar(50) NOT NULL DEFAULT '' COMMENT 'spu_name',
  `brand` varchar(255) DEFAULT NULL COMMENT '品牌',
  `cover_url` varchar(255) DEFAULT NULL COMMENT 'spu主图',
  `show_price` decimal(11,2) DEFAULT NULL COMMENT '显示价格',
  `total_sold` int(11) DEFAULT NULL COMMENT '总销售量',
  `service` varchar(255) DEFAULT NULL COMMENT '提供服务，存储字符串， 1-7天无理由退货，2-15天无忧换货，3-满119包邮，4-顺丰发货5-云音乐自营。。。。。',
  `is_hot_sale` tinyint(3) NOT NULL DEFAULT '0' COMMENT '热销商品，1-是，0-否',
  `is_recommd` tinyint(3) NOT NULL DEFAULT '0' COMMENT '编辑推荐，1-是，0-否',
  `is_delete` tinyint(1) NOT NULL DEFAULT '0',
  `create_time` int(10) DEFAULT NULL,
  `update_time` int(10) DEFAULT NULL,
  `status` tinyint(3) DEFAULT NULL,
  PRIMARY KEY (`id`)
) ENGINE=InnoDB DEFAULT CHARSET=utf8;

LOCK TABLES `spu` WRITE;
/*!40000 ALTER TABLE `spu` DISABLE KEYS */;

INSERT INTO `spu` (`id`, `cate_id`, `name`, `brand`, `cover_url`, `show_price`, `total_sold`, `service`, `is_hot_sale`, `is_recommd`, `is_delete`, `create_time`, `update_time`, `status`)
VALUES
	(5853054,1006000,'网易云音乐车载蓝牙播放器','网易','http://p3.music.126.net/BJVuKw-_CgkO477YABv1yw==/18665309394712674.jpg',99.00,26865,'1,3,7',0,0,0,1508128914,1508128914,1),
	(5882052,1005000,'JBL Reflect Mini BT','JBL','http://p4.music.126.net/S9qoXuIPAiKfmg21EQHgKA==/18633423557706605.jpg',599.00,189,'1,3,7',0,0,0,1508128927,1508128927,1),
	(5899050,1005000,'JBL T280A+','JBL','http://p4.music.126.net/XjmpfqlvlCqzA4E2UMi5ig==/18832435162220943.jpg',229.00,3013,'1,3,7',0,0,0,1508128915,1508128915,1),
	(5912050,1005000,'MONSTER Elements ON','魔声','http://p3.music.126.net/cYdjXrMLmwutPMFEsUq7yQ==/18744474232167416.jpg',1999.00,14,'1,3,7',0,0,0,1508128925,1508128925,1),
	(5934050,1005000,'JBL S100','JBL','http://p3.music.126.net/lohqY-SnrNhco-MNDRTyjg==/18906102439640549.jpg',239.00,422,'1,3,7',0,0,0,1508128924,1508128924,1),
	(5934054,1005000,'AKG Y20U 云音乐定制款','AKG','http://p3.music.126.net/lYvo1WhAM2VHnlzMGyUq3w==/18864320998106371.jpg',159.00,10939,'1,3,7',0,0,0,1508128912,1508128912,1),
	(5952052,1005000,'先锋SEC-CL31S','先锋','http://p3.music.126.net/MAqISVPRc5tYIdpyDWZMSQ==/18555358232018793.jpg',59.00,10621,'1,3,7',1,0,0,1508128918,1508128918,1),
	(5957053,1005000,'JVC S160','JVC','http://p3.music.126.net/pe1r_hAubCUFtP7YYsc28w==/18823639069198520.jpg',129.00,421,'1,3,7',0,0,0,1508128922,1508128922,1),
	(5965050,1005000,'先锋SEC-CL32S','先锋','http://p3.music.126.net/SRwQ0-15abucTB209badlA==/18553159208763266.jpg',99.00,6238,'1,3,7',0,0,0,1508128914,1508128914,1),
	(5972054,1007000,'网易云音乐车载快速充电器','网易','http://p3.music.126.net/rI-DGZpFULuT2I3NNANZGQ==/18832435162220949.jpg',39.00,1934,'1,3,7',0,0,0,1508128920,1508128920,1),
	(5981065,1005000,'JVC-ETR40','JVC','http://p4.music.126.net/5has-e3wjRzEGj66cYDNLA==/18526770929814622.jpg',249.00,251,'1,3,7',0,0,0,1508128923,1508128923,1),
	(5994056,1005000,'JBL Reflect Contour','JBL','http://p3.music.126.net/Agnmx1h7axyRV_qq01NUmQ==/18803847859902086.jpg',599.00,54,'1,3,7',0,0,0,1508128926,1508128926,1),
	(6034050,1005000,'先锋MJ532','先锋','http://p3.music.126.net/YcGmDT_XYstk9ZyMfqmSow==/18696095720388225.jpg',229.00,414,'1,3,7',0,0,0,1508128924,1508128924,1),
	(6045052,1005000,'魔声iSport Intensity','魔声','http://p4.music.126.net/kj93Mqjfe6JNxTKjD8LnOA==/3310629519183095.jpg',269.00,185,'1,3,7',0,0,0,1508128925,1508128925,1),
	(6065056,1009006,'JBL GO 音乐金砖','JBL','http://p4.music.126.net/Aj977crNOHs-fzOLYe4L3Q==/18690598162610457.jpg',249.00,724,'1,3,7',0,0,0,1508128911,1508128911,1),
	(6065063,1005000,'JVC HA-FX38M','JVC','http://p4.music.126.net/NaUJWO6oJs5EkxVtOgMA0A==/18667508418027333.jpg',138.00,677,'1,3,7',0,0,0,1508128924,1508128924,1),
	(6075053,1005000,'1MORE E1008','1MORE','http://p4.music.126.net/omz7H1KfRRAGF9rTEffYxg==/18797250790267362.jpg',599.00,44,'1,3,7',0,1,0,1508128926,1508128926,1),
	(6088055,1005000,'杰伟世（JVC）JVC-SR50X','JVC','http://p3.music.126.net/aUhcye5eIw8qFRm65FYdrw==/18659811836725790.jpg',269.00,125,'1,3,7',0,0,0,1508128923,1508128923,1),
	(6096054,1005000,'先锋E521BT','先锋','http://p4.music.126.net/B1xVUnh0RAnbvUaTa0oVjA==/18714787418193775.jpg',499.00,29,'1,3,7',0,0,0,1508128928,1508128928,1),
	(6103051,1005000,'索尼 MDR-100ABN','SONY/索尼','http://p3.music.126.net/7j6-08tZwM69tg6T9hrYeg==/18593841139171926.jpg',1999.00,6,'1,3,7',0,0,0,1508128928,1508128928,1),
	(6154053,1005000,'先锋SEC-S531BT','先锋','http://p3.music.126.net/DjYGimF4zsfiILO8YVyMqw==/18653214767062096.jpg',599.00,12,'1,3,7',0,0,0,1508128927,1508128927,1),
	(6155052,1005000,'1MORE EB100','1MORE','http://p3.music.126.net/Y-IFTzQ6TWdVfjLoLz4beQ==/19189776439614397.jpg',399.00,42,'1,3,7',0,0,0,1508128927,1508128927,1),
	(6156053,1005000,'威索尼可 VSD2','威索尼可','http://p4.music.126.net/C71z244yXxQ5run8gM-vzA==/19180980346562610.jpg',199.00,113,'1,3,7',0,0,0,1508128924,1508128924,1),
	(6157050,1005000,'威索尼可 NEW VSD3S','威索尼可','http://p4.music.126.net/gQM9yt6Ic4nkJpNCAVTQ8Q==/19111711114013809.jpg',319.00,114,'1,3,7',0,0,0,1508128927,1508128927,1),
	(6159050,1005000,'先锋SEC-S201BT','先锋','http://p4.music.126.net/S84ikRLX60CKZEqGoQSXYQ==/18768663487959707.jpg',599.00,8,'1,3,7',1,0,0,1508128926,1508128926,1),
	(6172053,1005000,'AKG Y16A','AKG','http://p4.music.126.net/MXrmzqDIa634zrulxEMMGw==/19243652509352664.jpg',199.00,147,'1,3,7',0,0,0,1508128925,1508128925,1),
	(6173054,1005000,'AKG K374U','AKG','http://p4.music.126.net/lbMuCR3ouNG892qeILWyPg==/19056735532653788.jpg',279.00,465,'1,3,7',1,0,0,1508128917,1508128917,1),
	(6176051,1005000,'魔声 Clarity Wireless 灵晰','魔声','http://p4.music.126.net/mrOBIQZS4AqmxE8K4EMwjg==/19002859462869190.jpg',549.00,57,'1,3,7',0,0,0,1508128924,1508128924,1),
	(6178051,1005000,'魔声 Diamondz','魔声','http://p4.music.126.net/GtY3a1ZPEQc8Db9gKkZ0gQ==/18511377767072088.jpg',2199.00,6,'1,3,7',1,0,0,1508128925,1508128925,1),
	(6211051,1005000,'达音科 DN-ES03','达音科','http://p4.music.126.net/2VkA77b255w8XLyPKYdyXA==/19043541393118062.jpg',159.00,79,'0',0,0,0,1508128923,1508128923,1),
	(6215051,1005000,'JBL UA 心率版','JBL','http://p3.music.126.net/S_cZivRZDon02GvMBl76IA==/19011655555921520.jpg',1899.00,2,'1,3,7',0,0,0,1508128926,1508128926,1),
	(6216050,1005000,'JBL C100SI','JBL','http://p4.music.126.net/61vQpffozxzupan-iTY0Vw==/18797250790304056.jpg',99.00,1436,'1,3,7',0,0,0,1508128915,1508128915,1),
	(6268051,1005000,'魔声 N-LITE 能极','魔声','http://p4.music.126.net/rwP8331CbajPewvlMCnQYQ==/18655413790367456.jpg',499.00,41,'1,3,7',0,0,0,1508128922,1508128922,1),
	(6286057,1005000,'in-voice IVIM-100','in-voice','http://p3.music.126.net/FblV2FrYcAy2WrGx0HQcDw==/18932490718762784.jpg',339.00,1500,'1,3,7',0,0,0,1508128913,1508128913,1),
	(6349051,1005000,'索尼MDR-EX750BT','SONY/索尼','http://p4.music.126.net/934hVXAIXY8QXYI7zjlmTg==/18799449813620437.jpg',1099.00,6,'1,3,7',0,0,0,1508128911,1508128911,1),
	(6376080,1007000,'网易云音乐苹果充电传输数据线','网易','http://p4.music.126.net/UYFlDPbLgZLFFiizi0vahA==/18658712325300569.jpg',59.00,195,'1,3,7',0,1,0,1508128928,1508128928,1),
	(6395065,1005000,'1MORE双单元Lightning主动降噪入耳式耳机','1MORE','http://p3.music.126.net/gI6_AReAOQ_NrsIULjWRsQ==/18756568860174996.jpg',899.00,7,'1,3,7',0,0,0,1508128928,1508128928,1),
	(6441052,1009006,'魔声（Monster）Superstar Hotshot 无线蓝牙音箱','魔声','http://p3.music.126.net/gO0ir65lhXy2kC9FYgAwmw==/18556457743933358.jpg',399.00,56,'0',0,0,0,1508128928,1508128928,1),
	(6447052,1009006,'漫步者（EDIFIER）B3 SOUNDBAR系统 家庭客厅电视音响系统','漫步者（EDIFIER）','http://p4.music.126.net/F_JBPcu_IgfcruzjrOkEuQ==/18527870441687787.jpg',779.00,1,'1,3,8,12',0,0,0,1508128929,1508128929,1),
	(6450054,1005000,'QCY QY11Red运动4.1无线蓝牙耳机挂耳式双耳耳塞式苹果音乐通用','QCY','http://p3.music.126.net/1lgF0a_nvXbbqL92ErdAPg==/109951162967711298.jpg',169.00,59,'1,3,8,12',0,0,0,1508128929,1508128929,1),
	(6451051,1009006,'Beats Pill+ 便携式无线蓝牙胶囊音箱 重低音','Beats','http://p3.music.126.net/uIbOQcPGEl4PgWjvt_gHUw==/18598239185799374.jpg',1688.00,16,'8,12',0,0,0,1508128918,1508128918,1),
	(6452050,1005000,'Beats urBeats 入耳式耳机 手机耳机 三键线控带麦','Beats','http://p3.music.126.net/ed82qsgQDiRCUlkxWHNW0A==/18765364953234978.jpg',549.00,750,'1,3,8,12',0,0,0,1508128912,1508128912,1),
	(6452052,1005000,'Beats Pro 录音师专业版 头戴式耳机','Beats','http://p4.music.126.net/8AzE5wrKMBvbjBBlU_tgDw==/18513576790470528.jpg',2288.00,20,'8,12',0,1,0,1508128917,1508128917,1),
	(6452054,1005000,'QCY Q8无线蓝牙耳机 4.1耳塞挂耳式手机通用型4.0运动迷你超小','QCY','http://p4.music.126.net/afKq8tG2h1Qiq7Z8g2WdQw==/109951162967630811.jpg',29.90,1126,'8,12,1,3',0,1,0,1508128920,1508128920,1),
	(6453051,1005000,'Beats Solo2 头戴式耳机 线控带麦 有线版','Beats','http://p3.music.126.net/c_lGa8RgNPs-TvVZGuBOTA==/18513576790470538.jpg',1288.00,16,'8,12',0,0,0,1508128929,1508128929,1),
	(6453053,1005000,'Beats X 蓝牙无线 入耳式运动耳机 带麦可通话','Beats','http://p4.music.126.net/NJniIAw50p4K2W-QkA3-aQ==/18588343581175348.jpg',988.00,1296,'1,3,8,12',0,0,0,1508128913,1508128913,1),
	(6454050,1005000,'Beats Studio Wireless 录音师无线蓝牙无线降噪头戴式耳机 内置麦克风','Beats','http://p3.music.126.net/tQHMJ0J8-3pQz0nzfSj3hA==/18513576790470526.jpg',1999.00,92,'8,12',0,1,0,1508128912,1508128912,1),
	(6454052,1005000,'QCY Q30C无线蓝牙耳机超长待机开车挂耳耳塞式苹果车载通用4.1','QCY','http://p4.music.126.net/aOh4_JqEDjW7_DCP--s6Gw==/109951162966847289.jpg',59.00,38,'8,12,1,3',0,0,0,1508128929,1508128929,1),
	(6454054,1005000,'QCY QY7运动无线蓝牙耳机跑步音乐通用4.1挂耳耳塞式苹果双入耳式','QCY','http://p3.music.126.net/rOfSOxDnG_rjO3z-u3subA==/109951162967667931.jpg',89.00,251,'8,12,1,3',0,0,0,1508128919,1508128919,1),
	(6455051,1009006,'QCY QQ800金属蓝牙小钢炮蓝牙音箱插卡迷你低音无线手机电脑音响','QCY','http://p4.music.126.net/raTZHF0Yre8N7HpODeAjDg==/109951162967732508.jpg',69.90,509,'8,12,1,3',0,0,0,1508128919,1508128919,1),
	(6479064,1005000,'漫步者（EDIFIER）W800BT 立体声头戴式蓝牙耳机','漫步者（EDIFIER）','http://p3.music.126.net/7q0knLsX5tr3iTcfavpf_A==/18498183627738283.jpg',189.00,2725,'1,3,8,12',0,0,0,1508128913,1508128913,1),
	(6480071,1005000,'森海塞尔mx170','森海塞尔','http://p3.music.126.net/Di0dY5dqmNye0a480eOgBg==/109951162971439540.jpg',99.00,59,'1,3,8,12',0,0,0,1508128930,1508128930,1),
	(6480086,1005000,'漫步者（EDIFIER）H180P 立体声耳机 线控带麦手机耳塞','漫步者（EDIFIER）','http://p4.music.126.net/drKuk541D-ku8Gdquct8wA==/18607035278848160.jpg',39.00,2260,'1,3,8,12',0,0,0,1508128916,1508128916,1),
	(6480091,1009006,'漫步者（EDIFIER）M101 漫威美队版 便携插卡蓝牙音箱','漫步者（EDIFIER）','http://p3.music.126.net/gJHGyQs3q_Zzpl2io1nz9w==/18802748348631585.jpg',389.00,22,'1,3,8,12',0,0,0,1508128932,1508128932,1),
	(6480093,1009006,'漫步者（EDIFIER）M300 无线蓝牙便携音箱 插卡音响','漫步者（EDIFIER）','http://p3.music.126.net/s0p3u0mEHoIUS38XfV-0Rw==/19054536509683438.jpg',359.00,4,'1,3,8,12',0,0,0,1508128932,1508128932,1),
	(6480097,1005000,'漫步者（EDIFIER）H691漫威钢铁侠版 头戴式立体声耳机','漫步者（EDIFIER）','http://p3.music.126.net/xFptx0Fl_JmpTwg5B_e6NQ==/18607035278848162.jpg',419.00,20,'1,3,8,12',0,0,0,1508128922,1508128922,1),
	(6483074,1005000,'森海塞尔cx2.00','森海塞尔','http://p3.music.126.net/4jsEhPMMwWfOoANxkXk3EQ==/109951162969431859.jpg',369.00,40,'1,3,8,12',1,0,0,1508128920,1508128920,1),
	(6484057,1005000,'漫步者（EDIFIER）W290BT 运动蓝牙入耳式耳机','漫步者（EDIFIER）','http://p4.music.126.net/RvstGSDRBMJtBJv4JtIFWA==/19227159835239268.jpg',259.00,86,'8,12',0,0,0,1508128918,1508128918,1),
	(6484060,1005000,'漫步者（EDIFIER）W580BT 漫威合作款 头戴式蓝牙耳机','漫步者（EDIFIER）','http://p4.music.126.net/M3Q8DhAnfHANcbl1wn2-Eg==/18498183627738282.jpg',319.00,113,'1,3,8,12',0,0,0,1508128918,1508128918,1),
	(6485056,1005000,'漫步者（EDIFIER）W28BT 耳挂式单边商务通话蓝牙耳机','漫步者（EDIFIER）','http://p3.music.126.net/4ko5kIX5qB_vWHOXwZGaOw==/18802748348631582.jpg',199.00,18,'1,3,8,12',0,0,0,1508128930,1508128930,1),
	(6485058,1005000,'漫步者（EDIFIER）W360BT 时尚挂颈式入耳蓝牙耳机 三键线控带麦','漫步者（EDIFIER）','http://p4.music.126.net/ztJasMjH_k5k9tdV5OXHSw==/18598239185853296.jpg',399.00,75,'1,3,8,12',0,1,0,1508128912,1508128912,1),
	(6485072,1005000,'森海塞尔 hd600','森海塞尔','http://p3.music.126.net/tJY7s3ml0lvyOpV5kW8Bbg==/18548761162627463.jpg',2199.00,0,'8,12',0,0,0,1508128930,1508128930,1),
	(6486059,1005000,'漫步者（EDIFIER）W670BT 头戴式无线蓝牙立体声耳机 带麦克风','漫步者（EDIFIER）','http://p3.music.126.net/J-MnW3ccqIxb-M81kIbxAA==/18598239185853297.jpg',269.00,10,'1,3,8,12',0,0,0,1508128930,1508128930,1),
	(6487061,1009006,'漫步者（EDIFIER）M19便携多媒体FM插卡音箱','漫步者（EDIFIER）','http://p3.music.126.net/haSiDHjwaryZJyK8SCBF7w==/18607035278848181.jpg',188.00,2,'1,3,8,12',0,0,0,1508128932,1508128932,1),
	(6487063,1009006,'漫步者（EDIFIER）S2000MKII 新旗舰 HIFI有源2.0多媒体音箱 蓝牙音箱 音响','漫步者（EDIFIER）','http://p3.music.126.net/JH4P85Hg6DvBe7X2Xjo52A==/19124905253840518.jpg',1799.00,2,'8,12',0,0,0,1508128933,1508128933,1),
	(6487074,1005000,'漫步者（EDIFIER） H297 高端旗舰入耳式耳机 运动耳塞挂耳式耳塞','漫步者（EDIFIER）','http://p4.music.126.net/vMhA00r9SHcp4u8mqCuCzw==/19163388160822458.jpg',499.00,13,'1,3,8,12',0,0,0,1508128922,1508128922,1),
	(6488060,1009006,'漫步者（EDIFIER）R12U 入门级微型2.0笔记本桌面音响音箱','漫步者（EDIFIER）','http://p3.music.126.net/K-RvnmWKZvPfMjUnpQ4OiQ==/18498183627738285.jpg',79.00,44,'1,3,8,12',0,0,0,1508128931,1508128931,1),
	(6488068,1005000,'漫步者（EDIFIER）H840 高保真音乐头戴式耳机','漫步者（EDIFIER）','http://p3.music.126.net/ZRNThcAS4RC-AKw0g9ItJA==/19020451649211487.jpg',129.00,78,'1,3,8,12',0,0,0,1508128921,1508128921,1),
	(6488079,1005000,'漫步者（EDIFIER）H190 耳塞式手机通用音乐耳机','漫步者（EDIFIER）','http://p3.music.126.net/aVAnDIdaePxduauweM4wZw==/19124905253840496.jpg',88.00,130,'1,3,8,12',0,0,0,1508128919,1508128919,1),
	(6489050,1005000,'森海塞尔 HD 2.10','森海塞尔','http://p4.music.126.net/lrYZI0vne5AxUo51Cz36Jw==/109951162971787447.jpg',369.00,7,'1,3,8,12',0,0,0,1508128930,1508128930,1),
	(6489052,1005000,'森海塞尔 4.20s','森海塞尔','http://p4.music.126.net/2un_mgOfgnuUiCFvs8xBWA==/18864320998106376.jpg',539.00,8,'1,3,8,12',0,0,0,1508128931,1508128931,1),
	(6489065,1009006,'漫步者（EDIFIER）M100 迷你便携蓝牙音箱户外音箱插卡音响','漫步者（EDIFIER）','http://p3.music.126.net/7sanG733eWM3Yt6XELSZZg==/18830236139322984.jpg',188.00,12,'1,3,8,12',0,0,0,1508128932,1508128932,1),
	(6489067,1009006,'漫步者（EDIFIER）S50 2.0声道家庭电视影院音响 无线蓝牙回音壁 SOUNDBAR','漫步者（EDIFIER）','http://p4.music.126.net/08CZtCqN25nNngX-K-U-tg==/18771962023049330.jpg',1099.00,0,'8,12',0,0,0,1508128933,1508128933,1),
	(6490052,1005000,'森海塞尔 cx1.00','森海塞尔','http://p4.music.126.net/9sfJy95AANI_49O4Fat_UA==/109951162972054479.jpg',299.00,22,'1,3,8,12',0,0,0,1508128931,1508128931,1),
	(6490063,1009006,'漫步者（EDIFIER）M16 便携式多媒体有源音箱','漫步者（EDIFIER）','http://p3.music.126.net/VcpxrexiJtgRs7wXFnnhng==/18808245906764068.jpg',199.00,10,'1,3,8,12',0,0,0,1508128931,1508128931,1),
	(6491051,1005000,'漫步者（EDIFIER）H186P 耳塞式线控带麦手机通用立体声耳机','漫步者（EDIFIER）','http://p3.music.126.net/OgK-NEZtR0kx04CGx3ECKQ==/18558656767255219.jpg',69.00,165,'1,3,8,12',0,0,0,1508128921,1508128921,1),
	(6492050,1005000,'漫步者（EDIFIER）H185P 高保真立体声耳机 线控带麦可通话','漫步者（EDIFIER）','http://p4.music.126.net/adExSUXK4jLICRfgPP4r8Q==/18771962023049310.jpg',59.00,243,'1,3,8,12',0,1,0,1508128920,1508128920,1),
	(6492052,1005000,'漫步者（EDIFIER）H210 高保真入耳式立体声耳机','漫步者（EDIFIER）','http://p4.music.126.net/zCisaCOHVphjLnYhiGPu4Q==/19163388160822457.jpg',45.00,338,'1,3,8,12',0,0,0,1508128923,1508128923,1),
	(6492058,1009006,'漫步者（EDIFIER）M5 MKIII 迷你便携户外蓝牙音箱','漫步者（EDIFIER）','http://p3.music.126.net/l9DktwseNq9cqVWonMaKOg==/18924794137594835.jpg',439.00,3,'1,3,8,12',0,0,0,1508128932,1508128932,1),
	(6497059,1005000,'Panasonic（松下）可折叠便携出街耳机HXS200黑色','松下','http://p4.music.126.net/-J96LUT9PPHI9dGSFUoP6A==/109951162977275384.jpg',168.00,30,'1,3,8,12',0,0,0,1508128911,1508128911,1),
	(6506128,1009006,'Philips/飞利浦 BT100无线蓝牙音箱便携迷你手机电脑小音响低音炮','Philips/飞利浦','http://p4.music.126.net/28mu7AwyJ8eGsupFelK7cw==/109951162985609217.jpg',169.00,22,'1,3,8,12',0,0,0,1508128921,1508128921,1),
	(6512066,1005000,'铁三角 CK330IS 手机专用带麦通话入耳式耳机','铁三角','http://p3.music.126.net/9U3P2tSOdORzheuigzBF1Q==/109951162978711071.jpg',169.00,283,'1,3,8,12',0,1,0,1508128913,1508128913,1),
	(6521051,1005000,'森海塞尔cx3.00 白','森海塞尔','http://p4.music.126.net/J_4tYOOtX30HObH3soKKlA==/109951162982879763.jpg',369.00,39,'1,3,8,12',0,0,0,1508128916,1508128916,1),
	(6524070,1009006,'Philips/飞利浦 音乐魔盒 BT110便携式无线蓝牙音箱迷你口袋低音炮通话小音响','Philips/飞利浦','http://p3.music.126.net/usU3MxuzumxG0lLX3kSSeg==/18694996209130491.jpg',299.00,13,'1,3,8,12',0,0,0,1508128911,1508128911,1),
	(6529060,1005000,'Philips/飞利浦 TX2 线控耳机 电脑耳机笔记本入耳式耳麦带麦克风','Philips/飞利浦','http://p3.music.126.net/bRGzpTInkypMDi5CuMlLmg==/109951162986321748.jpg',199.00,16,'1,3,8,12',0,0,0,1508128921,1508128921,1),
	(6529071,1005000,'击音(iGene)Super HDⅡ【全触摸】进口HIFI降噪无线有线双模蓝牙头戴','击音','http://p4.music.126.net/0bSOycBysXFViicWN3B28Q==/109951162986578319.jpg',299.00,402,'1,3,8,12',0,0,0,1508128914,1508128914,1),
	(6531056,1006000,'SONY/索尼 NWZ-B183F 4G MP3播放器便捷迷你运动跑步MP3耳机收音机','SONY/索尼','http://p3.music.126.net/DFWUyR_AO_MI7oP4p_04TQ==/109951162986284581.jpg',299.00,45,'1,3,8,12',0,0,0,1508128915,1508128915,1),
	(6531067,1005000,'击音听键A1 有线耳机秒变无线 4+种佩戴 苹果安卓必备新配件','击音','http://p4.music.126.net/LJDWRjKZKP1MVzxIN3LN_A==/19100715998038101.jpg',69.00,22344,'1,3,8,12',0,0,0,1508128912,1508128912,1),
	(6531098,1005000,'1MORE活塞耳机风尚版E1009','1MORE','http://p4.music.126.net/-5rE_DRBIgim2CkDE27FQA==/18548761162627442.jpg',59.00,344,'1,3,7',0,0,0,1508128919,1508128919,1),
	(6538071,1005000,'漫步者（EDIFIER）W675BT 头戴式无线蓝牙音乐耳机','漫步者（EDIFIER）','http://p3.music.126.net/J1CGOOBZGdhFcrkCjf0fHg==/109951162995562544.jpg',279.00,33,'8,12',1,0,0,1508128923,1508128923,1),
	(6540065,1005000,'漫步者（EDIFIER）W295 薛之谦 DSP联名款 立体声运动蓝牙耳机','漫步者（EDIFIER）','http://p3.music.126.net/iOtMBXZGYFAvnb8e_gr5wQ==/109951162995534480.jpg',299.00,24,'8,12',0,0,0,1508128920,1508128920,1),
	(6543062,1005000,'漫步者（EDIFIER）W293BT 氧气瓶 入耳式无线蓝牙运动防汗耳机','漫步者（EDIFIER）','http://p4.music.126.net/rFh1506l-d89hAKHoknM_A==/109951162995532798.jpg',299.00,63,'8,12',0,0,0,1508128918,1508128918,1),
	(6551056,1005000,'三星 U Flex 弹力项圈运动入耳式蓝牙耳机 黑色','三星','http://p4.music.126.net/fbzYWhqhqQ2ClQaTAXmgzw==/109951163002828702.jpg',499.00,3,'3,8,12',0,0,0,1508128910,1508128910,1),
	(6584063,1007000,'亚马逊Kindle paperwhite 电子书阅读器','Kindle','http://p3.music.126.net/h7PWa2ognzL5HgCFJ89xhA==/109951163018635925.jpg',958.00,8,'1,3,8,12',0,0,0,1508128914,1508128914,1),
	(6585060,1007000,'亚马逊Kindle Voyage电子书阅读器','Kindle','http://p3.music.126.net/Ejcvguuhx-93ZSFK3gdPlw==/109951163018730023.jpg',1499.00,2,'1,3,8,12',0,0,0,1508128915,1508128915,1),
	(6598062,1005000,'雷蛇(Razer) 北海巨妖专业版Kraken Mobile 随行魔彩版耳机','雷蛇(Razer)','http://p4.music.126.net/zAzxFQAEtCqSfpjaj6D1CQ==/18640020627779740.jpg',525.00,1,'1,3,8,12',0,0,0,1508128916,1508128916,1),
	(6598068,1009006,'Sony/索尼 SRS-XB20无线蓝牙音箱','SONY/索尼','http://p4.music.126.net/WYnwrii0r780ZEN2gzZ0fQ==/18640020627779739.jpg',749.00,3,'1,3,8,12',0,0,0,1508128917,1508128917,1),
	(6600066,1009006,'Sony/索尼 SRS-HG2无线蓝牙音箱','SONY/索尼','http://p4.music.126.net/XJPBFrbPKgkTNNiLm1M3uA==/19163388160857924.jpg',1288.00,0,'8,12',0,0,0,1508128917,1508128917,1),
	(6601063,1007000,'雷蛇(Razer) 堡垒神蛛Turret 蓝牙2.4G无线双模游戏鼠标键盘套装','雷蛇(Razer)','http://p4.music.126.net/wolhWEHZbbKxjyVgOW8lxQ==/18589443092880494.jpg',1229.00,0,'1,3,8,12',0,0,0,1508128916,1508128916,1),
	(6601072,1005000,'雷蛇(Razer) 战锤狂鲨Hammerhead IOS苹果手机专用版入耳式游戏耳塞 户外','雷蛇(Razer)','http://p4.music.126.net/Hwf9aGBHaLz3s96j5Up5YA==/18819241023090679.jpg',849.00,0,'1,3,8,12',0,0,0,1508128917,1508128917,1);

/*!40000 ALTER TABLE `spu` ENABLE KEYS */;
UNLOCK TABLES;


# Dump of table spu_detail
# ------------------------------------------------------------

DROP TABLE IF EXISTS `spu_detail`;

CREATE TABLE `spu_detail` (
  `id` int(11) unsigned NOT NULL AUTO_INCREMENT,
  `spu_id` int(11) NOT NULL,
  `type` tinyint(3) NOT NULL COMMENT '详情内容记录，1-文字，2-图片、3-全部',
  `value` varchar(255) DEFAULT NULL COMMENT '内容',
  PRIMARY KEY (`id`)
) ENGINE=InnoDB DEFAULT CHARSET=utf8;

LOCK TABLES `spu_detail` WRITE;
/*!40000 ALTER TABLE `spu_detail` DISABLE KEYS */;

INSERT INTO `spu_detail` (`id`, `spu_id`, `type`, `value`)
VALUES
	(1,6551056,1,'<span style=\"color:#ff0000;\">正品低价 品质保证：云音乐商城所有产品均由品牌方直供，杜绝假货。</span>'),
	(2,6551056,1,'<span style=\"color:#ff0000;\">该产品一经拆封，非质量问题不接受7天无理由退货。</span>'),
	(3,6551056,1,'<br>'),
	(4,6551056,2,'http://p4.music.126.net/rwwKSFkend3gbzopyhzOHg==/109951163002824339.jpg'),
	(5,6551056,2,'http://p3.music.126.net/-qwxDVvvflG5y1-zHsEnQQ==/109951163002828313.jpg'),
	(6,6551056,2,'http://p3.music.126.net/l9e1nBkYYEJ-M9osXaZM5A==/109951163002829673.jpg'),
	(7,6551056,2,'http://p4.music.126.net/va9797mCckV0HAg_Whpa-Q==/109951163002823440.jpg'),
	(8,6551056,2,'http://p4.music.126.net/GLOWgBLppTPWzq6Ruk2oVw==/109951163002823931.jpg'),
	(9,6551056,2,'http://p4.music.126.net/MrJzgBVxOS1YJ904d3DCfQ==/109951163002825850.jpg'),
	(10,6551056,2,'http://p4.music.126.net/8m8zd3aKYcCgKX2fmdKZng==/109951163002821992.jpg'),
	(11,6551056,2,'http://p4.music.126.net/3g9x_THDU4c5qQSqRfvf1w==/109951163002824356.jpg'),
	(12,6551056,2,'http://p4.music.126.net/DG262GzGkBTvEQNDF5yZXQ==/109951163002831129.jpg'),
	(13,6551056,2,'http://p3.music.126.net/mHb2EGfJsoN1E7lD0wdEzA==/109951163002823456.jpg'),
	(14,6551056,2,'http://p4.music.126.net/z01qQyU5mSrZ8h6U83t4bg==/109951163002824363.jpg'),
	(15,6551056,1,'<br>'),
	(16,6551056,1,'商品交易成功后会在2个工作日内由上海微意电子有限公司发货，法定节假日顺延，请在确认商品完好后再签收。'),
	(17,6551056,1,'若存在质量问题，请务必在7天之内联系客服：'),
	(18,6551056,1,'·客服账号：私信 @云音乐客服'),
	(19,6551056,1,'·客服邮箱：cloudmusicservice@163.com。'),
	(20,6551056,1,'·温馨提示：完整的包装、配件和保修卡是电子产品进行售后的基础，请务必查看齐全后签收并妥善保管。'),
	(21,6524070,1,'<span style=\"color:#ff0000;\">正品低价 品质保证：云音乐商城所有产品均由品牌方直供，杜绝假货。</span>'),
	(22,6524070,1,'<br>'),
	(23,6524070,2,'http://p4.music.126.net/U1oD5PPGZn4-WFJGORyIYg==/109951162984567452.jpg'),
	(24,6524070,1,'<br>'),
	(25,6524070,1,'商品交易成功后会在2个工作日内由上海奥宁电子科技有限公司发货，法定节假日顺延，请在确认商品完好后再签收。'),
	(26,6524070,1,'若存在质量问题，请务必在7天之内联系客服：'),
	(27,6524070,1,'·客服账号：私信 @云音乐客服'),
	(28,6524070,1,'·客服邮箱：cloudmusicservice@163.com。'),
	(29,6524070,1,'·温馨提示：完整的包装、配件和保修卡是电子产品进行售后的基础，请务必查看齐全后签收并妥善保管。'),
	(30,6065056,1,'<span style=\"color:#ff0000;\">正品低价 品质保证：云音乐商城所有产品均由品牌方直供，杜绝假货。</span>'),
	(31,6065056,1,'<span style=\"font-weight:bold;\">JBL GO 音乐金砖 蓝牙小音箱 音响 低音炮 便携迷你音响</span>'),
	(32,6065056,1,'·型号：JBL GO 音乐金砖 '),
	(33,6065056,1,'·颜色：爵士黑、玫瑰红、魄力红、青春绿、橙色、黄色、灰色、蓝色'),
	(34,6065056,1,'<br>'),
	(35,6065056,2,'http://p3.music.126.net/iHP6smGb_-kooRjOD87HZA==/1413971961146831.jpg'),
	(36,6065056,2,'http://p4.music.126.net/RLT9Vv_JEY1CFxTRJF23Yw==/1426066589079274.jpg'),
	(37,6065056,2,'http://p3.music.126.net/NeyNfP09pnRvjgVYUWsguA==/1399678309960672.jpg'),
	(38,6065056,2,'http://p3.music.126.net/SaiWdoXKeW-VxX2ku5-Vdw==/1418370007738844.jpg'),
	(39,6065056,2,'http://p4.music.126.net/X2ueUgJKOENGxqZsS-dT_A==/1421668542567516.jpg'),
	(40,6065056,1,'<br>'),
	(41,6065056,1,'商品交易成功后会在2个工作日内发货，法定节假日顺延，请在确认商品完好后再签收。'),
	(42,6065056,1,'若存在质量问题，请务必在7天之内联系客服：'),
	(43,6065056,1,'·客服账号：私信 @云音乐客服'),
	(44,6065056,1,'·客服邮箱：cloudmusicservice@163.com。'),
	(45,6065056,1,'·温馨提示：完整的包装、配件和保修卡是电子产品进行保修的基础，请务必查看齐全后签收并妥善保管。'),
	(46,6497059,1,'<span style=\"color:#ff0000;\">正品低价 品质保证：云音乐商城所有产品均由品牌方直供，杜绝假货。</span>'),
	(47,6497059,1,'<br>'),
	(48,6497059,2,'http://p3.music.126.net/KlFPMqGEm2CNRCyagtGbLg==/109951162977276362.jpg'),
	(49,6497059,1,'<br>'),
	(50,6497059,1,'商品交易成功后会在2个工作日内由上海品音贸易有限公司发货，法定节假日顺延，请在确认商品完好后再签收。'),
	(51,6497059,1,'若存在质量问题，请务必在7天之内联系客服：'),
	(52,6497059,1,'·客服账号：私信 @云音乐客服'),
	(53,6497059,1,'·客服邮箱：cloudmusicservice@163.com。'),
	(54,6497059,1,'·温馨提示：完整的包装、配件和保修卡是电子产品进行售后的基础，请务必查看齐全后签收并妥善保管。'),
	(55,6349051,1,'<span style=\"color:#ff0000;\">正品低价 品质保证：云音乐商城所有产品均由品牌方直供，杜绝假货。</span>'),
	(56,6349051,1,'<span style=\"font-weight:bold;\">索尼（SONY）h.ear in Wireless MDR-EX750BT 无线立体声耳机</span>'),
	(57,6349051,1,'·型号：MDR-EX750BT'),
	(58,6349051,1,'·颜色：朱砂色、翠绿色、炭黑色、波尔多红'),
	(59,6349051,1,'<br>'),
	(60,6349051,2,'http://p4.music.126.net/tRqhI3fPhJcg5ilTwKMnDw==/19198572532735012.jpg'),
	(61,6349051,2,'http://p3.music.126.net/-hYtGaCw5EYEgUlY37qm3Q==/18985267276947869.jpg'),
	(62,6349051,2,'http://p4.music.126.net/T5Wg1xDmLN9JENS78xpZKg==/18799449813620444.jpg'),
	(63,6349051,1,'<br>'),
	(64,6349051,1,'商品交易成功后会在2个工作日内发货，法定节假日顺延，请在确认商品完好后再签收。'),
	(65,6349051,1,'若存在质量问题，请务必在7天之内联系客服：'),
	(66,6349051,1,'·客服账号：私信 @云音乐客服'),
	(67,6349051,1,'·客服邮箱：cloudmusicservice@163.com。'),
	(68,6349051,1,'·温馨提示：完整的包装、配件和保修卡是电子产品进行保修的基础，请务必查看齐全后签收并妥善保管。'),
	(69,6452050,1,'<span style=\"color:#ff0000;\">正品低价 品质保证：云音乐商城所有产品均由品牌方直供，杜绝假货。</span>'),
	(70,6452050,1,'<span style=\"color:#ff0000;\">该产品非质量问题不接受7天无理由退货。</span>'),
	(71,6452050,1,'<br>'),
	(72,6452050,2,'http://p4.music.126.net/U3H8pjFyVL9c5_lYnvQLIQ==/109951162966495951.jpg'),
	(73,6452050,2,'http://p4.music.126.net/bhNBBxG9ify4inTq3C-pHg==/109951162966502110.jpg'),
	(74,6452050,2,'http://p4.music.126.net/ORRUogTZSfSLrHtb4E8O9Q==/109951162966501602.jpg'),
	(75,6452050,2,'http://p3.music.126.net/E68CEMVLc9pqjRWLY38R_w==/109951162966497826.jpg'),
	(76,6452050,2,'http://p3.music.126.net/qM2umgYN6HZ3eA1uZREguw==/109951162966498805.jpg'),
	(77,6452050,2,'http://p3.music.126.net/SDDoBRV4M8OgM87dcMHEPw==/109951162966502131.jpg'),
	(78,6452050,2,'http://p4.music.126.net/xSuRyDJRlEdgXgHFvMtq0w==/109951162966501198.jpg'),
	(79,6452050,2,'http://p4.music.126.net/dDsuxDHCOUA3ZJ_xFaE6Ag==/18874216602736533.jpg'),
	(80,6452050,2,'http://p3.music.126.net/UcEmp-zcnn-qNBW5ctQtNw==/19087521858523378.jpg'),
	(81,6452050,1,'<br>'),
	(82,6452050,1,'商品交易成功后会在2个工作日内由上海微意电子有限公司发货，法定节假日顺延，请在确认商品完好后再签收。'),
	(83,6452050,1,'若存在质量问题，请务必在7天之内联系客服：'),
	(84,6452050,1,'·客服账号：私信 @云音乐客服'),
	(85,6452050,1,'·客服邮箱：cloudmusicservice@163.com。'),
	(86,6452050,1,'·温馨提示：完整的包装、配件和保修卡是电子产品进行保修的基础，请务必查看齐全后签收并妥善保管。'),
	(87,6454050,1,'<span style=\"color:#ff0000;\">正品低价 品质保证：云音乐商城所有产品均由品牌方直供，杜绝假货。</span>'),
	(88,6454050,1,'<span style=\"color:#ff0000;\">该产品一经拆封，非质量问题不接受7天无理由退货。</span>'),
	(89,6454050,1,'<br>'),
	(90,6454050,2,'http://p4.music.126.net/wkZ7t5RvXEMhhyRaMsimLw==/109951162966745830.jpg'),
	(91,6454050,2,'http://p4.music.126.net/L4XOcz69w-sjPKBsVoOp8w==/109951162966751059.jpg'),
	(92,6454050,2,'http://p3.music.126.net/3IeI5DkpWvbjgGCdF58Ekw==/109951162966743481.jpg'),
	(93,6454050,2,'http://p4.music.126.net/QIV3RCjzR8i-8Dr1s7POGw==/109951162966744979.jpg'),
	(94,6454050,2,'http://p4.music.126.net/1Wr3A4IcUXFF7gpp-7nzMw==/109951162966753095.jpg'),
	(95,6454050,2,'http://p4.music.126.net/BlGNg3DQa6D_Mx0fBMisbA==/109951162966745405.jpg'),
	(96,6454050,2,'http://p4.music.126.net/jGvBXgvUAxFk76rffORpYw==/109951162966749321.jpg'),
	(97,6454050,2,'http://p3.music.126.net/dDsuxDHCOUA3ZJ_xFaE6Ag==/18874216602736533.jpg'),
	(98,6454050,2,'http://p4.music.126.net/UcEmp-zcnn-qNBW5ctQtNw==/19087521858523378.jpg'),
	(99,6454050,1,'<br>'),
	(100,6454050,1,'商品交易成功后会在2个工作日内由上海微意电子有限公司发货，法定节假日顺延，请在确认商品完好后再签收。'),
	(101,6454050,1,'若存在质量问题，请务必在7天之内联系客服：'),
	(102,6454050,1,'·客服账号：私信 @云音乐客服'),
	(103,6454050,1,'·客服邮箱：cloudmusicservice@163.com。'),
	(104,6454050,1,'·温馨提示：完整的包装、配件和保修卡是电子产品进行售后的基础，请务必查看齐全后签收并妥善保管。'),
	(105,6531067,1,'<span style=\"color:#ff0000;\">正品低价 品质保证：云音乐商城所有产品均由品牌方直供，杜绝假货。</span>'),
	(106,6531067,1,'<br>'),
	(107,6531067,2,'http://p4.music.126.net/5Db4dghxnwb2-WsKh80NnA==/18714787418382464.jpg'),
	(108,6531067,2,'http://p4.music.126.net/LIuWFD58WiFN9rs_ETr3aQ==/18862121974783891.jpg'),
	(109,6531067,2,'http://p4.music.126.net/xE-FSWb8JfILUWuNhEdgIg==/18553159209094247.jpg'),
	(110,6531067,2,'http://p3.music.126.net/_nWE6EDWOgpnqER2vSqB0A==/18984167765464185.jpg'),
	(111,6531067,2,'http://p3.music.126.net/F59I3VxwdBjdn7MRgPpKvA==/18820340534676112.jpg'),
	(112,6531067,2,'http://p3.music.126.net/-9aICEIi_kij0cs6PhPIkw==/18504780697477305.jpg'),
	(113,6531067,2,'http://p3.music.126.net/vqywcAMAiBXB7bQeF2QVGQ==/19115009649173881.jpg'),
	(114,6531067,2,'http://p4.music.126.net/0xmg2SaauKQ4lmCQWhW7Pw==/19100715998038097.jpg'),
	(115,6531067,2,'http://p3.music.126.net/ocdrXHz1zmN8omVTr3raaA==/18983068253834167.jpg'),
	(116,6531067,2,'http://p3.music.126.net/APmFs7kGESI745hQcvVWRw==/19191975463114194.jpg'),
	(117,6531067,2,'http://p3.music.126.net/ZZmzGfv0LxhA6lW5OKIneg==/18867619532922325.jpg'),
	(118,6531067,2,'http://p3.music.126.net/k-oGpnvznryPt2AuyyPIRw==/18911599998026071.jpg'),
	(119,6531067,2,'http://p3.music.126.net/Leep7awuPIMp8jvMRKOV1Q==/18789554209065679.jpg'),
	(120,6531067,2,'http://p4.music.126.net/hprFZia9asCviYgkFVgv2A==/18894007811979807.jpg'),
	(121,6531067,2,'http://p3.music.126.net/uTXv_Sxs5IbPEhJ4zavWpQ==/18755469348613774.jpg'),
	(122,6531067,2,'http://p3.music.126.net/HAH5cgkkWGJvAJI5E6EuGw==/19186477904979810.jpg'),
	(123,6531067,2,'http://p3.music.126.net/3FdhDEKMBri1JctBi0tj_A==/19178781323651492.jpg'),
	(124,6531067,2,'http://p4.music.126.net/yfFA4KTgsds4WuypI5Y-cQ==/18892908300359719.jpg'),
	(125,6531067,2,'http://p3.music.126.net/Z0bEDoJVcZYqDS-qW9XjFA==/18862121974783892.jpg'),
	(126,6531067,2,'http://p3.music.126.net/NJBu_KANCM9ceLntbrRyRg==/18626826488141928.jpg'),
	(127,6531067,2,'http://p4.music.126.net/vh1YPtZH-Lh6D5bKbQheMw==/18984167765464186.jpg'),
	(128,6531067,2,'http://p4.music.126.net/tJVGgNxwEEDrd_kFRN1DOQ==/18553159209094248.jpg'),
	(129,6531067,2,'http://p3.music.126.net/nlDx70p5q5WBEw13yb1Tzg==/18820340534676113.jpg'),
	(130,6531067,2,'http://p4.music.126.net/XKXum1wVgdLdEJhCba65-g==/19056735532893157.jpg'),
	(131,6531067,2,'http://p4.music.126.net/JYBqaCY1JVXC7H5O8kdd7g==/19115009649173882.jpg'),
	(132,6531067,2,'http://p3.music.126.net/HghTHZyOpI_v8LPs6RUIIA==/18945684858579638.jpg'),
	(133,6531067,2,'http://p4.music.126.net/G--os6XvdwkE1VL-wfalbw==/18911599998026072.jpg'),
	(134,6531067,1,'<br>'),
	(135,6531067,1,'商品交易成功后会在2个工作日内由敲敲科技（北京）有限公司发货，法定节假日顺延，请在确认商品完好后再签收。若存在质量问题，请务必在7天之内联系客服：'),
	(136,6531067,1,'·客服账号：私信 @云音乐客服·客服邮箱：cloudmusicservice@163.com。'),
	(137,6531067,1,'·温馨提示：完整的包装、配件和保修卡是电子产品进行售后的基础，请务必查看齐全后签收并妥善保管。'),
	(138,6485058,1,'<span style=\"color:#ff0000;\">正品低价 品质保证：云音乐商城所有产品均由品牌方直供，杜绝假货。</span>'),
	(139,6485058,1,'<br>'),
	(140,6485058,2,'http://p3.music.126.net/zwXgxPZTvxFQuMCeHfA8QQ==/109951162969092191.jpg'),
	(141,6485058,2,'http://p3.music.126.net/soAPIoSSp05WIKK7zKuOEw==/109951162969088870.jpg'),
	(142,6485058,2,'http://p3.music.126.net/jaXXOme2qugEKO0nlPp0eQ==/109951162969079489.jpg'),
	(143,6485058,2,'http://p3.music.126.net/Z3oo3PhK7hHq9aMCzI_XuA==/109951162969081439.jpg'),
	(144,6485058,2,'http://p4.music.126.net/S7cUOGg-WTHYQT-tzNFHqA==/109951162969080926.jpg'),
	(145,6485058,2,'http://p4.music.126.net/sne9h_F7NDKy0ZbI6FV2MA==/109951162969080927.jpg'),
	(146,6485058,2,'http://p3.music.126.net/SBPT1jTP790Z3QCdqrEIcw==/109951162969086196.jpg'),
	(147,6485058,2,'http://p3.music.126.net/KKfoTax8Yj8yHibqQ22Gkw==/109951162969088885.jpg'),
	(148,6485058,2,'http://p3.music.126.net/9MWe-0hS5h9oSidvwf23cw==/109951162969087216.jpg'),
	(149,6485058,2,'http://p3.music.126.net/nNmD8vkZROqOPkKlv9YCGw==/109951162969089312.jpg'),
	(150,6485058,2,'http://p3.music.126.net/VSkrVkIb302BMDbF_j52dQ==/109951162969085811.jpg'),
	(151,6485058,2,'http://p3.music.126.net/mLECxoRouEwZ1cMgrlrw1A==/109951162969092590.jpg'),
	(152,6485058,1,'<br>'),
	(153,6485058,1,'商品交易成功后会在2个工作日内由上海微意电子有限公司发货，法定节假日顺延，请在确认商品完好后再签收。'),
	(154,6485058,1,'若存在质量问题，请务必在7天之内联系客服：'),
	(155,6485058,1,'·客服账号：私信 @云音乐客服'),
	(156,6485058,1,'·客服邮箱：cloudmusicservice@163.com。'),
	(157,6485058,1,'·温馨提示：完整的包装、配件和保修卡是电子产品进行售后的基础，请务必查看齐全后签收并妥善保管。'),
	(158,5934054,1,'<span style=\"color:#ff0000;\">正品低价 品质保证：云音乐商城所有第三方产品均由品牌方直供，杜绝假货。</span>'),
	(159,5934054,1,'<span style=\"color:#ff0000;\">该产品一经拆封，非质量问题不接受7天无理由退货。</span>'),
	(160,5934054,1,'<span style=\"font-weight:bold;\">AKG Y20U 立体声入耳式通话耳机</span>'),
	(161,5934054,1,'·型号：AKG Y20U'),
	(162,5934054,1,'·颜色：蓝色、黑色、灰色'),
	(163,5934054,1,'<span style=\"font-weight:bold;\"><span style=\"color:#ff0000;\">云音乐官方推荐百搭配件：<a href=\"http://music.163.com/store/product/detail?id=6531067\" rel=\"nofollow\" style=\"color:#0000FF;\">击音听键A1，有线耳机秒变无线，点击购买</a>'),
	(164,5934054,1,'<br>'),
	(165,5934054,1,'Y系列潮品全新血液，专为年轻人打造的时尚炫彩耳机~低频表现出色，实力还原声音原始本色。'),
	(166,5934054,1,'<br>'),
	(167,5934054,2,'http://p4.music.126.net/6pXfwx43c-QOhRYxXG9QJg==/1402976849497278.jpg'),
	(168,5934054,2,'http://p4.music.126.net/aNpN6KvfFBZSMqsManR_XQ==/3438172865039654.jpg'),
	(169,5934054,2,'http://p3.music.126.net/zMeNDhARLq7NYc4LiIUvwA==/3440371888295456.jpg'),
	(170,5934054,2,'http://p3.music.126.net/Xb8Xt9d1NyDQ01d32wQvUQ==/3401888982457747.jpg'),
	(171,5934054,1,'<br>'),
	(172,5934054,1,'商品交易成功后会在2个工作日内发货，法定节假日顺延，请在确认商品完好后再签收。'),
	(173,5934054,1,'若存在质量问题，请务必在7天之内联系客服：'),
	(174,5934054,1,'·客服账号：私信 @云音乐客服'),
	(175,5934054,1,'·客服邮箱：cloudmusicservice@163.com。'),
	(176,5934054,1,'·温馨提示：完整的包装、配件和保修卡是电子产品进行保修的基础，请务必查看齐全后签收并妥善保管。'),
	(177,6479064,1,'<span style=\"color:#ff0000;\">正品低价 品质保证：云音乐商城所有产品均由品牌方直供，杜绝假货。</span>'),
	(178,6479064,1,'<span style=\"color:#ff0000;\">该产品一经拆封，非质量问题不接受7天无理由退货。</span>'),
	(179,6479064,1,'<br>'),
	(180,6479064,2,'http://p3.music.126.net/Wb6YvBm_mImoRRjhfi-F3A==/109951162969132379.jpg'),
	(181,6479064,2,'http://p4.music.126.net/fFeAtgMPYGpFcQbnrcws1Q==/109951162969139061.jpg'),
	(182,6479064,2,'http://p4.music.126.net/3sfAkXCTHD_nyFJw7DzgAg==/109951162969137607.jpg'),
	(183,6479064,2,'http://p4.music.126.net/1HDJYwFoVLCEnAljU4hY0Q==/109951162969129975.jpg'),
	(184,6479064,2,'http://p3.music.126.net/T0gg8p3vXn8_hJGlegLLJw==/109951162969134784.jpg'),
	(185,6479064,2,'http://p3.music.126.net/Bc1eAmr15DBTDF6aPbN2UQ==/109951162969134785.jpg'),
	(186,6479064,2,'http://p4.music.126.net/2lLNQYI073u6nWQWA8pKRQ==/109951162969137611.jpg'),
	(187,6479064,2,'http://p3.music.126.net/fZq5XRKMnqkMB9WiaSNxkw==/109951162969129980.jpg'),
	(188,6479064,2,'http://p3.music.126.net/bH08zc5Q2SG13lyLkoVRcg==/109951162969138560.jpg'),
	(189,6479064,2,'http://p3.music.126.net/qQesGRn1KPYKfzDUtifSXw==/109951162969134787.jpg'),
	(190,6479064,2,'http://p4.music.126.net/-NssftMUt2PRAMFgKckWOA==/109951162969139525.jpg'),
	(191,6479064,2,'http://p4.music.126.net/j0R6qAm8H_YGOk4wN6M5dQ==/109951162969136682.jpg'),
	(192,6479064,1,'<br>'),
	(193,6479064,1,'商品交易成功后会在2个工作日内由上海微意电子有限公司发货，法定节假日顺延，请在确认商品完好后再签收。'),
	(194,6479064,1,'若存在质量问题，请务必在7天之内联系客服：'),
	(195,6479064,1,'·客服账号：私信 @云音乐客服'),
	(196,6479064,1,'·客服邮箱：cloudmusicservice@163.com。'),
	(197,6479064,1,'·温馨提示：完整的包装、配件和保修卡是电子产品进行售后的基础，请务必查看齐全后签收并妥善保管。'),
	(198,6286057,1,'<span style=\"color:#ff0000;\">正品低价 品质保证：云音乐商城所有产品均由品牌方直供，杜绝假货。</span>'),
	(199,6286057,1,'<span style=\"font-weight:bold;\">in-voice 音伏 IVIM-100 动圈高保真 入耳式耳机</span> '),
	(200,6286057,1,'型号：in-voice IVIM-100'),
	(201,6286057,1,'可选颜色：黑色、红色'),
	(202,6286057,1,'<br>'),
	(203,6286057,2,'http://p4.music.126.net/XympkT43GdOzIP7gyPlTpA==/18694996209130482.jpg'),
	(204,6286057,2,'http://p4.music.126.net/26vOaCU55YAW-0O5wxT7EA==/18548761162627433.jpg'),
	(205,6286057,2,'http://p3.music.126.net/Qx40IQ7J_5yB23m89jFbiA==/18621328930071489.jpg'),
	(206,6286057,2,'http://p4.music.126.net/1txBlQQHhBwLPwaFtW79kA==/19138099393420469.jpg'),
	(207,6286057,2,'http://p3.music.126.net/vsKHlf6-m6VqqC4gY4R6SQ==/18500382651009980.jpg'),
	(208,6286057,2,'http://p3.music.126.net/fnGUTGysINbHZ91rb0m3PA==/19163388160857916.jpg'),
	(209,6286057,2,'http://p4.music.126.net/MPYcdyFBkduBW_l1RREnZg==/19043541393427334.jpg'),
	(210,6286057,2,'http://p4.music.126.net/bxK4rSxUIl1Ofplx2AAN9Q==/18798350302133588.jpg'),
	(211,6286057,2,'http://p4.music.126.net/Z7CF7zm_9dX_biEMiroVmw==/18736777650995319.jpg'),
	(212,6286057,2,'http://p3.music.126.net/0pRJV_qBQHdMKn3irp-Dmw==/19173283765508801.jpg'),
	(213,6286057,2,'http://p3.music.126.net/SziK7zhHL4On4YbQmWgPnA==/18864320998106345.jpg'),
	(214,6286057,2,'http://p3.music.126.net/eBZ7nHDeYdNs_a1WC6WrdQ==/18903903416702871.jpg'),
	(215,6286057,2,'http://p4.music.126.net/G-FqKbYH2J5Bnr1K3n0kPw==/19235955928294074.jpg'),
	(216,6286057,2,'http://p4.music.126.net/4KAfPKqrDFoGtS9k82R0Gw==/18985267277164646.jpg'),
	(217,6286057,2,'http://p3.music.126.net/vzHvdj5cRERYgUN4tpaNow==/18694996209130483.jpg'),
	(218,6286057,1,'<br>'),
	(219,6286057,1,'商品交易成功后会在2个工作日内发货，法定节假日顺延，请在确认商品完好后再签收。'),
	(220,6286057,1,'若存在质量问题，请务必在7天之内联系客服：'),
	(221,6286057,1,'·客服账号：私信 @云音乐客服'),
	(222,6286057,1,'·客服邮箱：cloudmusicservice@163.com。'),
	(223,6286057,1,'·温馨提示：完整的包装、配件和保修卡是电子产品进行保修的基础，请务必查看齐全。'),
	(224,6512066,1,'<span style=\"color:#ff0000;\">正品低价 品质保证：云音乐商城所有产品均由品牌方直供，杜绝假货。</span>'),
	(225,6512066,1,'<span style=\"color:#ff0000;\">该产品一经拆封，非质量问题不接受7天无理由退货。</span>'),
	(226,6512066,1,'<br>'),
	(227,6512066,2,'http://p4.music.126.net/G-uVADswmQUZwIBYrYNafQ==/109951162978710641.jpg'),
	(228,6512066,2,'http://p3.music.126.net/JCJIowq-569_IQe6ZAUMCA==/109951162978710645.jpg'),
	(229,6512066,2,'http://p4.music.126.net/6aCdPXnPf1Ths2wpebUzGQ==/109951162978700957.jpg'),
	(230,6512066,2,'http://p3.music.126.net/ULPDmEw6v7EpP2sHx1Edjw==/109951162978708712.jpg'),
	(231,6512066,2,'http://p4.music.126.net/PFE_6dQPrfeHRk2qyJ8Mww==/109951162978700960.jpg'),
	(232,6512066,2,'http://p3.music.126.net/-urVpQfRIwHhpQONz84uSQ==/109951162978702882.jpg'),
	(233,6512066,2,'http://p3.music.126.net/eQqJicmCi3CPXnbkxUcYjw==/109951162978710652.jpg'),
	(234,6512066,2,'http://p3.music.126.net/pPISB3jHfgcCe06yMUkVjA==/109951162978703899.jpg'),
	(235,6512066,2,'http://p4.music.126.net/XH8IOAaiqaQQSIQd9KVa_w==/109951162978711110.jpg'),
	(236,6512066,2,'http://p4.music.126.net/3K0UThAjjRl6eSfvrcBfvQ==/109951162978707742.jpg'),
	(237,6512066,2,'http://p4.music.126.net/O2LHnkxFkIl_EKw8i0iOQQ==/109951162978700967.jpg'),
	(238,6512066,2,'http://p3.music.126.net/OgLUdr4TpMnfVbhAzDIW4A==/109951162978704813.jpg'),
	(239,6512066,2,'http://p4.music.126.net/5M14s0dDNozx2D2Px-acAw==/109951162978706254.jpg'),
	(240,6512066,2,'http://p4.music.126.net/Xpjb64VmMWNi4eXnP1_TlQ==/109951162978708723.jpg'),
	(241,6512066,2,'http://p4.music.126.net/a4bKZEdTWcgWSTg-BXZn0w==/109951162978704379.jpg'),
	(242,6512066,2,'http://p4.music.126.net/t6Rt4DCjNewjfcNyFdy0WQ==/109951162978708726.jpg'),
	(243,6512066,2,'http://p3.music.126.net/5C6_TjIUDm3QB6XvNy83LQ==/109951162978711999.jpg'),
	(244,6512066,2,'http://p4.music.126.net/6Sswd73FPHK2KpWlMuQ2zQ==/109951162978711136.jpg'),
	(245,6512066,2,'http://p3.music.126.net/_MkP9H2u15lgrmmeOpH4ZQ==/109951162978702901.jpg'),
	(246,6512066,1,'<br>'),
	(247,6512066,1,'商品交易成功后会在2个工作日内由上海微意电子有限公司发货，法定节假日顺延，请在确认商品完好后再签收。'),
	(248,6512066,1,'若存在质量问题，请务必在7天之内联系客服：'),
	(249,6512066,1,'·客服账号：私信 @云音乐客服'),
	(250,6512066,1,'·客服邮箱：cloudmusicservice@163.com。'),
	(251,6512066,1,'·温馨提示：完整的包装、配件和保修卡是电子产品进行售后的基础，请务必查看齐全后签收并妥善保管。'),
	(252,6453053,1,'<span style=\"color:#ff0000;\">正品低价 品质保证：云音乐商城所有产品均由品牌方直供，杜绝假货。</span>'),
	(253,6453053,1,'<span style=\"color:#ff0000;\">该产品一经拆封，非质量问题不接受7天无理由退货。</span>'),
	(254,6453053,1,'<br>'),
	(255,6453053,2,'http://p4.music.126.net/1V7H2NSlcj_BObIlXClPrA==/109951162966800603.jpg'),
	(256,6453053,2,'http://p3.music.126.net/LWLrWIVK43v83_gCzGDQWA==/109951162966796477.jpg'),
	(257,6453053,2,'http://p4.music.126.net/NvVQdqSQJPVXQrdGYR-KeA==/109951162966793417.jpg'),
	(258,6453053,2,'http://p4.music.126.net/TghZ965zaPYSbY1WrgLTfw==/109951162966800209.jpg'),
	(259,6453053,2,'http://p4.music.126.net/BnyONsVJJoxB1-LYbUW3NA==/109951162966799308.jpg'),
	(260,6453053,2,'http://p3.music.126.net/j34pj518EgSY1FnZ7uMXQw==/109951162966799721.jpg'),
	(261,6453053,2,'http://p4.music.126.net/pX7KlcjqOO71RKN-IugeJg==/109951162966802589.jpg'),
	(262,6453053,2,'http://p3.music.126.net/9uPtgMuVtWt6zz3lLjyfyQ==/109951162966803087.jpg'),
	(263,6453053,2,'http://p4.music.126.net/SmMjp3YPtUPpaR7fkxVS-Q==/109951162966793497.jpg'),
	(264,6453053,2,'http://p3.music.126.net/MFSeFNXFNe_oTZxl1Fz8Wg==/109951162966795933.jpg'),
	(265,6453053,2,'http://p3.music.126.net/yitNAclVwHD3MwlSv-Im3Q==/109951162966803134.jpg'),
	(266,6453053,2,'http://p4.music.126.net/T51XP7NzSXoiBV7dO-B5yg==/109951162966796895.jpg'),
	(267,6453053,2,'http://p3.music.126.net/Sn2nuV2ofYnYvl2rCC1RPw==/109951162966799827.jpg'),
	(268,6453053,2,'http://p3.music.126.net/NLMlyvfhhdjUp6G2_f1fsA==/109951162966799432.jpg'),
	(269,6453053,2,'http://p3.music.126.net/oxBO7KgLA0EqrRyWPAH2Ww==/109951162966799857.jpg'),
	(270,6453053,2,'http://p3.music.126.net/vTIb18y2o9fmedueckzimQ==/109951162966807057.jpg'),
	(271,6453053,2,'http://p3.music.126.net/dDsuxDHCOUA3ZJ_xFaE6Ag==/18874216602736533.jpg'),
	(272,6453053,2,'http://p4.music.126.net/UcEmp-zcnn-qNBW5ctQtNw==/19087521858523378.jpg'),
	(273,6453053,1,'<br>'),
	(274,6453053,1,'商品交易成功后会在2个工作日内由上海微意电子有限公司发货，法定节假日顺延，请在确认商品完好后再签收。'),
	(275,6453053,1,'若存在质量问题，请务必在7天之内联系客服：'),
	(276,6453053,1,'·客服账号：私信 @云音乐客服'),
	(277,6453053,1,'·客服邮箱：cloudmusicservice@163.com。'),
	(278,6453053,1,'·温馨提示：完整的包装、配件和保修卡是电子产品进行售后的基础，请务必查看齐全后签收并妥善保管。'),
	(279,6529071,1,'<span style=\"color:#ff0000;\">正品低价 品质保证：云音乐商城所有产品均由品牌方直供，杜绝假货。</span>'),
	(280,6529071,1,'<br>'),
	(281,6529071,2,'http://p3.music.126.net/yWdUu34cVLaip0RxqzbPNA==/19041342370095086.jpg'),
	(282,6529071,2,'http://p3.music.126.net/wyv70ZYZA_SRv8NhLawO_w==/109951162986584577.jpg'),
	(283,6529071,2,'http://p4.music.126.net/qfcFhdXXz4rpCfGxwpDusw==/109951162986586517.jpg'),
	(284,6529071,2,'http://p3.music.126.net/sRdTQMje5P3nrsxGb7v1og==/109951162986580805.jpg'),
	(285,6529071,2,'http://p4.music.126.net/gaOeKEs_KS8lqqRV85XT6A==/109951162986586062.jpg'),
	(286,6529071,2,'http://p4.music.126.net/RS4AaEUfdsrjzegOYnPeMQ==/109951162986579791.jpg'),
	(287,6529071,2,'http://p3.music.126.net/s6UczIK_koiNqPKAdSd6QQ==/109951162986578987.jpg'),
	(288,6529071,2,'http://p3.music.126.net/cM_uSE5GyoKsbIc6xqQJ7g==/109951162986577485.jpg'),
	(289,6529071,2,'http://p4.music.126.net/A0Z53y5oIW6KOECCRhWe9w==/109951162986576972.jpg'),
	(290,6529071,2,'http://p4.music.126.net/_4LwzvHO5NZlMIDhy_hL4Q==/109951162986581312.jpg'),
	(291,6529071,2,'http://p3.music.126.net/Tyxy13bKcv2reH-9lHMBQw==/109951162986584621.jpg'),
	(292,6529071,2,'http://p3.music.126.net/IYjI_alMKvr8F0ZVJkUjGQ==/109951162986583657.jpg'),
	(293,6529071,2,'http://p4.music.126.net/ZT8M5dLUPTrAZuJsJEhtSA==/109951162986584628.jpg'),
	(294,6529071,2,'http://p4.music.126.net/IXaP9jbBSmgaSP3AkDEfMg==/109951162986579827.jpg'),
	(295,6529071,2,'http://p4.music.126.net/cB475Dg56o7Qe8TRiqZHhQ==/109951162986580848.jpg'),
	(296,6529071,2,'http://p3.music.126.net/kqSTCB0CUMr0oYVBa6-i0g==/109951162986582232.jpg'),
	(297,6529071,2,'http://p3.music.126.net/x4TpjNDBazSYvVmJ3Q8MuQ==/109951162986583178.jpg'),
	(298,6529071,2,'http://p4.music.126.net/ZwtPA8Fjjhxebb7LwRrolQ==/109951162986584223.jpg'),
	(299,6529071,2,'http://p4.music.126.net/1XwjvhWR5xjBoXgkBTG8Cg==/109951162986585152.jpg'),
	(300,6529071,1,'<br>'),
	(301,6529071,1,'商品交易成功后会在2个工作日内由敲敲科技（北京）有限公司发货，法定节假日顺延，请在确认商品完好后再签收。若存在质量问题，请务必在7天之内联系客服：'),
	(302,6529071,1,'·客服账号：私信 @云音乐客服·客服邮箱：cloudmusicservice@163.com。'),
	(303,6529071,1,'·温馨提示：完整的包装、配件和保修卡是电子产品进行售后的基础，请务必查看齐全后签收并妥善保管。'),
	(304,5965050,1,'<span style=\"color:#ff0000;\">正品低价 品质保证：云音乐商城所有产品均由品牌方直供，杜绝假货。</span>'),
	(305,5965050,1,'<span style=\"font-weight:bold;\">先锋（Pioneer）SE-CL32S 入耳式线控通话音乐耳机</span>'),
	(306,5965050,1,'·型号：先锋SE-CL32S '),
	(307,5965050,1,'·可选颜色：红色、黑色、金色'),
	(308,5965050,1,'<span style=\"font-weight:bold;\"><span style=\"color:#ff0000;\">云音乐官方推荐百搭配件：<a href=\"http://music.163.com/store/product/detail?id=6531067\" rel=\"nofollow\" style=\"color:#0000FF;\">击音听键A1，有线耳机秒变无线，点击购买</a>'),
	(309,5965050,1,'<br>'),
	(310,5965050,2,'http://p3.music.126.net/GHDwU1mrCyoBTj0krCPscg==/18711488882116077.jpg'),
	(311,5965050,2,'http://p3.music.126.net/LanDBK0pANvK2m3EgfUEkg==/3250156393662816.jpg'),
	(312,5965050,2,'http://p3.music.126.net/JeDSpzInFUM0-tvKfatt6A==/1367792481492154.jpg'),
	(313,5965050,2,'http://p4.music.126.net/mA1WBwZKNYEsNojTdOYz2Q==/1367792481436750.jpg'),
	(314,5965050,2,'http://p4.music.126.net/qtD0AQj-kLR2Ev34H85gUQ==/3412884134266306.jpg'),
	(315,5965050,2,'http://p3.music.126.net/z4HLJ40zMwg2I-QF0-BtMg==/3446968965780371.jpg'),
	(316,5965050,2,'http://p3.music.126.net/7d2DJkRd-q9tosHL3DP9tg==/3251255905289593.jpg'),
	(317,5965050,2,'http://p4.music.126.net/Xp99XJEhwEV17w-sH9Ufsw==/3301833423911941.jpg'),
	(318,5965050,2,'http://p4.music.126.net/VFWTaupC-sXDbeAgNnh6OQ==/3265549602411882.jpg'),
	(319,5965050,2,'http://p4.music.126.net/mHuBr7TUKHSXm4-QQb1SfQ==/1409573922956483.jpg'),
	(320,5965050,2,'http://p4.music.126.net/XUtYC9M651B-ROgvA5QlCg==/1387583690692513.jpg'),
	(321,5965050,2,'http://p4.music.126.net/_gWedd3_qLhV_vf0ACoJpg==/18655413789071743.jpg'),
	(322,5965050,1,'<br>'),
	(323,5965050,1,'商品交易成功后会在2个工作日内发货，法定节假日顺延，请在确认商品完好后再签收。'),
	(324,5965050,1,'若存在质量问题，请务必在7天之内联系客服：'),
	(325,5965050,1,'·客服账号：私信 @云音乐客服'),
	(326,5965050,1,'·客服邮箱：cloudmusicservice@163.com。'),
	(327,5965050,1,'·温馨提示：完整的包装、配件和保修卡是电子产品进行保修的基础，请务必查看齐全后签收并妥善保管。'),
	(328,6584063,1,'<span style=\"color:#ff0000;\">正品低价 品质保证：云音乐商城所有产品均由品牌方直供，杜绝假货。</span>'),
	(329,6584063,1,'<span style=\"color:#ff0000;\">装箱清单：kindle电子书阅读器×1，usb2.0连接线×1，保修卡×1。</span>'),
	(330,6584063,1,'<span style=\"color:#ff0000;\">该产品一经拆封，非质量问题不接受7天无理由退货。</span>'),
	(331,6584063,1,'<br>'),
	(332,6584063,2,'http://p3.music.126.net/aiIiRq73a6wqHUdIwgoTNA==/109951163018638272.jpg'),
	(333,6584063,2,'http://p4.music.126.net/htEAFBe4kyEipf4fcDZmOQ==/109951163018639694.jpg'),
	(334,6584063,2,'http://p4.music.126.net/grjbxEF4H-PeJe65PQ3XqQ==/109951163018637849.jpg'),
	(335,6584063,2,'http://p4.music.126.net/1Hw1ByhlMCHlInbhXVBLYg==/109951163018643061.jpg'),
	(336,6584063,2,'http://p3.music.126.net/27eXt0JorZLd8YFJfJmwGQ==/109951163018636911.jpg'),
	(337,6584063,2,'http://p3.music.126.net/rPzSONHDglu4zQBG4i6svA==/109951163018636429.jpg'),
	(338,6584063,2,'http://p4.music.126.net/7Popetar41hPpe9wFhzk7w==/109951163018640609.jpg'),
	(339,6584063,2,'http://p4.music.126.net/A52TtPerGSyWK7CBFVEiDA==/109951163018642569.jpg'),
	(340,6584063,2,'http://p3.music.126.net/BOOGDVfL6_XrYmzVu2yfUA==/109951163018635955.jpg'),
	(341,6584063,2,'http://p3.music.126.net/9b7toDLL_CXfAV7LG99kTg==/109951163018636917.jpg'),
	(342,6584063,2,'http://p3.music.126.net/1vYL_MQzAtfYisBAj2_CZQ==/109951163018639287.jpg'),
	(343,6584063,2,'http://p4.music.126.net/mvJ2KDqVsviQuh6KGXXu6A==/109951163018639709.jpg'),
	(344,6584063,2,'http://p4.music.126.net/FDeFY4nnTRWov0zrFwCrBQ==/109951163018641114.jpg'),
	(345,6584063,2,'http://p4.music.126.net/kLY9fbEn3i7QAsxBXzHoyw==/109951163018635470.jpg'),
	(346,6584063,2,'http://p4.music.126.net/fYyYaL8uC4RVK9vz4laFkg==/109951163018644016.jpg'),
	(347,6584063,2,'http://p3.music.126.net/CIg43p_7gAmNdudHXgMqwg==/109951163018635968.jpg'),
	(348,6584063,1,'<br>'),
	(349,6584063,1,'商品交易成功后会在2个工作日内由上海志赟信息技术有限公司发货，法定节假日顺延，请在确认商品完好后再签收。若存在质量问题，请务必在7天之内联系客服：'),
	(350,6584063,1,'·客服账号：私信 @云音乐客服·客服邮箱：cloudmusicservice@163.com。'),
	(351,6584063,1,'·温馨提示：完整的包装、配件和保修卡是电子产品进行售后的基础，请务必查看齐全后签收并妥善保管。'),
	(352,5853054,2,'http://p3.music.126.net/DCd8gB-duSE82EypwiZQHw==/3426078240234880.jpg'),
	(353,5853054,2,'http://p4.music.126.net/6fg1QC9_GC6mPjM89l3Xiw==/3445869445042607.jpg'),
	(354,5853054,2,'http://p4.music.126.net/PPiQFRHK5tNSwiZ31pYG-w==/3437073352020694.jpg'),
	(355,5853054,2,'http://p4.music.126.net/HDaTzTJ0VyTv4LH6VhUGBg==/2946691177412025.jpg'),
	(356,5853054,2,'http://p3.music.126.net/rPpSyElFcaOtMSWsXoeg1g==/1416170988550966.jpg'),
	(357,5853054,1,'商品交易成功后会在2个工作日内发货，法定节假日顺延，请在确认商品完好后再签收。'),
	(358,5853054,1,'若存在质量问题，请务必在三包规定时间内联系客服'),
	(359,5853054,1,'•客服账号：向【云音乐客服】账号私信反馈'),
	(360,5853054,1,'温馨提示：完整的产品本身、包装和三包凭证是电子产品进行保修的基础，请务必查看齐全后签收并妥善保管；'),
	(361,5853054,1,'注意事项：若您有发票需求，请在下单后五分钟之内私信“云音乐客服”并留言：发票抬头、订单号、您的姓名以及联系方式。（一律为普通发票，含发票的订单会在4个工作日内随货发出）若在发货后提出发票需求，发票单独寄出且运费需由用户自行承担。'),
	(362,5853054,1,'<br>'),
	(363,5853054,1,'<span style=\"font-weight:bold;\">网易云音乐车载蓝牙播放器售后服务承诺：</span> '),
	(364,5853054,1,'<span style=\"font-weight:bold;\">如何申请退换货？</span> '),
	(365,5853054,1,'1.	自收到商品签收之日起30日内，用户可申请无理由退换货，我们承诺30天包邮退换，退款将原路返还，不同的银行处理时间不同，预计1-5个工作日到账；'),
	(366,5853054,1,'<br>'),
	(367,5853054,1,'<span style=\"font-weight:bold;\">退换货及维修说明：</span>'),
	(368,5853054,1,'1.	为了维护用户的体验和权益，网易云音乐车载蓝牙播放器在退换时应当保证产品完好、配件齐全，且不影响二次销售。遭人为破坏或污损的商品不提供30天无理由退换货服务，敬请谅解。'),
	(369,5853054,1,'影响二次销售的情况，包括但不仅限于以下：'),
	(370,5853054,1,'1)	产品配件不齐全或包装不完整的；'),
	(371,5853054,1,'2)	人为原因，导致设备故障及损坏的；'),
	(372,5853054,1,'3)	造成产品或配件磨损或刮花的，包括产品上标明的型号、序列号、验证码等，被更改、删除、移动或不可辨认的；'),
	(373,5853054,1,'4)	 其他非本公司原因造成损害的。'),
	(374,5853054,1,'2.	退货注意事项：'),
	(375,5853054,1,'1)	如有发票或赠品，退货时需寄回，换货无需寄回；'),
	(376,5853054,1,'2)	发票、保修卡、检测报告等凭证不能进行涂改；'),
	(377,5853054,1,'3)	商品的完整标配指原厂包装内的所有配件；'),
	(378,5853054,1,'4)	完整原厂包装指商品出厂时的包装，包括彩印纸盒和纸盒里的内胆包装。建议外包装在收货之日起保留30天；'),
	(379,5853054,1,'5)	赠品是指价格为零的赠送商品，退货必须保证包装完好，不影响二次使用；'),
	(380,5853054,1,'6)	请您支付寄回的快递费（到付件一律拒收），若质检后为产品性能问题，网易云音乐会报销寄回的快递费（最高22元），请将快递发票随货寄出（无发票不报销）。'),
	(381,5853054,1,'3、网易云音乐车载蓝牙播放器在三包期内出现《车载蓝牙播放器商品性能故障表》所列性能故障的情况，经厂商检测确定后，凭三包凭证可享受免费维修服务。'),
	(382,5853054,1,'<br>'),
	(383,5853054,1,'免责条款：'),
	(384,5853054,1,'1.	网易云音乐积分商城提供的图片，由于拍摄灯光变化及显示器色差等原因可能与实物有细微区别，效果演示图和示意图仅供参考（图片为合成图、模拟演示图），有关产品的外观（包括但不限于颜色）请以实物为准。'),
	(385,5853054,1,'2.	限于篇幅，网易云音乐积分商城所包含的信息（包括但不限于产品规格、功能说明等）可能不完整，请以有关产品使用说明书的具体信息为准。'),
	(386,5853054,1,'3.	最终解释权归网易云音乐所有。'),
	(387,5899050,1,'<span style=\"color:#ff0000;\">正品低价 品质保证：云音乐商城所有产品均由品牌方直供，杜绝假货。</span>'),
	(388,5899050,1,'<span style=\"font-weight:bold;\">JBL T280A+ 钛振膜立体声入耳式耳机</span>'),
	(389,5899050,1,'·型号：JBL T280A+'),
	(390,5899050,1,'·颜色：玫瑰金、银色、黑色'),
	(391,5899050,1,'<br>'),
	(392,5899050,2,'http://p3.music.126.net/eqeKCZxxpiK3kg4sopJQKg==/3420580714321051.jpg'),
	(393,5899050,2,'http://p3.music.126.net/mTvTPFtbQv1D_EiKsPKtWg==/1421668548279431.jpg'),
	(394,5899050,2,'http://p4.music.126.net/-qabj9hdbEslUxJNm5478g==/3251255895878147.jpg'),
	(395,5899050,2,'http://p4.music.126.net/eLYrgkZuLf3Am_1h1iLjiQ==/3445869448861897.jpg'),
	(396,5899050,2,'http://p4.music.126.net/rCibqo0x3ok9w_NGruuTYQ==/3393092902601340.jpg'),
	(397,5899050,2,'http://p3.music.126.net/lGmUXO81_pNfGd2kMw30jg==/1394180757840582.jpg'),
	(398,5899050,2,'http://p4.music.126.net/uTdg8_taTqfGhTitWlLV5Q==/3250156384338611.jpg'),
	(399,5899050,2,'http://p3.music.126.net/ysUJ-ucEnAL37dq1FD5INw==/3420580714319395.jpg'),
	(400,5899050,2,'http://p3.music.126.net/NasP4jvFiA9l-uQNnQKVzw==/3252355407586263.jpg'),
	(401,5899050,2,'http://p3.music.126.net/gzrvXCYpKmsKDFAMj4fP9A==/1415071478583815.jpg'),
	(402,5899050,2,'http://p4.music.126.net/C8zT2EgqZuGuuEhYPiHpng==/3394192414204568.jpg'),
	(403,5899050,2,'http://p4.music.126.net/W0Ird2w01Yvv0LMNhNSlZQ==/3394192414279915.jpg'),
	(404,5899050,2,'http://p4.music.126.net/jzkJyIbocrqDBYa8KGwArQ==/2946691200741144.jpg'),
	(405,5899050,2,'http://p4.music.126.net/f-ra7CFnnng41OiHjp-nGw==/3265549570478872.jpg'),
	(406,5899050,2,'http://p3.music.126.net/VnVyiMwBXQD16t1gl80y_w==/1417270501988379.jpg'),
	(407,5899050,2,'http://p4.music.126.net/IBub1eSvXkGPxiW56ehQfw==/2946691200746543.jpg'),
	(408,5899050,2,'http://p4.music.126.net/EpNK7isDhuQ7zKLW51GcKA==/3432675309362487.jpg'),
	(409,6531056,1,'<span style=\"color:#ff0000;\">正品低价 品质保证：云音乐商城所有产品均由品牌方直供，杜绝假货。</span>'),
	(410,6531056,1,'<br>'),
	(411,6531056,2,'http://p3.music.126.net/4sxZlz1IZSS1HMf3UzpRqg==/109951162986286772.jpg'),
	(412,6531056,2,'http://p4.music.126.net/2CqcFwlQy2neoVkmPlHjBg==/109951162986279310.jpg'),
	(413,6531056,2,'http://p3.music.126.net/fblWpMdJMgUI8QonhVeMCA==/109951162986288676.jpg'),
	(414,6531056,2,'http://p4.music.126.net/FzWAal7OYCRqX_ZIntVHVg==/109951162986285351.jpg'),
	(415,6531056,2,'http://p3.music.126.net/Y0j7EEV7XRCygWnizlH39A==/109951162986277483.jpg'),
	(416,6531056,2,'http://p3.music.126.net/vW3lFe1c-2qO3AY81tK29A==/109951162986290018.jpg'),
	(417,6531056,2,'http://p3.music.126.net/u3dBi0neFNPVv8O-50grRw==/109951162986285362.jpg'),
	(418,6531056,2,'http://p4.music.126.net/Lzaa6imAAtGXo8FEWIisXg==/109951162986289558.jpg'),
	(419,6531056,2,'http://p3.music.126.net/BoPixXywbXemcUX9nC8diQ==/109951162986290024.jpg'),
	(420,6531056,2,'http://p3.music.126.net/XSx0qSHQGcYSgsF1RfkTSw==/109951162986289563.jpg'),
	(421,6531056,2,'http://p4.music.126.net/gc1kv7q1RVTBfmgY2cvojQ==/109951162986287207.jpg'),
	(422,6531056,2,'http://p3.music.126.net/TjEc8wd1Wf9GGhekXGEUMQ==/109951162986283863.jpg'),
	(423,6531056,1,'<br>'),
	(424,6531056,1,'商品交易成功后会在2个工作日内由福建省万城数码股份有限公司发货，法定节假日顺延，请在确认商品完好后再签收。若存在质量问题，请务必在7天之内联系客服：'),
	(425,6531056,1,'·客服账号：私信 @云音乐客服·客服邮箱：cloudmusicservice@163.com。'),
	(426,6531056,1,'·温馨提示：完整的包装、配件和保修卡是电子产品进行售后的基础，请务必查看齐全后签收并妥善保管。'),
	(427,6216050,1,'<span style=\"color:#ff0000;\">正品低价 品质保证：云音乐商城所有第三方产品均由品牌方直供，杜绝假货。</span>'),
	(428,6216050,1,'<span style=\"font-weight:bold;\">JBL C100SI 超轻盈入耳式耳机</span>'),
	(429,6216050,1,'·型号：JBL C100SI'),
	(430,6216050,1,'·可选颜色：白色、黑色、红色'),
	(431,6216050,1,'<br>'),
	(432,6216050,2,'http://p4.music.126.net/4Mo8VtPN_IS8v-tQBuzYtw==/18968774602439753.jpg'),
	(433,6216050,2,'http://p4.music.126.net/8T8prNNQ4umBFPp_7gJHQQ==/19108412579169414.jpg'),
	(434,6216050,2,'http://p3.music.126.net/djXCVg86FS3Rn6S9IEO97A==/18701593278694485.jpg'),
	(435,6216050,2,'http://p4.music.126.net/0eKpbvF6gR9nbPkPrsFbZQ==/18709289860074127.jpg'),
	(436,6216050,2,'http://p3.music.126.net/F51iy2W0exew19zfvGaDYw==/18875316114075944.jpg'),
	(437,6216050,2,'http://p3.music.126.net/38N0ajPZnTRGyyWSm-8vcQ==/18593841139171897.jpg'),
	(438,6216050,1,'<br>'),
	(439,6216050,1,'商品交易成功后会在2个工作日内发货，法定节假日顺延，请在确认商品完好后再签收。'),
	(440,6216050,1,'若存在质量问题，请务必在7天之内联系客服：'),
	(441,6216050,1,'·客服账号：私信 @云音乐客服'),
	(442,6216050,1,'·温馨提示：完整的包装、配件和保修卡是电子产品进行保修的基础，请务必查看齐全后签收并妥善保管。'),
	(443,6585060,1,'<span style=\"color:#ff0000;\">正品低价 品质保证：云音乐商城所有产品均由品牌方直供，杜绝假货。</span>'),
	(444,6585060,1,'<span style=\"color:#ff0000;\">装箱清单：kindle电子书阅读器×1，usb2.0连接线×1，保修卡×1。</span>'),
	(445,6585060,1,'<span style=\"color:#ff0000;\">该产品一经拆封，非质量问题不接受7天无理由退货。</span>'),
	(446,6585060,1,'<br>'),
	(447,6585060,2,'http://p3.music.126.net/3hDNmKFgX_o3IhsHkcBXBg==/109951163018721830.jpg'),
	(448,6585060,2,'http://p3.music.126.net/_mYzR1RJn5UEnNt2hT0R8g==/109951163018725257.jpg'),
	(449,6585060,2,'http://p3.music.126.net/FG7g_MI2r38aLvM0xc4gSg==/109951163018727586.jpg'),
	(450,6585060,2,'http://p4.music.126.net/Pmi6uyDLE_kE4QLPirTmzQ==/109951163018719897.jpg'),
	(451,6585060,2,'http://p4.music.126.net/BrYo_CrpjdmdTxo_V8DlGQ==/109951163018722310.jpg'),
	(452,6585060,2,'http://p4.music.126.net/nAmqwkyLz8UN_F4vhvn1Ww==/109951163018724752.jpg'),
	(453,6585060,2,'http://p3.music.126.net/4xgH3tF7YExucw8oRZ2sGQ==/109951163018725264.jpg'),
	(454,6585060,2,'http://p3.music.126.net/xAjVdHxbIvoliM_6ZO6buQ==/109951163018728555.jpg'),
	(455,6585060,2,'http://p3.music.126.net/JZyVTKH9pQcAvvuC5n5zlw==/109951163018721343.jpg'),
	(456,6585060,2,'http://p3.music.126.net/tmBaE3_KZQlxGMP4RqKMgg==/109951163018721350.jpg'),
	(457,6585060,2,'http://p3.music.126.net/Aq4-c_9INS3L0W9FQER4kw==/109951163018725280.jpg'),
	(458,6585060,2,'http://p4.music.126.net/BPZhSBTv30-f7xwlBqPyTw==/109951163018720383.jpg'),
	(459,6585060,2,'http://p4.music.126.net/NXKdiSGf-p7zdl25y6V7QA==/109951163018726220.jpg'),
	(460,6585060,2,'http://p4.music.126.net/gskKGF6hz6iOlbn6-Ck5bQ==/109951163018724379.jpg'),
	(461,6585060,2,'http://p3.music.126.net/HViVrXtL-JbSn5T1Rrvawg==/109951163018726230.jpg'),
	(462,6585060,1,'<br>'),
	(463,6585060,1,'商品交易成功后会在2个工作日内由上海志赟信息技术有限公司发货，法定节假日顺延，请在确认商品完好后再签收。若存在质量问题，请务必在7天之内联系客服：'),
	(464,6585060,1,'·客服账号：私信 @云音乐客服·客服邮箱：cloudmusicservice@163.com。'),
	(465,6585060,1,'·温馨提示：完整的包装、配件和保修卡是电子产品进行售后的基础，请务必查看齐全后签收并妥善保管。'),
	(466,6521051,1,'<span style=\"color:#ff0000;\">正品低价 品质保证：云音乐商城所有产品均由品牌方直供，杜绝假货。</span>'),
	(467,6521051,1,'<br>'),
	(468,6521051,2,'http://p4.music.126.net/1d2o0wyPKJ0mnpv2YQZFBQ==/109951162982881323.jpg'),
	(469,6521051,2,'http://p4.music.126.net/UKbRkWlRmmmW9oAk5Wsxvg==/109951162982876432.jpg'),
	(470,6521051,2,'http://p3.music.126.net/p-hhr30zk4iUrt9P5SGtcA==/109951162982878881.jpg'),
	(471,6521051,2,'http://p4.music.126.net/PkNMVmHO9bNRNBfQ8er8uQ==/109951162982877896.jpg'),
	(472,6521051,2,'http://p4.music.126.net/Qp-2OaZciHuqFR8GXS33NQ==/109951162982881328.jpg'),
	(473,6521051,2,'http://p3.music.126.net/X0ThhmxTkNYCs2uiFBQwkQ==/109951162982874991.jpg'),
	(474,6521051,2,'http://p4.music.126.net/8cOxg_UxqWUMQYAEzEBzEw==/109951162982880322.jpg'),
	(475,6521051,2,'http://p4.music.126.net/K54rGHlfcsUI-_tAr6Wotg==/109951162982884270.jpg'),
	(476,6521051,2,'http://p4.music.126.net/i5bdj6nvPT-V4t2NnL7jGw==/109951162982880327.jpg'),
	(477,6521051,2,'http://p3.music.126.net/W0zxjXXzPhaHI2GxIp80nA==/109951162982882395.jpg'),
	(478,6521051,1,'商品交易成功后会在2个工作日内由北京迅腾广聚商贸有限公司发货，法定节假日顺延，请在确认商品完好后再签收。'),
	(479,6521051,1,'若存在质量问题，请务必在7天之内联系客服：'),
	(480,6521051,1,'·客服账号：私信 @云音乐客服'),
	(481,6521051,1,'·客服邮箱：cloudmusicservice@163.com。'),
	(482,6521051,1,'·温馨提示：完整的包装、配件和保修卡是电子产品进行售后的基础，请务必查看齐全后签收并妥善保管。'),
	(483,6480086,1,'<span style=\"color:#ff0000;\">正品低价 品质保证：云音乐商城所有产品均由品牌方直供，杜绝假货。</span>'),
	(484,6480086,1,'<br>'),
	(485,6480086,2,'http://p3.music.126.net/Mckprs7oEDFjD9Yy4E_Vew==/109951162971878365.jpg'),
	(486,6480086,2,'http://p3.music.126.net/MTRVpybuRwa4UMVQcXVUBw==/109951162971878764.jpg'),
	(487,6480086,2,'http://p3.music.126.net/T8DFcDBIVZHQNFt22cgJgw==/109951162971874909.jpg'),
	(488,6480086,2,'http://p3.music.126.net/eKVt9gXQ-XKMrhqW9HHsbw==/109951162971877844.jpg'),
	(489,6480086,2,'http://p3.music.126.net/LrCj0Y57NauGLpBBNVTwIg==/109951162971874915.jpg'),
	(490,6480086,2,'http://p4.music.126.net/n2-6TSJ0IkQ5G0PxIy0kQQ==/109951162971878767.jpg'),
	(491,6480086,2,'http://p3.music.126.net/BBYIDYeflpkQ9iEzk_Gg8A==/109951162971881613.jpg'),
	(492,6480086,2,'http://p3.music.126.net/Rd95W88v9QQy10YhpZcKmw==/109951162971879840.jpg'),
	(493,6480086,2,'http://p3.music.126.net/07uuzGu9rsB3XKOWlhEraw==/109951162971874926.jpg'),
	(494,6480086,2,'http://p3.music.126.net/Eb4jZ9ImUYUPmPVFpF0RsA==/109951162971879843.jpg'),
	(495,6480086,2,'http://p3.music.126.net/Ldh0XSqfRUNI0ELfQH14sA==/109951162971874931.jpg'),
	(496,6480086,2,'http://p4.music.126.net/2jAlNJasPcjMX5-fIL7bEA==/109951162971877281.jpg'),
	(497,6480086,2,'http://p3.music.126.net/So63S3G7_e0wmiZ9UXodoQ==/109951162971877869.jpg'),
	(498,6480086,2,'http://p4.music.126.net/u-iEy8_qqLxRSOL1W6Zs7w==/109951162971878400.jpg'),
	(499,6480086,1,'<br>'),
	(500,6480086,1,'商品交易成功后会在2个工作日内由上海微意电子有限公司发货，法定节假日顺延，请在确认商品完好后再签收。'),
	(501,6480086,1,'若存在质量问题，请务必在7天之内联系客服：'),
	(502,6480086,1,'·客服账号：私信 @云音乐客服'),
	(503,6480086,1,'·客服邮箱：cloudmusicservice@163.com。'),
	(504,6480086,1,'·温馨提示：完整的包装、配件和保修卡是电子产品进行保修的基础，请务必查看齐全后签收并妥善保管。'),
	(505,6601063,1,'<span style=\"color:#ff0000;\">正品低价 品质保证：云音乐商城所有产品均由品牌方直供，杜绝假货。</span>'),
	(506,6601063,1,'<span style=\"color:#ff0000;\">装箱清单：鼠标x 1，键盘x 1， 快速使用指南x 1， 无线接收器x 1。</span>'),
	(507,6601063,1,'<br>'),
	(508,6601063,2,'http://p4.music.126.net/QWIgFCRrTzxnoxq4Tf95_A==/109951163019407981.jpg'),
	(509,6601063,1,'<br>'),
	(510,6601063,1,'商品交易成功后会在2个工作日内由北京振翼远航计算机有限公司发货，法定节假日顺延，请在确认商品完好后再签收。若存在质量问题，请务必在7天之内联系客服：'),
	(511,6601063,1,'·客服账号：私信 @云音乐客服·客服邮箱：cloudmusicservice@163.com。'),
	(512,6601063,1,'·温馨提示：完整的包装、配件和保修卡是电子产品进行售后的基础，请务必查看齐全后签收并妥善保管。'),
	(513,6598062,1,'<span style=\"color:#ff0000;\">正品低价 品质保证：云音乐商城所有产品均由品牌方直供，杜绝假货。</span>'),
	(514,6598062,1,'<span style=\"color:#ff0000;\">装箱清单：主机x 1，type-c数据线x 4， 说明书x 1， 保修卡x 1。</span>'),
	(515,6598062,1,'<br>'),
	(516,6598062,2,'http://p4.music.126.net/AeuVLZyDYBCzKPr95x3Izg==/18694996209130506.jpg'),
	(517,6598062,2,'http://p3.music.126.net/o4vKTW68oo1_qHfG3GZf9Q==/18621328930071512.jpg'),
	(518,6598062,2,'http://p4.music.126.net/ucWooCM8mPPBdwc9ozQkRQ==/18500382651010003.jpg'),
	(519,6598062,2,'http://p3.music.126.net/jeTNgbawQsmvusjq3ruIXg==/19163388160857939.jpg'),
	(520,6598062,2,'http://p4.music.126.net/DYLrDCx3yrczxcuT95A1gQ==/18690598162610460.jpg'),
	(521,6598062,2,'http://p3.music.126.net/IAufgVcy3Bek0Yw3U3lfWg==/18548761162627457.jpg'),
	(522,6598062,2,'http://p3.music.126.net/M95JMI2NAnrv8hnqbdYbfA==/19173283765508824.jpg'),
	(523,6598062,2,'http://p3.music.126.net/yMvEuZPvvGTX_IS-kjdlWQ==/19138099393420494.jpg'),
	(524,6598062,2,'http://p4.music.126.net/o4W6JdRQpI7uecDakktzvQ==/19138099393420495.jpg'),
	(525,6598062,2,'http://p3.music.126.net/kRz2KT5cyKI6EWZMvbgDQg==/19138099393420496.jpg'),
	(526,6598062,2,'http://p4.music.126.net/mhq-PNhr0HAC367LOr3zRA==/19138099393420497.jpg'),
	(527,6598062,2,'http://p3.music.126.net/7Bpze0_J3YZTI9wiRzzwDA==/19138099393420498.jpg'),
	(528,6598062,2,'http://p4.music.126.net/cBHfQSqfP9FJDnJFikBnIg==/18864320998106368.jpg'),
	(529,6598062,1,'<br>'),
	(530,6598062,1,'商品交易成功后会在2个工作日内由北京振翼远航计算机有限公司发货，法定节假日顺延，请在确认商品完好后再签收。若存在质量问题，请务必在7天之内联系客服：'),
	(531,6598062,1,'·客服账号：私信 @云音乐客服·客服邮箱：cloudmusicservice@163.com。'),
	(532,6598062,1,'·温馨提示：完整的包装、配件和保修卡是电子产品进行售后的基础，请务必查看齐全后签收并妥善保管。'),
	(533,6598068,1,'<span style=\"color:#ff0000;\">正品低价 品质保证：云音乐商城所有产品均由品牌方直供，杜绝假货。</span>'),
	(534,6598068,2,'http://p4.music.126.net/47p1QwhD9gZv6qLPk1junw==/109951163019887044.jpg'),
	(535,6598068,2,'http://p4.music.126.net/IGtNh3cSpW9aSCTCAiqphA==/109951163019885109.jpg'),
	(536,6598068,2,'http://p4.music.126.net/7IdB3D9ir30ysWoHpCvGVw==/109951163019882763.jpg'),
	(537,6598068,2,'http://p3.music.126.net/oSmxRgmfU_eSmqNJN9EpGQ==/109951163019883230.jpg'),
	(538,6598068,2,'http://p3.music.126.net/KgP3HrXezU4PSr8Gn0C5kA==/109951163019888020.jpg'),
	(539,6598068,2,'http://p3.music.126.net/VxEgNGprTQT0i3_mCPnn8g==/109951163019888022.jpg'),
	(540,6598068,2,'http://p3.music.126.net/VGLrgQNOqz25f2k5g1-Ujg==/109951163019887587.jpg'),
	(541,6598068,2,'http://p3.music.126.net/020316MsCcQXM8Z683Ekvw==/109951163019882314.jpg'),
	(542,6598068,2,'http://p3.music.126.net/MxZmoUEmQ_fJ71Iuwrp2Yg==/109951163019881369.jpg'),
	(543,6598068,2,'http://p4.music.126.net/HIZjq0D9Tm_vQuEzWjjuIw==/109951163019880456.jpg'),
	(544,6598068,2,'http://p4.music.126.net/Jk5VihligSxd_JkGY_t6OQ==/109951163019887086.jpg'),
	(545,6598068,2,'http://p3.music.126.net/Ygs-X-Cy7RE9MQ5zEaYzcA==/109951163019884180.jpg'),
	(546,6598068,2,'http://p4.music.126.net/rSBSk4PR4Qbff_ncER23sw==/109951163019883755.jpg'),
	(547,6598068,2,'http://p4.music.126.net/KTf1bLUdYV68C8bFLRmZwg==/109951163019883762.jpg'),
	(548,6598068,1,'<br>'),
	(549,6598068,1,'商品交易成功后会在2个工作日内由福建省万城数码股份有限公司发货，法定节假日顺延，请在确认商品完好后再签收。若存在质量问题，请务必在7天之内联系客服：'),
	(550,6598068,1,'·客服账号：私信 @云音乐客服·客服邮箱：cloudmusicservice@163.com。'),
	(551,6598068,1,'·温馨提示：完整的包装、配件和保修卡是电子产品进行售后的基础，请务必查看齐全后签收并妥善保管。'),
	(552,6601072,1,'<span style=\"color:#ff0000;\">正品低价 品质保证：云音乐商城所有产品均由品牌方直供，杜绝假货。</span>'),
	(553,6601072,1,'<span style=\"color:#ff0000;\">装箱清单：耳机x 1，耳机收纳包x 1， 可替换耳塞x 3套， 快速使用指南x 1。</span>'),
	(554,6601072,1,'<br>'),
	(555,6601072,2,'http://p4.music.126.net/DlZ3jelUGOqjJkCSVvKTBw==/18890709277174007.jpg'),
	(556,6601072,2,'http://p3.music.126.net/OvH9jTBKUww-2xaR3huQyw==/19217264230623030.jpg'),
	(557,6601072,2,'http://p3.music.126.net/PrZOiWoPRx36hx8SyxaLUA==/19173283765508827.jpg'),
	(558,6601072,2,'http://p3.music.126.net/aV6KyCHj1AcwF2TqYTAwZw==/19173283765508828.jpg'),
	(559,6601072,2,'http://p4.music.126.net/A9Dm42nwn5LAUxF-RF5snw==/18736777650995343.jpg'),
	(560,6601072,2,'http://p4.music.126.net/tGUzR9QZ26NEswGgkETpxA==/19173283765508829.jpg'),
	(561,6601072,2,'http://p4.music.126.net/L3YrfDW8crseNdg5VJ1ckA==/19173283765508830.jpg'),
	(562,6601072,2,'http://p4.music.126.net/EjXyGJEJdfoifcnsS3lU6A==/19173283765508831.jpg'),
	(563,6601072,2,'http://p3.music.126.net/29W2Oq65GwMBw2pY60T06w==/18903903416702895.jpg'),
	(564,6601072,2,'http://p3.music.126.net/3fpuftSFpYq9L40eXnplIQ==/19235955928294098.jpg'),
	(565,6601072,2,'http://p3.music.126.net/3J0bS6Gi_eA5vT-sQkDn-Q==/19173283765508832.jpg'),
	(566,6601072,2,'http://p3.music.126.net/X-aDCjFbnsmpHAPdROperg==/18985267277164670.jpg'),
	(567,6601072,1,'<br>'),
	(568,6601072,1,'商品交易成功后会在2个工作日内由北京振翼远航计算机有限公司发货，法定节假日顺延，请在确认商品完好后再签收。若存在质量问题，请务必在7天之内联系客服：'),
	(569,6601072,1,'·客服账号：私信 @云音乐客服·客服邮箱：cloudmusicservice@163.com。'),
	(570,6601072,1,'·温馨提示：完整的包装、配件和保修卡是电子产品进行售后的基础，请务必查看齐全后签收并妥善保管。'),
	(571,6600066,1,'<span style=\"color:#ff0000;\">正品低价 品质保证：云音乐商城所有产品均由品牌方直供，杜绝假货。</span>'),
	(572,6600066,1,'<br>'),
	(573,6600066,2,'http://p3.music.126.net/tX0hFPxVgIrpgmCOO75Ozg==/109951163019913537.jpg'),
	(574,6600066,2,'http://p4.music.126.net/usIvbRTDUwTFvl6Z6J0FvA==/109951163019908210.jpg'),
	(575,6600066,2,'http://p4.music.126.net/kuRPVLs2nCJ4ekVUgivTkA==/109951163019911127.jpg'),
	(576,6600066,2,'http://p3.music.126.net/Vu-ia99_3ETxDJppPN4uLA==/109951163019908687.jpg'),
	(577,6600066,2,'http://p4.music.126.net/6wUWxCjDL3ywcI5uFQMBKg==/109951163019904929.jpg'),
	(578,6600066,2,'http://p4.music.126.net/2q065SVxnMADyvaIMEV77g==/109951163019907757.jpg'),
	(579,6600066,2,'http://p3.music.126.net/JzyNjctGONk150RxOC3tIA==/109951163019912574.jpg'),
	(580,6600066,2,'http://p3.music.126.net/rE0Yv-tNCqdeiXQPGsNMdw==/109951163019910163.jpg'),
	(581,6600066,2,'http://p3.music.126.net/LyCe1ERBzYgtqHNXkGYAWg==/109951163019910661.jpg'),
	(582,6600066,2,'http://p3.music.126.net/DEdtMqTAAVN2ZndeolAKXw==/109951163019905424.jpg'),
	(583,6600066,2,'http://p4.music.126.net/yA5Qucjocd0JOPrZX6pn2g==/109951163019907780.jpg'),
	(584,6600066,1,'<br>'),
	(585,6600066,1,'商品交易成功后会在2个工作日内由福建省万城数码股份有限公司发货，法定节假日顺延，请在确认商品完好后再签收。若存在质量问题，请务必在7天之内联系客服：'),
	(586,6600066,1,'·客服账号：私信 @云音乐客服·客服邮箱：cloudmusicservice@163.com。'),
	(587,6600066,1,'·温馨提示：完整的包装、配件和保修卡是电子产品进行售后的基础，请务必查看齐全后签收并妥善保管。'),
	(588,6452052,1,'<span style=\"color:#ff0000;\">正品低价 品质保证：云音乐商城所有产品均由品牌方直供，杜绝假货。</span>'),
	(589,6452052,1,'<span style=\"color:#ff0000;\">该产品一经拆封，非质量问题不接受7天无理由退货。</span>'),
	(590,6452052,1,'<br>'),
	(591,6452052,2,'http://p4.music.126.net/Pcn26zaHPdHb9KSdKxPHuA==/109951162966783981.jpg'),
	(592,6452052,2,'http://p4.music.126.net/ZSmgsjvYRkq0WqJ7AOzdoA==/109951162966788691.jpg'),
	(593,6452052,2,'http://p3.music.126.net/Kla82WJnJoN0tlUuDICU6w==/109951162966793513.jpg'),
	(594,6452052,2,'http://p4.music.126.net/BlxSwkJnWq8IE0cBCNGWbQ==/109951162966791085.jpg'),
	(595,6452052,2,'http://p4.music.126.net/oTPrc0uNzWe-irlMFzDdrA==/109951162966788261.jpg'),
	(596,6452052,2,'http://p4.music.126.net/dDsuxDHCOUA3ZJ_xFaE6Ag==/18874216602736533.jpg'),
	(597,6452052,2,'http://p3.music.126.net/UcEmp-zcnn-qNBW5ctQtNw==/19087521858523378.jpg'),
	(598,6452052,1,'<br>'),
	(599,6452052,1,'商品交易成功后会在2个工作日内由上海微意电子有限公司发货，法定节假日顺延，请在确认商品完好后再签收。'),
	(600,6452052,1,'若存在质量问题，请务必在7天之内联系客服：'),
	(601,6452052,1,'·客服账号：私信 @云音乐客服'),
	(602,6452052,1,'·客服邮箱：cloudmusicservice@163.com。'),
	(603,6452052,1,'·温馨提示：完整的包装、配件和保修卡是电子产品进行售后的基础，请务必查看齐全后签收并妥善保管。'),
	(604,6173054,1,'<span style=\"color:#ff0000;\">正品低价 品质保证：云音乐商城所有第三方产品均由品牌方直供，杜绝假货。</span>'),
	(605,6173054,1,'<span style=\"font-weight:bold;\">爱科技（AKG）K374U 入耳式耳机 线控手机耳机 HIFI音乐耳机 </span> '),
	(606,6173054,1,'型号：AKG K374U'),
	(607,6173054,1,'可选颜色：红色、蓝色、银色'),
	(608,6173054,1,'<br>'),
	(609,6173054,2,'http://p4.music.126.net/tc_7An9bV21fIuoDDgVbIw==/19243652509352655.jpg'),
	(610,6173054,2,'http://p3.music.126.net/DFP30tuNjvblY058dJ45WA==/19097417462860965.jpg'),
	(611,6173054,2,'http://p3.music.126.net/N86Jt36NcltOrO8xGGU6lg==/19176582300058520.jpg'),
	(612,6173054,2,'http://p3.music.126.net/cFCzZVvDUEyg1EA7jyoOnA==/19112810625649330.jpg'),
	(613,6173054,2,'http://p3.music.126.net/12k6rR3qR_1fObnpb53_iQ==/18891808788464287.jpg'),
	(614,6173054,1,'<br>'),
	(615,6173054,1,'商品交易成功后会在2个工作日内发货，法定节假日顺延，请在确认商品完好后再签收。'),
	(616,6173054,1,'若存在质量问题，请务必在7天之内联系客服：'),
	(617,6173054,1,'·客服账号：私信 @云音乐客服'),
	(618,6173054,1,'·客服邮箱：cloudmusicservice@163.com。'),
	(619,6173054,1,'·温馨提示：完整的包装、配件和保修卡是电子产品进行保修的基础，请务必查看齐全。'),
	(620,5952052,1,'<span style=\"color:#ff0000;\">正品低价 品质保证：云音乐商城所有产品均由品牌方直供，杜绝假货。</span>'),
	(621,5952052,1,'<span style=\"font-weight:bold;\">先锋（Pioneer）SEC-CL31S HIFI入耳式通话耳机</span>'),
	(622,5952052,1,'·型号：先锋SEC-CL31S'),
	(623,5952052,1,'·颜色：白色、黑色、金色'),
	(624,5952052,1,'<br>'),
	(625,5952052,1,'入门级日系耳机，外观小巧重量轻，佩戴舒适不缠绕，三频均衡解析强。同等价位中的音乐利器！'),
	(626,5952052,1,'<br>'),
	(627,5952052,2,'http://p4.music.126.net/iR7XSMPRTg8DC5LEZy3XUg==/3265549542984893.jpg'),
	(628,5952052,2,'http://p3.music.126.net/WtbsdG31bHM6quK80bMVaw==/3416182630465730.jpg'),
	(629,5952052,2,'http://p4.music.126.net/upV8UwwWn9et71qrKtLXnw==/3441471397439672.jpg'),
	(630,5952052,2,'http://p4.music.126.net/xbCmkx2Gz5w4giDPkCkvTA==/1380986615764726.jpg'),
	(631,5952052,2,'http://p4.music.126.net/jgKE3ckIVg6M81GNRUx3bg==/1373290034421726.jpg'),
	(632,5952052,2,'http://p4.music.126.net/qxaQwaX4QLWxwPvFctQJyQ==/3441471397440239.jpg'),
	(633,5952052,2,'http://p3.music.126.net/--jwZH0Mmh60M6eU_73Shg==/3420580683511743.jpg'),
	(634,5952052,2,'http://p3.music.126.net/yH92iWvNDD9xXmYZQl-cHA==/3265549542988083.jpg'),
	(635,5952052,2,'http://p3.music.126.net/ns-xUajt8ClESqCVuSPUKQ==/3399689955858001.jpg'),
	(636,5952052,2,'http://p3.music.126.net/Ff6yBhpAB1jI_9PZlP14aQ==/1373290034421692.jpg'),
	(637,5952052,2,'http://p4.music.126.net/tW6Ir44t7hrjzu64cA09og==/3265549542988086.jpg'),
	(638,5952052,2,'http://p3.music.126.net/VsdZXvK4phmUfm6xyJdMOw==/3394192399584581.jpg'),
	(639,5952052,2,'http://p4.music.126.net/-8Y6Xv-eijt9gqbunfYCMA==/3393092887956360.jpg'),
	(640,5952052,2,'http://p4.music.126.net/R1BYQqmEoepeDh5fWqgqxQ==/2946691170746630.jpg'),
	(641,5952052,2,'http://p3.music.126.net/I6zJCvwk_KEY0-EM5ylSCQ==/1411772941463956.jpg'),
	(642,5952052,2,'http://p3.music.126.net/l-uOJy3ba4Mcds7ZHE8w8w==/1405175871382939.jpg'),
	(643,5952052,2,'http://p3.music.126.net/0F0BZ-Ek0-L7K9igi96wfA==/3265549542988089.jpg'),
	(644,5952052,2,'http://p3.music.126.net/tp5da6gXkfBmjldy9jhnEg==/3435973839306044.jpg'),
	(645,5952052,2,'http://p3.music.126.net/6DtEZ3ZbeOhzSCAj4MEZoQ==/3265549542989075.jpg'),
	(646,5952052,2,'http://p3.music.126.net/LTkERt5n4nOpngNG0ox2Gg==/1373290034421694.jpg'),
	(647,5952052,2,'http://p3.music.126.net/V_EroG_15-Lj31SfSwi-hg==/3393092887956269.jpg'),
	(648,5952052,2,'http://p3.music.126.net/rY1LAWXS1is2lo2fyB0fQA==/3427177748757630.jpg'),
	(649,5952052,2,'http://p4.music.126.net/eQ4OHyeZCgndNkHgyQY2wQ==/2946691170748111.jpg'),
	(650,5952052,2,'http://p3.music.126.net/hdhWJ7mgxWGtePnSWIzN1g==/1407374894638493.jpg'),
	(651,5952052,1,'<br>'),
	(652,5952052,1,'商品交易成功后会在2个工作日内发货，法定节假日顺延，请在确认商品完好后再签收。'),
	(653,5952052,1,'若存在质量问题，请务必在7天之内联系客服：'),
	(654,5952052,1,'·客服账号：私信 @云音乐客服'),
	(655,5952052,1,'·客服邮箱：cloudmusicservice@163.com。'),
	(656,5952052,1,'·温馨提示：完整的包装、配件和保修卡是电子产品进行保修的基础，请务必查看齐全后签收并妥善保管。'),
	(657,6484057,1,'<span style=\"color:#ff0000;\">正品低价 品质保证：云音乐商城所有产品均由品牌方直供，杜绝假货。</span>'),
	(658,6484057,1,'<br>'),
	(659,6484057,2,'http://p4.music.126.net/_oND922qq8lqcrQywQXEjA==/109951162969073190.jpg'),
	(660,6484057,2,'http://p4.music.126.net/LBKLgAETKVlt2GvywLTqjw==/109951162969071748.jpg'),
	(661,6484057,2,'http://p4.music.126.net/DSLI_QayosHfvzqufF_50A==/109951162969072241.jpg'),
	(662,6484057,2,'http://p3.music.126.net/-KG8dzwi9Fajrc3vEgjnjQ==/109951162969066447.jpg'),
	(663,6484057,2,'http://p3.music.126.net/isNCDYClJaAm8xhUt48REg==/109951162969072755.jpg'),
	(664,6484057,2,'http://p4.music.126.net/l9_SUHu1mKhh0EeuL4TugA==/109951162969074127.jpg'),
	(665,6484057,2,'http://p4.music.126.net/q1WO1OKGotqBnpbLdO5X_Q==/109951162969076028.jpg'),
	(666,6484057,2,'http://p3.music.126.net/qKDcMuFeF2eUOh8yUSXqcQ==/109951162969075555.jpg'),
	(667,6484057,2,'http://p3.music.126.net/uzEU4GzpEkCzYJ8GnZbNsA==/109951162969072269.jpg'),
	(668,6484057,2,'http://p3.music.126.net/v-8KMKf2AS5hl9k2xsHLCA==/109951162969074149.jpg'),
	(669,6484057,2,'http://p4.music.126.net/u239DOE6G6IAiBHXUNN-eA==/109951162969071348.jpg'),
	(670,6484057,2,'http://p3.music.126.net/94UpXVs5AOvM_6tRSdkNGw==/109951162969074171.jpg'),
	(671,6484057,2,'http://p4.music.126.net/wi55d9TCVPvuItKfPlBE-Q==/109951162969071815.jpg'),
	(672,6484057,2,'http://p3.music.126.net/_TZ_5hqLMK6hZqt0YL5zBA==/109951162969066974.jpg'),
	(673,6484057,2,'http://p4.music.126.net/HFp43Xq3X_OZHq2lVOfJZw==/109951162969072821.jpg'),
	(674,6484057,2,'http://p4.music.126.net/MouZeoImmVgcXzBxYNfPCw==/109951162969078021.jpg'),
	(675,6484057,2,'http://p4.music.126.net/EGfNDAbvTMXYJDvMMG6EWg==/109951162969076090.jpg'),
	(676,6484057,2,'http://p4.music.126.net/YjIY25ngV6be0qv0Qn1Zrg==/109951162969072840.jpg'),
	(677,6484057,2,'http://p3.music.126.net/Duk_0OxTsPlxFmdCFw-EoA==/109951162969078033.jpg'),
	(678,6484057,2,'http://p4.music.126.net/2HANdUvFVBMIog7WNSz_yg==/109951162969069362.jpg'),
	(679,6484057,2,'http://p4.music.126.net/VXqQf5DmGq4_yCy0o__gbw==/109951162969072853.jpg'),
	(680,6484057,2,'http://p4.music.126.net/Ooj1aKEObvUJVtkS7KV1bw==/109951162969073313.jpg'),
	(681,6484057,2,'http://p4.music.126.net/FtKHqLv-9IF212GGtVu0dQ==/109951162969078052.jpg'),
	(682,6484057,1,'<br>'),
	(683,6484057,1,'商品交易成功后会在2个工作日内由上海微意电子有限公司发货，法定节假日顺延，请在确认商品完好后再签收。'),
	(684,6484057,1,'若存在质量问题，请务必在7天之内联系客服：'),
	(685,6484057,1,'·客服账号：私信 @云音乐客服'),
	(686,6484057,1,'·客服邮箱：cloudmusicservice@163.com。'),
	(687,6484057,1,'·温馨提示：完整的包装、配件和保修卡是电子产品进行售后的基础，请务必查看齐全后签收并妥善保管。'),
	(688,6451051,1,'<span style=\"color:#ff0000;\">正品低价 品质保证：云音乐商城所有产品均由品牌方直供，杜绝假货。</span>'),
	(689,6451051,1,'<span style=\"color:#ff0000;\">该产品一经拆封，非质量问题不接受7天无理由退货。</span>'),
	(690,6451051,1,'<br>'),
	(691,6451051,2,'http://p3.music.126.net/2eEsz8hEFeop5NK-eh4MmQ==/109951162966770063.jpg'),
	(692,6451051,2,'http://p4.music.126.net/J4lTHDB93k1cmUkjm6w-Aw==/109951162966764840.jpg'),
	(693,6451051,2,'http://p3.music.126.net/kKrOFSziKzSWWEPtPg92DA==/109951162966761989.jpg'),
	(694,6451051,2,'http://p3.music.126.net/8g-Z-gneSL_HFMDYOPD6mQ==/109951162966763870.jpg'),
	(695,6451051,2,'http://p3.music.126.net/Lh_XE7YJliYFMxm7ZZ91UA==/109951162966767645.jpg'),
	(696,6451051,2,'http://p4.music.126.net/I9eOU3-lCtlDadDznAM-0g==/109951162966764352.jpg'),
	(697,6451051,2,'http://p3.music.126.net/LyZ7GmOYhlo9X1wqctlM-A==/109951162966768173.jpg'),
	(698,6451051,2,'http://p3.music.126.net/1Mnxi3nvLTvgJdHHEtdQ3A==/109951162966770109.jpg'),
	(699,6451051,2,'http://p3.music.126.net/dDsuxDHCOUA3ZJ_xFaE6Ag==/18874216602736533.jpg'),
	(700,6451051,2,'http://p3.music.126.net/UcEmp-zcnn-qNBW5ctQtNw==/19087521858523378.jpg'),
	(701,6451051,1,'<br>'),
	(702,6451051,1,'商品交易成功后会在2个工作日内由上海微意电子有限公司发货，法定节假日顺延，请在确认商品完好后再签收。'),
	(703,6451051,1,'若存在质量问题，请务必在7天之内联系客服：'),
	(704,6451051,1,'·客服账号：私信 @云音乐客服'),
	(705,6451051,1,'·客服邮箱：cloudmusicservice@163.com。'),
	(706,6451051,1,'·温馨提示：完整的包装、配件和保修卡是电子产品进行售后的基础，请务必查看齐全后签收并妥善保管。'),
	(707,6484060,1,'<span style=\"color:#ff0000;\">正品低价 品质保证：云音乐商城所有产品均由品牌方直供，杜绝假货。</span>'),
	(708,6484060,1,'<br>'),
	(709,6484060,2,'http://p4.music.126.net/FTFLmAkg9AydWKXAHA627w==/109951162969105250.jpg'),
	(710,6484060,2,'http://p4.music.126.net/6hlw11ArHQ15CIcaYOpd_g==/109951162969101968.jpg'),
	(711,6484060,2,'http://p4.music.126.net/alcPoFsJg1vBHW5nD4EodA==/109951162969109174.jpg'),
	(712,6484060,2,'http://p4.music.126.net/u7IHkQsmHi3MONNDWeBiiw==/109951162969103353.jpg'),
	(713,6484060,2,'http://p4.music.126.net/vPLTkuByXEe9p8rGfRMMhQ==/109951162969105261.jpg'),
	(714,6484060,2,'http://p3.music.126.net/Zvmlk7hMLC6pVPmAxw6oAg==/109951162969110592.jpg'),
	(715,6484060,2,'http://p4.music.126.net/jkgLzIkO9zJdmDQmAu10Vg==/109951162969108175.jpg'),
	(716,6484060,2,'http://p3.music.126.net/K7pr9yC2jvmzet15IxG_Gw==/109951162969109183.jpg'),
	(717,6484060,2,'http://p4.music.126.net/Vb3vf4ocsmInvL3wNWkiAg==/109951162969109638.jpg'),
	(718,6484060,2,'http://p3.music.126.net/0or0hqtR3uLFd9B4KP_mKA==/109951162969108702.jpg'),
	(719,6484060,2,'http://p4.music.126.net/JsqAP6YfRe2wszbdyr83TQ==/109951162969107229.jpg'),
	(720,6484060,2,'http://p4.music.126.net/9W43tVI1Xi-FAWeQSjCgug==/109951162969110148.jpg'),
	(721,6484060,2,'http://p4.music.126.net/vXeBqIyMkd0LavR206zDfA==/109951162969110156.jpg'),
	(722,6484060,2,'http://p3.music.126.net/BWGnofIm544LZskJAbT59g==/109951162969112083.jpg'),
	(723,6484060,2,'http://p3.music.126.net/EQr3mkb0DTzMswZdSm2tpA==/109951162969103385.jpg'),
	(724,6484060,2,'http://p3.music.126.net/uS4vZNFEkKA_Aje9RdziDw==/109951162969104811.jpg'),
	(725,6484060,2,'http://p3.music.126.net/Mj5yFxh-xhkdxXuk8sqP0Q==/109951162969101996.jpg'),
	(726,6484060,2,'http://p4.music.126.net/R01zBUAdJ7NlK_bsA3cojg==/109951162969109721.jpg'),
	(727,6484060,2,'http://p3.music.126.net/rXoJXgDWTaZYatER3W3d5g==/109951162969111651.jpg'),
	(728,6484060,2,'http://p4.music.126.net/y6dtZPD1yEenrcWMzmlO_w==/109951162969109731.jpg'),
	(729,6484060,2,'http://p4.music.126.net/-51_cjxESrmgMa7NOuWBhw==/109951162969105318.jpg'),
	(730,6484060,2,'http://p4.music.126.net/xAm1-3iZwe5ZRjpGbI7_mw==/109951162969111231.jpg'),
	(731,6484060,1,'<br>'),
	(732,6484060,1,'商品交易成功后会在2个工作日内由上海微意电子有限公司发货，法定节假日顺延，请在确认商品完好后再签收。'),
	(733,6484060,1,'若存在质量问题，请务必在7天之内联系客服：'),
	(734,6484060,1,'·客服账号：私信 @云音乐客服'),
	(735,6484060,1,'·客服邮箱：cloudmusicservice@163.com。'),
	(736,6484060,1,'·温馨提示：完整的包装、配件和保修卡是电子产品进行售后的基础，请务必查看齐全后签收并妥善保管。'),
	(737,6543062,1,'<span style=\"color:#ff0000;\">正品低价 品质保证：云音乐商城所有产品均由品牌方直供，杜绝假货。</span>'),
	(738,6543062,1,'<span style=\"color:#ff0000;\">该产品一经拆封，非质量问题不接受7天无理由退货。</span>'),
	(739,6543062,1,'<br>'),
	(740,6543062,2,'http://p3.music.126.net/XrBWBHJ4WM7rsgHC9T61KQ==/109951162995531933.jpg'),
	(741,6543062,2,'http://p4.music.126.net/lnSfyOpYd9ExrtyE6lNKiQ==/109951162995538063.jpg'),
	(742,6543062,2,'http://p3.music.126.net/fcYFZs_JQ4SPzdhYmjj9FA==/109951162995534812.jpg'),
	(743,6543062,2,'http://p4.music.126.net/R7BQu23yM5vWFwpzpPOTCg==/109951162995535797.jpg'),
	(744,6543062,2,'http://p3.music.126.net/JhYANOnoRwlMPe9UF-rpxA==/109951162995537110.jpg'),
	(745,6543062,2,'http://p4.music.126.net/F9c1h8Pjquh5PRAkUXd0oQ==/109951162995537114.jpg'),
	(746,6543062,2,'http://p3.music.126.net/QCyYjMneM7lavEjTBdYUMQ==/109951162995534825.jpg'),
	(747,6543062,2,'http://p3.music.126.net/3PCJ1N31mzBH4ir5MngjAA==/109951162995533837.jpg'),
	(748,6543062,2,'http://p3.music.126.net/iohcEGPP-J_EoU6gj3b7kA==/109951162995535810.jpg'),
	(749,6543062,2,'http://p4.music.126.net/zM8qU2raaEIrfv4F7dqM3w==/109951162995538080.jpg'),
	(750,6543062,2,'http://p3.music.126.net/YOK09ixYNeBN3gsUDxOMFw==/109951162995534837.jpg'),
	(751,6543062,2,'http://p4.music.126.net/EWl6lcVmhAGv7C17IDfTCg==/109951162995539047.jpg'),
	(752,6543062,2,'http://p3.music.126.net/omobB3Wi14if_-6etIQwJQ==/109951162995539551.jpg'),
	(753,6543062,2,'http://p3.music.126.net/-GKkn9l8g749PCL_VM7llw==/109951162995534846.jpg'),
	(754,6543062,2,'http://p3.music.126.net/eAlyW4uPkpS7g9ryuQmLeg==/109951162995535282.jpg'),
	(755,6543062,2,'http://p4.music.126.net/9p-iqWplpIYTfJYOdbyufg==/109951162995532413.jpg'),
	(756,6543062,1,'<br>'),
	(757,6543062,1,'商品交易成功后会在2个工作日内由上海微意电子有限公司发货，法定节假日顺延，请在确认商品完好后再签收。'),
	(758,6543062,1,'若存在质量问题，请务必在7天之内联系客服：'),
	(759,6543062,1,'·客服账号：私信 @云音乐客服'),
	(760,6543062,1,'·客服邮箱：cloudmusicservice@163.com。'),
	(761,6543062,1,'·温馨提示：完整的包装、配件和保修卡是电子产品进行售后的基础，请务必查看齐全后签收并妥善保管。'),
	(762,6455051,1,'<span style=\"color:#ff0000;\">正品低价 品质保证：云音乐商城所有产品均由品牌方直供，杜绝假货。</span>'),
	(763,6455051,1,'<br>'),
	(764,6455051,2,'http://p3.music.126.net/TFjobYNZTf_6Wrft4KC87g==/109951162967730636.jpg'),
	(765,6455051,2,'http://p4.music.126.net/R29IBAfJD2dQxMUgpqQUBw==/109951162967730183.jpg'),
	(766,6455051,2,'http://p4.music.126.net/lznd0eP9Fan1H5MwlZ0eig==/109951162967723904.jpg'),
	(767,6455051,2,'http://p4.music.126.net/bvXdmX-SxZgVsiXN0hazWw==/109951162967729674.jpg'),
	(768,6455051,2,'http://p3.music.126.net/8DgwEQ9CRm66wHKC6p8JgQ==/109951162967730218.jpg'),
	(769,6455051,2,'http://p3.music.126.net/VUb052BJEqRBGJhLn4tYIg==/109951162967734070.jpg'),
	(770,6455051,2,'http://p4.music.126.net/tLR5NiA4gYZUwILjXSZMoQ==/109951162967727683.jpg'),
	(771,6455051,2,'http://p3.music.126.net/Ok6rlYDWARCgz6mHOQp8XQ==/109951162967734076.jpg'),
	(772,6455051,2,'http://p4.music.126.net/H06-yecDXrAVQbG9WmB2Hg==/109951162967728817.jpg'),
	(773,6455051,2,'http://p4.music.126.net/_6fwtqZJFHy49FHyKtvkgw==/109951162967729684.jpg'),
	(774,6455051,2,'http://p3.music.126.net/Lzj27QJwFMgUq6frDI0uQg==/109951162967733096.jpg'),
	(775,6455051,2,'http://p4.music.126.net/0ysv9ijuVfoKpA4eDZ7VoA==/109951162967732297.jpg'),
	(776,6455051,2,'http://p3.music.126.net/f8KFdYRWp9OWVidhikOE7w==/109951162967730273.jpg'),
	(777,6455051,1,'<br>'),
	(778,6455051,1,'商品交易成功后会在2个工作日内由东莞市和乐电子有限公司发货，法定节假日顺延，请在确认商品完好后再签收。'),
	(779,6455051,1,'若存在质量问题，请务必在7天之内联系客服：'),
	(780,6455051,1,'·客服账号：私信 @云音乐客服'),
	(781,6455051,1,'·客服邮箱：cloudmusicservice@163.com。'),
	(782,6455051,1,'·温馨提示：完整的包装、配件和保修卡是电子产品进行售后的基础，请务必查看齐全后签收并妥善保管。'),
	(783,6531098,1,'<span style=\"color:#ff0000;\">正品低价 品质保证：云音乐商城所有第三方产品均由品牌方直供，杜绝假货。</span>'),
	(784,6531098,1,'<br>'),
	(785,6531098,2,'http://p3.music.126.net/ceDb2nqGAqXmlybNFIArYA==/18996262393354764.jpg'),
	(786,6531098,2,'http://p3.music.126.net/Ql6UooL_c1QjIUgl3u0bpQ==/18715886930009546.jpg'),
	(787,6531098,2,'http://p3.music.126.net/CuRZKvotSQvFRd_Db6ueTQ==/18714787418382458.jpg'),
	(788,6531098,2,'http://p4.music.126.net/JVDGyMBQRARwQ7sotrj7Bg==/18767563976515205.jpg'),
	(789,6531098,2,'http://p4.music.126.net/XZS_00XrhkWE6npsrDnlwA==/18531168976543967.jpg'),
	(790,6531098,2,'http://p4.music.126.net/0iLW70BBE5XzJ6aiZruKcQ==/18991864346851259.jpg'),
	(791,6531098,2,'http://p4.music.126.net/8YYlg0lRIxTjRKOMk3SL8Q==/18525671418396645.jpg'),
	(792,6531098,2,'http://p3.music.126.net/KiVzpT96P3Dc_lHukbi3tA==/19041342370095080.jpg'),
	(793,6531098,2,'http://p4.music.126.net/G3QiuBaFygZbUWTBQ2kS6Q==/18685100604419766.jpg'),
	(794,6531098,2,'http://p3.music.126.net/ljCGgnDQNLtn0m7FLPODeg==/18920396091040920.jpg'),
	(795,6531098,2,'http://p3.music.126.net/PrO-EPr4H5vd8pHYlkPfxQ==/19042441881722407.jpg'),
	(796,6531098,2,'http://p3.music.126.net/hivNXJfvbZ3s7_CUmU5jbA==/19078725765440624.jpg'),
	(797,6531098,2,'http://p3.music.126.net/pYzl1xtHafw0vdIxRxvWdw==/18624627464906835.jpg'),
	(798,6531098,2,'http://p4.music.126.net/FDRwNCPcED95Dlhd1yYstw==/18726882046285505.jpg'),
	(799,6531098,2,'http://p4.music.126.net/y-CCA5XDKdWZYKOU_r0AvA==/18941286811981824.jpg'),
	(800,6531098,2,'http://p3.music.126.net/Fr0PA_kZ0xn-9nnbhoXDcw==/19061133579395361.jpg'),
	(801,6531098,2,'http://p3.music.126.net/PfXY-6zIBBfQlR0qheSV4A==/19082024300321802.jpg'),
	(802,6531098,1,'<br>'),
	(803,6531098,1,'商品交易成功后会在2个工作日内发货，法定节假日顺延，请在确认商品完好后再签收。'),
	(804,6531098,1,'若存在质量问题，请务必在7天之内联系客服：'),
	(805,6531098,1,'·客服账号：私信 @云音乐客服'),
	(806,6531098,1,'·客服邮箱：cloudmusicservice@163.com。'),
	(807,6531098,1,'·温馨提示：完整的包装、配件和保修卡是电子产品进行保修的基础，请务必查看齐全。'),
	(808,6488079,1,'<span style=\"color:#ff0000;\">正品低价 品质保证：云音乐商城所有产品均由品牌方直供，杜绝假货。</span>'),
	(809,6488079,1,'<br>'),
	(810,6488079,2,'http://p4.music.126.net/Gz20rR5ztq0bAieyoQpjLg==/109951162973787393.jpg'),
	(811,6488079,2,'http://p3.music.126.net/quSLuQqutcMi1liJ_4dkgg==/109951162973789757.jpg'),
	(812,6488079,2,'http://p4.music.126.net/ty0ZR8QVAQSQ0STcfH1A_Q==/109951162973794054.jpg'),
	(813,6488079,2,'http://p4.music.126.net/yD8k88bzCSeTjRG3tUOfCw==/109951162973787401.jpg'),
	(814,6488079,2,'http://p3.music.126.net/BPxslhfTyz6biNsuj_Jz3g==/109951162973795519.jpg'),
	(815,6488079,2,'http://p3.music.126.net/6M_7nq8X0yE4Ijt2LYAwGw==/109951162973787402.jpg'),
	(816,6488079,2,'http://p3.music.126.net/ULnq9bJLpQFxumxRbAXAVA==/109951162973793068.jpg'),
	(817,6488079,2,'http://p4.music.126.net/ubvhg8AbryRVLJx76_IJ6Q==/109951162973791584.jpg'),
	(818,6488079,2,'http://p4.music.126.net/gBAUDBaFDygolc5mXY5jVQ==/109951162973785467.jpg'),
	(819,6488079,2,'http://p4.music.126.net/2xwvhKzRnN0pDm5mH5FSCg==/109951162973788794.jpg'),
	(820,6488079,2,'http://p4.music.126.net/As2gjKNTtxFVbDpWDqVDzw==/109951162973786404.jpg'),
	(821,6488079,1,'<br>'),
	(822,6488079,1,'商品交易成功后会在2个工作日内由上海微意电子有限公司发货，法定节假日顺延，请在确认商品完好后再签收。'),
	(823,6488079,1,'若存在质量问题，请务必在7天之内联系客服：'),
	(824,6488079,1,'·客服账号：私信 @云音乐客服'),
	(825,6488079,1,'·客服邮箱：cloudmusicservice@163.com。'),
	(826,6488079,1,'·温馨提示：完整的包装、配件和保修卡是电子产品进行售后的基础，请务必查看齐全后签收并妥善保管。'),
	(827,6454054,1,'<span style=\"color:#ff0000;\">正品低价 品质保证：云音乐商城所有产品均由品牌方直供，杜绝假货。</span>'),
	(828,6454054,1,'<br>'),
	(829,6454054,2,'http://p3.music.126.net/85WtONKiZNdck_tExIVGQQ==/109951162967680171.jpg'),
	(830,6454054,2,'http://p3.music.126.net/2vPFn9maOM4ForH4pUbNOQ==/109951162967681575.jpg'),
	(831,6454054,2,'http://p3.music.126.net/nOtra7uUrl4Sp6MeFsIJPA==/109951162967682108.jpg'),
	(832,6454054,2,'http://p4.music.126.net/5zdXfumeaTNoK5Ri42164Q==/109951162967681599.jpg'),
	(833,6454054,2,'http://p3.music.126.net/Qiqp0UkLHFnMmUAACjHn4w==/109951162967685002.jpg'),
	(834,6454054,2,'http://p4.music.126.net/-WjUpsLhFK0KNZbPj11-hA==/109951162967681126.jpg'),
	(835,6454054,2,'http://p3.music.126.net/gR-QdThBQhF_ncgvWbIfGQ==/109951162967684553.jpg'),
	(836,6454054,2,'http://p4.music.126.net/9eSRCnNbMoZNDaX0vWtt0g==/109951162967674468.jpg'),
	(837,6454054,2,'http://p4.music.126.net/BTwiP-StWmesQZJy5vTJxg==/109951162967683124.jpg'),
	(838,6454054,2,'http://p4.music.126.net/HHcgQuMi-yUMgs_WQO8hdg==/109951162967685074.jpg'),
	(839,6454054,2,'http://p3.music.126.net/Yj-AlgNDWwcBYh1qrv2AYg==/109951162967684612.jpg'),
	(840,6454054,2,'http://p3.music.126.net/FCPnquqbo-sMegvMDPUNlw==/109951162967679906.jpg'),
	(841,6454054,2,'http://p4.music.126.net/eTfqSDXMgi5RAu7EzAeq4g==/109951162967684143.jpg'),
	(842,6454054,2,'http://p3.music.126.net/QxV05isEhe0A63MzDyU-Hw==/109951162967686069.jpg'),
	(843,6454054,2,'http://p4.music.126.net/FslEsKvymlNZJhQnHlsOzA==/109951162967676394.jpg'),
	(844,6454054,2,'http://p3.music.126.net/HWIAIehsTUVLbbF85FAiWw==/109951162967676401.jpg'),
	(845,6454054,1,'<br>'),
	(846,6454054,1,'商品交易成功后会在2个工作日内由东莞市和乐电子有限公司发货，法定节假日顺延，请在确认商品完好后再签收。'),
	(847,6454054,1,'若存在质量问题，请务必在7天之内联系客服：'),
	(848,6454054,1,'·客服账号：私信 @云音乐客服'),
	(849,6454054,1,'·客服邮箱：cloudmusicservice@163.com。'),
	(850,6454054,1,'·温馨提示：完整的包装、配件和保修卡是电子产品进行售后的基础，请务必查看齐全后签收并妥善保管。'),
	(851,5972054,1,'<span style=\"color:#ff0000;\">网易云音乐车载充电器</span>'),
	(852,5972054,1,' <br>'),
	(853,5972054,2,'http://p3.music.126.net/_Nbodr4DeU-60qOn8ipYhA==/18725782534117479.jpg'),
	(854,5972054,2,'http://p4.music.126.net/c_bx2fMV_MbpvB6SNj3ZPw==/18721384487607273.jpg'),
	(855,5972054,2,'http://p3.music.126.net/PcIMQlvtKrKWw5MhlU7wBw==/3315027565434700.jpg'),
	(856,5972054,2,'http://p3.music.126.net/mOeJZ2P_bDAuHthRI7LOxw==/3418381670523157.jpg'),
	(857,5972054,2,'http://p3.music.126.net/GZA17IwJgkBE2T2DoNAcRA==/18809345417828442.jpg'),
	(858,5972054,2,'http://p4.music.126.net/oMsmY3Kp2NSryGT0jE1zig==/18613632348084714.jpg'),
	(859,5972054,2,'http://p4.music.126.net/mepxt5ilSkpJBG0fT73tiw==/18833534673639915.jpg'),
	(860,5972054,2,'http://p3.music.126.net/0nGh_ytBnB87Hj4H0dYNWw==/18651015743421398.jpg'),
	(861,5972054,2,'http://p4.music.126.net/Z62DfjBnvflr6Cyjtahvfw==/3413983646135391.jpg'),
	(862,5972054,2,'http://p3.music.126.net/f181vkJ5AF3A-XYVqtvhRw==/3416182647274343.jpg'),
	(863,5972054,2,'http://p4.music.126.net/mprulJ8c5m69JZm4YMjKNA==/18581746510886512.jpg'),
	(864,5972054,2,'http://p4.music.126.net/mVctRfmgcCw7fuiVTVAeOA==/18533367999260217.jpg'),
	(865,5972054,2,'http://p3.music.126.net/jQTsLJJA7i1QqF05Wk-maA==/18774161045731070.jpg'),
	(866,5972054,1,'商品交易成功后会在2个工作日内发货，法定节假日顺延，请在确认商品完好后再签收。'),
	(867,5972054,1,'若存在质量问题，请务必在三包规定时间内联系客服'),
	(868,5972054,1,'•客服账号：向【云音乐客服】账号私信反馈'),
	(869,5972054,1,'温馨提示：完整的产品本身、包装和三包凭证是电子产品进行保修的基础，请务必查看齐全后签收并妥善保管；'),
	(870,5972054,1,'注意事项：若您有发票需求，请在下单后五分钟之内私信“云音乐客服”并留言：发票抬头、订单号、您的姓名以及联系方式。（一律为普通发票，含发票的订单会在4个工作日内随货发出）若在发货后提出发票需求，发票单独寄出且运费需由用户自行承担。'),
	(871,5972054,1,'<br>'),
	(872,5972054,1,'<span style=\"font-weight:bold;\">网易云音乐车载充电器售后服务承诺：</span> '),
	(873,5972054,1,'<span style=\"font-weight:bold;\">如何申请退换货？</span> '),
	(874,5972054,1,'1. 自收到商品签收之日起7日内，用户可申请无理由退换货，退款将原路返还，不同的银行处理时间不同，预计1-5个工作日到账；'),
	(875,5972054,1,'2. 自收到商品签收之日起15日内，因产品质量问题，用户可申请换货。'),
	(876,5972054,1,'3. 自收到商品签收之日起1年内，我们提供保修服务。'),
	(877,5972054,1,'<br>'),
	(878,5972054,1,'<span style=\"font-weight:bold;\">退换货及维修说明：</span>'),
	(879,5972054,1,'1.	为了维护用户的体验和权益，网易云音乐车载充电器在退换时应当保证产品完好、配件齐全，且不影响二次销售。遭人为破坏或污损的商品不提供7天无理由退换货服务，敬请谅解。'),
	(880,5972054,1,'影响二次销售的情况，包括但不仅限于以下：'),
	(881,5972054,1,'1)	产品配件不齐全或包装不完整的；'),
	(882,5972054,1,'2)	人为原因，导致设备故障及损坏的；'),
	(883,5972054,1,'3)	造成产品或配件磨损或刮花的，包括产品上标明的型号、序列号、验证码等，被更改、删除、移动或不可辨认的；'),
	(884,5972054,1,'4)	 其他非本公司原因造成损害的。'),
	(885,5972054,1,'2.	退货注意事项：'),
	(886,5972054,1,'1)	如有发票或赠品，退货时需寄回，换货无需寄回；'),
	(887,5972054,1,'2)	发票、保修卡、检测报告等凭证不能进行涂改；'),
	(888,5972054,1,'3)	商品的完整标配指原厂包装内的所有配件；'),
	(889,5972054,1,'4)	完整原厂包装指商品出厂时的包装，包括彩印纸盒和纸盒里的内胆包装。建议外包装在收货之日起保留7天；'),
	(890,5972054,1,'5)	赠品是指价格为零的赠送商品，退货必须保证包装完好，不影响二次使用；'),
	(891,5972054,1,'6)	请您支付寄回的快递费（到付件一律拒收），若质检后为产品性能问题，网易云音乐会报销寄回的快递费（最高22元），请将快递发票随货寄出（无发票不报销）。'),
	(892,5972054,1,'3、网易云音乐车载充电器在三包期内出现《车载充电器商品性能故障表》所列性能故障的情况，经厂商检测确定后，凭三包凭证可享受免费维修服务。'),
	(893,5972054,1,'<br>'),
	(894,5972054,1,'免责条款：'),
	(895,5972054,1,'1.	网易云音乐积分商城提供的图片，由于拍摄灯光变化及显示器色差等原因可能与实物有细微区别，效果演示图和示意图仅供参考（图片为合成图、模拟演示图），有关产品的外观（包括但不限于颜色）请以实物为准。'),
	(896,5972054,1,'2.	限于篇幅，网易云音乐积分商城所包含的信息（包括但不限于产品规格、功能说明等）可能不完整，请以有关产品使用说明书的具体信息为准。'),
	(897,5972054,1,'3.	最终解释权归网易云音乐所有。'),
	(898,6483074,1,'<span style=\"color:#ff0000;\">正品低价 品质保证：云音乐商城所有产品均由品牌方直供，杜绝假货。</span>'),
	(899,6483074,1,'<br>'),
	(900,6483074,2,'http://p4.music.126.net/a0sy1yYv-1PLLCgz3yPK4g==/109951162969433380.jpg'),
	(901,6483074,2,'http://p3.music.126.net/y-ET7Ee2gNoVBBt0eHwpyQ==/109951162969434805.jpg'),
	(902,6483074,2,'http://p3.music.126.net/hKTjrNyiLuWoMvXzlorD6Q==/109951162969437593.jpg'),
	(903,6483074,2,'http://p3.music.126.net/ZtPD3zMplt-GjVPN4jZQWg==/109951162969433871.jpg'),
	(904,6483074,2,'http://p3.music.126.net/kM4ZCY6Bxmnfrf-QMSgfRA==/109951162969430415.jpg'),
	(905,6483074,2,'http://p4.music.126.net/0Dnk3OEhQlP7PXFXHCNYmA==/109951162969438540.jpg'),
	(906,6483074,2,'http://p4.music.126.net/5MiYzsIr0OvY-qU-f_OzAQ==/109951162969430423.jpg'),
	(907,6483074,2,'http://p4.music.126.net/O8_4iaFKiJ1favvXPl03Hg==/109951162969431992.jpg'),
	(908,6483074,2,'http://p3.music.126.net/gEE3SmKLcxBaciUhXCzOIA==/109951162969441002.jpg'),
	(909,6483074,2,'http://p4.music.126.net/v7mg1M0255n5kMSnt8G8Wg==/109951162969432932.jpg'),
	(910,6483074,1,'商品交易成功后会在2个工作日内由北京迅腾广聚商贸有限公司发货，法定节假日顺延，请在确认商品完好后再签收。'),
	(911,6483074,1,'若存在质量问题，请务必在7天之内联系客服：'),
	(912,6483074,1,'·客服账号：私信 @云音乐客服'),
	(913,6483074,1,'·客服邮箱：cloudmusicservice@163.com。'),
	(914,6483074,1,'·温馨提示：完整的包装、配件和保修卡是电子产品进行售后的基础，请务必查看齐全后签收并妥善保管。'),
	(915,6540065,1,'<span style=\"color:#ff0000;\">正品低价 品质保证：云音乐商城所有产品均由品牌方直供，杜绝假货。</span>'),
	(916,6540065,1,'<span style=\"color:#ff0000;\">该产品一经拆封，非质量问题不接受7天无理由退货。</span>'),
	(917,6540065,1,'<br>'),
	(918,6540065,2,'http://p3.music.126.net/-DZsHOdZQ4N8ZSpOPO6c1A==/109951162995537428.jpg'),
	(919,6540065,2,'http://p3.music.126.net/A0pU7FBbAlpZZfIy8BviBA==/109951162995542237.jpg'),
	(920,6540065,2,'http://p4.music.126.net/t9dD5gldnmfXA_gYOOXjmw==/109951162995539930.jpg'),
	(921,6540065,2,'http://p4.music.126.net/pNfPCn_wSh0-UhBVSDyjlA==/109951162995543229.jpg'),
	(922,6540065,2,'http://p3.music.126.net/jzyaQysMhNDD7eFuOtm_dw==/109951162995540337.jpg'),
	(923,6540065,2,'http://p3.music.126.net/WIX6sZ4zNj2bKmY2Q813ZQ==/109951162995545651.jpg'),
	(924,6540065,2,'http://p4.music.126.net/0lkxh1E4tjLV0Z1qbLQOPg==/109951162995537952.jpg'),
	(925,6540065,2,'http://p4.music.126.net/znU5NtK_A53wIdNs2NaZaQ==/109951162995538926.jpg'),
	(926,6540065,2,'http://p4.music.126.net/LbGTgSTqiqDJEyRC3d3bVQ==/109951162995547597.jpg'),
	(927,6540065,2,'http://p4.music.126.net/j9gLoKIQg1X5XVfBZUhX7g==/109951162995542254.jpg'),
	(928,6540065,2,'http://p4.music.126.net/3CjnB3X8tnwML-nxwQJHEQ==/109951162995537447.jpg'),
	(929,6540065,2,'http://p3.music.126.net/4CzGpA-lT85U69_g60UUxw==/109951162995541331.jpg'),
	(930,6540065,2,'http://p3.music.126.net/MMeNZ0fLzYBmAzRUuJDWdw==/109951162995545195.jpg'),
	(931,6540065,2,'http://p3.music.126.net/smzhYIoVqkxDaxRo7-rZsw==/109951162995545672.jpg'),
	(932,6540065,2,'http://p3.music.126.net/LyLjr4WGF5U7olVZNhj2dw==/109951162995547612.jpg'),
	(933,6540065,2,'http://p3.music.126.net/GR8IxDl9Ye6bU10PvGmC0A==/109951162995537982.jpg'),
	(934,6540065,2,'http://p3.music.126.net/my_ofmvg9sa0BoGb47jKaw==/109951162995540889.jpg'),
	(935,6540065,1,'<br>'),
	(936,6540065,1,'商品交易成功后会在2个工作日内由上海微意电子有限公司发货，法定节假日顺延，请在确认商品完好后再签收。'),
	(937,6540065,1,'若存在质量问题，请务必在7天之内联系客服：'),
	(938,6540065,1,'·客服账号：私信 @云音乐客服'),
	(939,6540065,1,'·客服邮箱：cloudmusicservice@163.com。'),
	(940,6540065,1,'·温馨提示：完整的包装、配件和保修卡是电子产品进行售后的基础，请务必查看齐全后签收并妥善保管。'),
	(941,6492050,1,'<span style=\"color:#ff0000;\">正品低价 品质保证：云音乐商城所有产品均由品牌方直供，杜绝假货。</span>'),
	(942,6492050,1,'<br>'),
	(943,6492050,2,'http://p3.music.126.net/rhYWaqQVW3DKzeSKQ6uDUQ==/109951162971876386.jpg'),
	(944,6492050,2,'http://p3.music.126.net/I0st45OJ2_p1w9sgp9b9eg==/109951162971882633.jpg'),
	(945,6492050,2,'http://p4.music.126.net/YXn8yDcQbil_db1Rp7u_gg==/109951162971875931.jpg'),
	(946,6492050,2,'http://p4.music.126.net/7INq3qdMiCRDzSGGr5SPew==/109951162971883157.jpg'),
	(947,6492050,2,'http://p3.music.126.net/jVHunc7FbuffRTJFzxnLDQ==/109951162971884517.jpg'),
	(948,6492050,2,'http://p4.music.126.net/UpU78pOAm_yPvgLIQ_CDbQ==/109951162971882643.jpg'),
	(949,6492050,2,'http://p4.music.126.net/XxrCkTypnr9TQDV_fjz-6A==/109951162971876940.jpg'),
	(950,6492050,2,'http://p4.music.126.net/Iwz3ufTbFOWEDsrFw-DVrQ==/109951162971878892.jpg'),
	(951,6492050,2,'http://p4.music.126.net/TXfG1Ga9B0X0pY9FoDsR4w==/109951162971878898.jpg'),
	(952,6492050,1,'<br>'),
	(953,6492050,1,'商品交易成功后会在2个工作日内由上海微意电子有限公司发货，法定节假日顺延，请在确认商品完好后再签收。'),
	(954,6492050,1,'若存在质量问题，请务必在7天之内联系客服：'),
	(955,6492050,1,'·客服账号：私信 @云音乐客服'),
	(956,6492050,1,'·客服邮箱：cloudmusicservice@163.com。'),
	(957,6492050,1,'·温馨提示：完整的包装、配件和保修卡是电子产品进行保修的基础，请务必查看齐全后签收并妥善保管。'),
	(958,6452054,1,'<span style=\"color:#ff0000;\">正品低价 品质保证：云音乐商城所有产品均由品牌方直供，杜绝假货。</span>'),
	(959,6452054,1,'<br>'),
	(960,6452054,2,'http://p3.music.126.net/E55WgPXo8GQxkaiY07ByCA==/109951162967633816.jpg'),
	(961,6452054,2,'http://p3.music.126.net/TKwSHyg8yg5irnvLCRgoKQ==/109951162967634764.jpg'),
	(962,6452054,2,'http://p4.music.126.net/b1zHpI2Gb-CWQW9R4rEvtw==/109951162967638173.jpg'),
	(963,6452054,2,'http://p4.music.126.net/gGxWniMV5sy8-3BoMN1QCA==/109951162967637181.jpg'),
	(964,6452054,2,'http://p3.music.126.net/xwtTeOgAU8StBfxCIP6dwA==/109951162967629465.jpg'),
	(965,6452054,2,'http://p4.music.126.net/uYY8-AyNNH_7-IhjzO7BHw==/109951162967638191.jpg'),
	(966,6452054,2,'http://p4.music.126.net/xMrAm9UossSPkRMsMuFWUw==/109951162967633451.jpg'),
	(967,6452054,2,'http://p4.music.126.net/CI2f-9VBBrtWeMYJFt2jYg==/109951162967638208.jpg'),
	(968,6452054,2,'http://p4.music.126.net/9FsTPc3R5kjoWLHiTDqQHA==/109951162967635741.jpg'),
	(969,6452054,2,'http://p3.music.126.net/rsNl2w2rz659836wDAIWDQ==/109951162967630931.jpg'),
	(970,6452054,2,'http://p3.music.126.net/EM58FxsRv7mF7gMjBd2W1w==/109951162967641006.jpg'),
	(971,6452054,2,'http://p3.music.126.net/mefMxRhehr5oEdIFF-O-7Q==/109951162967640052.jpg'),
	(972,6452054,2,'http://p4.music.126.net/yJC-OVF0335bvPsSlh1zyg==/109951162967641518.jpg'),
	(973,6452054,2,'http://p3.music.126.net/7Qx2F4WCv0d5x-nebqgCvg==/109951162967632990.jpg'),
	(974,6452054,2,'http://p3.music.126.net/ll0p-SnuZ_lwIyeHArNQFQ==/109951162967643001.jpg'),
	(975,6452054,2,'http://p3.music.126.net/OmIpDKnGzhCe0Crq3r7taw==/109951162967642029.jpg'),
	(976,6452054,2,'http://p3.music.126.net/DQY-yJCdExNrz3--nrpl-A==/109951162967642036.jpg'),
	(977,6452054,1,'<br>'),
	(978,6452054,1,'商品交易成功后会在2个工作日内由东莞市和乐电子有限公司发货，法定节假日顺延，请在确认商品完好后再签收。'),
	(979,6452054,1,'若存在质量问题，请务必在7天之内联系客服：'),
	(980,6452054,1,'·客服账号：私信 @云音乐客服'),
	(981,6452054,1,'·客服邮箱：cloudmusicservice@163.com。'),
	(982,6452054,1,'·温馨提示：完整的包装、配件和保修卡是电子产品进行售后的基础，请务必查看齐全后签收并妥善保管。'),
	(983,6491051,1,'<span style=\"color:#ff0000;\">正品低价 品质保证：云音乐商城所有产品均由品牌方直供，杜绝假货。</span>'),
	(984,6491051,1,'<br>'),
	(985,6491051,2,'http://p3.music.126.net/FRpKmGyHU50XY3KlRYKKHw==/109951162971889520.jpg'),
	(986,6491051,2,'http://p4.music.126.net/3jZD5T0W9b2FJj2jk54hHQ==/109951162971883331.jpg'),
	(987,6491051,2,'http://p3.music.126.net/zqXtemdOlD7TgP5PSGhyUw==/109951162971883775.jpg'),
	(988,6491051,2,'http://p4.music.126.net/X2OJiF3V4_8VKFbUTf2gtQ==/109951162971884203.jpg'),
	(989,6491051,2,'http://p3.music.126.net/lttNk1Tb3ICsAxmnh0rtgQ==/109951162971884204.jpg'),
	(990,6491051,2,'http://p3.music.126.net/kTyohhz3lRzlTITMA-LDwA==/109951162971887124.jpg'),
	(991,6491051,2,'http://p4.music.126.net/seSxDZa60NmecXgLNwV3JA==/109951162971880495.jpg'),
	(992,6491051,1,'<br>'),
	(993,6491051,1,'商品交易成功后会在2个工作日内由上海微意电子有限公司发货，法定节假日顺延，请在确认商品完好后再签收。'),
	(994,6491051,1,'若存在质量问题，请务必在7天之内联系客服：'),
	(995,6491051,1,'·客服账号：私信 @云音乐客服'),
	(996,6491051,1,'·客服邮箱：cloudmusicservice@163.com。'),
	(997,6491051,1,'·温馨提示：完整的包装、配件和保修卡是电子产品进行保修的基础，请务必查看齐全后签收并妥善保管。'),
	(998,6529060,1,'<span style=\"color:#ff0000;\">正品低价 品质保证：云音乐商城所有产品均由品牌方直供，杜绝假货。</span>'),
	(999,6529060,1,'<br>'),
	(1000,6529060,2,'http://p4.music.126.net/ajUMENsx8dlHscPRRwqzlw==/109951162986322241.jpg'),
	(1001,6529060,1,'<br>'),
	(1002,6529060,1,'商品交易成功后会在2个工作日内由上海奥宁电子科技有限公司发货，法定节假日顺延，请在确认商品完好后再签收。'),
	(1003,6529060,1,'若存在质量问题，请务必在7天之内联系客服：'),
	(1004,6529060,1,'·客服账号：私信 @云音乐客服'),
	(1005,6529060,1,'·客服邮箱：cloudmusicservice@163.com。'),
	(1006,6529060,1,'·温馨提示：完整的包装、配件和保修卡是电子产品进行售后的基础，请务必查看齐全后签收并妥善保管。'),
	(1007,6506128,1,'<span style=\"color:#ff0000;\">正品低价 品质保证：云音乐商城所有产品均由品牌方直供，杜绝假货。</span>'),
	(1008,6506128,1,'<br>'),
	(1009,6506128,2,'http://p3.music.126.net/Pi0-RUizM-EhW4IrM7IYWg==/109951162985612801.jpg'),
	(1010,6506128,1,'<br>'),
	(1011,6506128,1,'商品交易成功后会在2个工作日内由上海奥宁电子科技有限公司发货，法定节假日顺延，请在确认商品完好后再签收。'),
	(1012,6506128,1,'若存在质量问题，请务必在7天之内联系客服：'),
	(1013,6506128,1,'·客服账号：私信 @云音乐客服'),
	(1014,6506128,1,'·客服邮箱：cloudmusicservice@163.com。'),
	(1015,6506128,1,'·温馨提示：完整的包装、配件和保修卡是电子产品进行售后的基础，请务必查看齐全后签收并妥善保管。'),
	(1016,6488068,1,'<span style=\"color:#ff0000;\">正品低价 品质保证：云音乐商城所有产品均由品牌方直供，杜绝假货。</span>'),
	(1017,6488068,1,'<br>'),
	(1018,6488068,2,'http://p4.music.126.net/lsR58Fnre5tAX1GpH5jTJw==/109951162973080522.jpg'),
	(1019,6488068,2,'http://p3.music.126.net/TJhAIF9Q4JfkmNCAEILFfw==/109951162973074786.jpg'),
	(1020,6488068,2,'http://p4.music.126.net/DlSeKqX7MjYaM2SoBZzIug==/109951162973071432.jpg'),
	(1021,6488068,2,'http://p3.music.126.net/au9UqvsQu5gWidrsE1jN9A==/109951162973079077.jpg'),
	(1022,6488068,2,'http://p3.music.126.net/0pFkePH4hCpJWqyaJ_8UqQ==/109951162973073816.jpg'),
	(1023,6488068,2,'http://p4.music.126.net/3fX__nkIeHaDPPpxQk6FiA==/109951162973077616.jpg'),
	(1024,6488068,2,'http://p3.music.126.net/iqwZhErgaRJbhLWAnF4Upg==/109951162973074261.jpg'),
	(1025,6488068,2,'http://p3.music.126.net/9qPRUQvFl_nwE9E5HmhUEw==/109951162973072333.jpg'),
	(1026,6488068,2,'http://p4.music.126.net/qzo1r4wUErHiLRj_DHN2CA==/109951162973077104.jpg'),
	(1027,6488068,2,'http://p3.music.126.net/2G0slz9dDEGJpAZbvCc7tA==/109951162973073823.jpg'),
	(1028,6488068,2,'http://p4.music.126.net/4PNu137gPreUQ9HOws24og==/109951162973074796.jpg'),
	(1029,6488068,2,'http://p4.music.126.net/urTcFzpaXLzsD6KYWOW3pA==/109951162973078607.jpg'),
	(1030,6488068,2,'http://p4.music.126.net/fXw1CyS2xo82FANRmLoQyA==/109951162973072336.jpg'),
	(1031,6488068,2,'http://p3.music.126.net/28gH1XeUW-7PpzTDG4BATw==/109951162973078610.jpg'),
	(1032,6488068,2,'http://p4.music.126.net/N9_fqsJX1fkz7e20AjgDLw==/109951162973076229.jpg'),
	(1033,6488068,2,'http://p4.music.126.net/k1Bjj_rGwA4SJ0vVJjX4iQ==/109951162973071449.jpg'),
	(1034,6488068,2,'http://p4.music.126.net/Siy6fImNKZTGk0UKv3tfag==/109951162973072892.jpg'),
	(1035,6488068,1,'<br>'),
	(1036,6488068,1,'商品交易成功后会在2个工作日内由上海微意电子有限公司发货，法定节假日顺延，请在确认商品完好后再签收。'),
	(1037,6488068,1,'若存在质量问题，请务必在7天之内联系客服：'),
	(1038,6488068,1,'·客服账号：私信 @云音乐客服'),
	(1039,6488068,1,'·客服邮箱：cloudmusicservice@163.com。'),
	(1040,6488068,1,'·温馨提示：完整的包装、配件和保修卡是电子产品进行保修的基础，请务必查看齐全后签收并妥善保管。'),
	(1041,6268051,1,'<span style=\"color:#ff0000;\">正品低价 品质保证：云音乐商城所有产品均由品牌方直供，杜绝假货。</span>'),
	(1042,6268051,1,'<span style=\"font-weight:bold;\">魔声（Monster）N-lite二代能极 入耳式线控耳机</span>'),
	(1043,6268051,1,'·型号：魔声 N-LITE 能极'),
	(1044,6268051,1,'·可选颜色：黑色、红色、蓝色、银色'),
	(1045,6268051,1,'<br>'),
	(1046,6268051,2,'http://p3.music.126.net/efAYoqxGx3D7JUhr3rUNgw==/19190875951282222.jpg'),
	(1047,6268051,2,'http://p3.music.126.net/506_Xr1svg5EEWMoHvD5EQ==/18950082904785016.jpg'),
	(1048,6268051,2,'http://p4.music.126.net/brtxrQjo-cyQhAsL7H8_uA==/19062233090831030.jpg'),
	(1049,6268051,1,'<br>'),
	(1050,6268051,1,'商品交易成功后会在2个工作日内发货，法定节假日顺延，请在确认商品完好后再签收。'),
	(1051,6268051,1,'若存在质量问题，请务必在7天之内联系客服：'),
	(1052,6268051,1,'·客服账号：私信 @云音乐客服'),
	(1053,6268051,1,'·客服邮箱：cloudmusicservice@163.com。'),
	(1054,6268051,1,'·温馨提示：完整的包装、配件和保修卡是电子产品进行保修的基础，请务必查看齐全后签收并妥善保管。'),
	(1055,6480097,1,'<span style=\"color:#ff0000;\">正品低价 品质保证：云音乐商城所有产品均由品牌方直供，杜绝假货。</span>'),
	(1056,6480097,1,'<br>'),
	(1057,6480097,2,'http://p4.music.126.net/z6y3189EkXHpEcK0zAkM2w==/109951162973072958.jpg'),
	(1058,6480097,2,'http://p3.music.126.net/znLiqshzyi9s_GSqtwUp8Q==/109951162973080110.jpg'),
	(1059,6480097,2,'http://p3.music.126.net/VGNqWRunJO0a23NPGjTG-A==/109951162973082510.jpg'),
	(1060,6480097,2,'http://p3.music.126.net/Wyk-LlCEqlPPoTDWvk5kOQ==/109951162973082512.jpg'),
	(1061,6480097,2,'http://p3.music.126.net/xjOuaGy5AxGETS8lwOuC_A==/109951162973076748.jpg'),
	(1062,6480097,2,'http://p3.music.126.net/3NFuZINST6NUHUPwwPKT1A==/109951162973079190.jpg'),
	(1063,6480097,2,'http://p4.music.126.net/0FYdrwHk6EMWPc5rvQestQ==/109951162973073445.jpg'),
	(1064,6480097,2,'http://p4.music.126.net/kcWs2qYGijblAnMaUxwJoA==/109951162973078681.jpg'),
	(1065,6480097,2,'http://p3.music.126.net/Udp-k75qwzfMnPvrSDZ3EA==/109951162973073448.jpg'),
	(1066,6480097,2,'http://p4.music.126.net/tTgEnEf9ayCoW5WKe1R50Q==/109951162973076755.jpg'),
	(1067,6480097,2,'http://p3.music.126.net/YVcjOtg06u65lpqKPGckqQ==/109951162973074887.jpg'),
	(1068,6480097,2,'http://p3.music.126.net/CGjyYCXTQp_afuvmNqT_Cg==/109951162973079197.jpg'),
	(1069,6480097,2,'http://p3.music.126.net/oMIs7VAScus19f_vyG867w==/109951162973076313.jpg'),
	(1070,6480097,2,'http://p3.music.126.net/VBBF1i1xnLWe0aYHbHFuTA==/109951162973074892.jpg'),
	(1071,6480097,2,'http://p4.music.126.net/9N1tPxKAHqKDhgWIoIK0Vw==/109951162973077727.jpg'),
	(1072,6480097,1,'<br>'),
	(1073,6480097,1,'商品交易成功后会在2个工作日内由上海微意电子有限公司发货，法定节假日顺延，请在确认商品完好后再签收。'),
	(1074,6480097,1,'若存在质量问题，请务必在7天之内联系客服：'),
	(1075,6480097,1,'·客服账号：私信 @云音乐客服'),
	(1076,6480097,1,'·客服邮箱：cloudmusicservice@163.com。'),
	(1077,6480097,1,'·温馨提示：完整的包装、配件和保修卡是电子产品进行保修的基础，请务必查看齐全后签收并妥善保管。'),
	(1078,5957053,1,'<span style=\"color:#ff0000;\">正品低价 品质保证：云音乐商城所有第三方产品均由品牌方直供，杜绝假货。</span>'),
	(1079,5957053,1,'<span style=\"font-weight:bold;\">杰伟世（JVC）S160 超轻便携可折叠头戴式耳机</span> '),
	(1080,5957053,1,'型号：JVC S160'),
	(1081,5957053,1,'可选颜色：红色、黑色、粉色、紫色'),
	(1082,5957053,1,'<br>'),
	(1083,5957053,2,'http://p4.music.126.net/Nll0J1p9PSHmSirOlLcwfw==/19190875951234613.jpg'),
	(1084,5957053,2,'http://p3.music.126.net/hh-sE6S5FdwaeMNkk1lXOQ==/18643319162413619.jpg'),
	(1085,5957053,2,'http://p3.music.126.net/OgxdqYX51WaJXLKp2gjPqQ==/18825838092620382.jpg'),
	(1086,5957053,2,'http://p4.music.126.net/WmsZ8A8KaxWchqqCmL1XrQ==/18508079232198342.jpg'),
	(1087,5957053,2,'http://p4.music.126.net/bSnTDpDV1H5pXvtR3lF7xg==/18876415625690981.jpg'),
	(1088,5957053,2,'http://p4.music.126.net/lZtr-QQ-x4HraogSQjqM4A==/19187577416351411.jpg'),
	(1089,5957053,2,'http://p4.music.126.net/HmlQDGhu-ryFr4IHCWbbcw==/18696095720546273.jpg'),
	(1090,5957053,2,'http://p3.music.126.net/uDAMpbchTS76xQCvKTIUpg==/18671906465325404.jpg'),
	(1091,5957053,1,'<br>'),
	(1092,5957053,1,'商品交易成功后会在2个工作日内发货，法定节假日顺延，请在确认商品完好后再签收。'),
	(1093,5957053,1,'若存在质量问题，请务必在7天之内联系客服：'),
	(1094,5957053,1,'·客服账号：私信 @云音乐客服'),
	(1095,5957053,1,'·客服邮箱：cloudmusicservice@163.com。'),
	(1096,5957053,1,'·温馨提示：完整的包装、配件和保修卡是电子产品进行保修的基础，请务必查看齐全。'),
	(1097,6487074,1,'<span style=\"color:#ff0000;\">正品低价 品质保证：云音乐商城所有产品均由品牌方直供，杜绝假货。</span>'),
	(1098,6487074,1,'<br>'),
	(1099,6487074,2,'http://p3.music.126.net/kNorqkW2kprqmeYoKz7SQQ==/109951162973334736.jpg'),
	(1100,6487074,2,'http://p3.music.126.net/Fh0Edf2RhEh0syQ-WzDA0A==/109951162973331339.jpg'),
	(1101,6487074,2,'http://p4.music.126.net/HTFDfLL-jkF6oHQPKSvcAQ==/109951162973328931.jpg'),
	(1102,6487074,2,'http://p4.music.126.net/EQG9cpyNbHVIQnV-5p31xw==/109951162973329867.jpg'),
	(1103,6487074,2,'http://p3.music.126.net/9ace5poQoFiwR5PYT9pslA==/109951162973331861.jpg'),
	(1104,6487074,2,'http://p3.music.126.net/q8S_MbUg0JhINrg9kwP6Tg==/109951162973330877.jpg'),
	(1105,6487074,2,'http://p3.music.126.net/qGUzfv4ExC006cT4yTlvDA==/109951162973330377.jpg'),
	(1106,6487074,2,'http://p3.music.126.net/UyziyYeg7ZdDfK7sKysW-g==/109951162973334753.jpg'),
	(1107,6487074,2,'http://p4.music.126.net/dqgv9JDwVCFDnzJf9jHQMw==/109951162973335724.jpg'),
	(1108,6487074,2,'http://p3.music.126.net/vkxKFgc84P270KH8htzyoA==/109951162973338526.jpg'),
	(1109,6487074,1,'<br>'),
	(1110,6487074,1,'商品交易成功后会在2个工作日内由上海微意电子有限公司发货，法定节假日顺延，请在确认商品完好后再签收。'),
	(1111,6487074,1,'若存在质量问题，请务必在7天之内联系客服：'),
	(1112,6487074,1,'·客服账号：私信 @云音乐客服'),
	(1113,6487074,1,'·客服邮箱：cloudmusicservice@163.com。'),
	(1114,6487074,1,'·温馨提示：完整的包装、配件和保修卡是电子产品进行售后的基础，请务必查看齐全后签收并妥善保管。'),
	(1115,5981065,1,'<span style=\"color:#ff0000;\">正品低价 品质保证：云音乐商城所有产品均由品牌方直供，杜绝假货。</span>'),
	(1116,5981065,1,'<span style=\"font-weight:bold;\">杰伟世JVC-ETR40 入耳式运动耳机</span>'),
	(1117,5981065,1,'·型号：JVC-ETR40 '),
	(1118,5981065,1,'·颜色：红色、黑色'),
	(1119,5981065,1,'<br>'),
	(1120,5981065,2,'http://p3.music.126.net/V6q6Yz-fM3Jn6YC9BkeAoA==/18690598161410680.jpg'),
	(1121,5981065,2,'http://p3.music.126.net/OCK_4IOcGh2UKmAmo27VBw==/3418381668125140.jpg'),
	(1122,5981065,2,'http://p4.music.126.net/LPINsY6A1gjnU977rj0XxQ==/18598239184671997.jpg'),
	(1123,5981065,2,'http://p3.music.126.net/z6ng5CANMhNJ1RrgZwSe5g==/3419481179752817.jpg'),
	(1124,5981065,2,'http://p3.music.126.net/mtGfEYzB8jr4nkVOxPuDYg==/3250156395228865.jpg'),
	(1125,5981065,2,'http://p3.music.126.net/7g81rQJBJlAbobGIiI5viw==/18742275207914555.jpg'),
	(1126,5981065,2,'http://p4.music.126.net/V2K2rsKmQ3AGdz-iQZSvsQ==/3394192432405568.jpg'),
	(1127,5981065,1,'<br>'),
	(1128,5981065,1,'商品交易成功后会在2个工作日内发货，法定节假日顺延，请在确认商品完好后再签收。'),
	(1129,5981065,1,'若存在质量问题，请务必在7天之内联系客服：'),
	(1130,5981065,1,'·客服账号：私信 @云音乐客服'),
	(1131,5981065,1,'·客服邮箱：cloudmusicservice@163.com。'),
	(1132,5981065,1,'·温馨提示：完整的包装、配件和保修卡是电子产品进行保修的基础，请务必查看齐全后签收并妥善保管。'),
	(1133,6492052,1,'<span style=\"color:#ff0000;\">正品低价 品质保证：云音乐商城所有产品均由品牌方直供，杜绝假货。</span>'),
	(1134,6492052,1,'<br>'),
	(1135,6492052,2,'http://p4.music.126.net/Ta1HZ_FuIDMoxsS7JHt98g==/109951162972269288.jpg'),
	(1136,6492052,2,'http://p3.music.126.net/oznEwElPaZkzK6YBtnug6w==/109951162972270272.jpg'),
	(1137,6492052,2,'http://p3.music.126.net/eDk7RA6q2TF_vAY-fcZ-OA==/109951162972272654.jpg'),
	(1138,6492052,2,'http://p3.music.126.net/Ja7-rm5TQDVDCp_d0kVN_A==/109951162972271701.jpg'),
	(1139,6492052,2,'http://p3.music.126.net/UNCitSDPrHAVvj4z_UJvUA==/109951162972271251.jpg'),
	(1140,6492052,2,'http://p4.music.126.net/uvyL0LCaIeg0U5IrCqogiQ==/109951162972271252.jpg'),
	(1141,6492052,2,'http://p3.music.126.net/N832VvAzH2m_XSEpqhIv8w==/109951162972272659.jpg'),
	(1142,6492052,2,'http://p3.music.126.net/_KPBoubf4XKWbAW2yXcalw==/109951162972269789.jpg'),
	(1143,6492052,2,'http://p3.music.126.net/teqrcpejd8rAPnaPXLiRyw==/109951162972270275.jpg'),
	(1144,6492052,2,'http://p4.music.126.net/2sRM3ETYCiTN4lIiv7DyHg==/109951162972270277.jpg'),
	(1145,6492052,2,'http://p3.music.126.net/gpD0uT9GGDSLYMdbPdYKiA==/109951162972269791.jpg'),
	(1146,6492052,2,'http://p3.music.126.net/5y8gd-Z5Vjuk5EC03PEmKA==/109951162972271706.jpg'),
	(1147,6492052,1,'<br>'),
	(1148,6492052,1,'商品交易成功后会在2个工作日内由上海微意电子有限公司发货，法定节假日顺延，请在确认商品完好后再签收。'),
	(1149,6492052,1,'若存在质量问题，请务必在7天之内联系客服：'),
	(1150,6492052,1,'·客服账号：私信 @云音乐客服'),
	(1151,6492052,1,'·客服邮箱：cloudmusicservice@163.com。'),
	(1152,6492052,1,'·温馨提示：完整的包装、配件和保修卡是电子产品进行保修的基础，请务必查看齐全后签收并妥善保管。'),
	(1153,6538071,1,'<span style=\"color:#ff0000;\">正品低价 品质保证：云音乐商城所有产品均由品牌方直供，杜绝假货。</span>'),
	(1154,6538071,1,'<br>'),
	(1155,6538071,2,'http://p3.music.126.net/CQGL_9XAcGWM20wfJG30Bw==/109951162995557918.jpg'),
	(1156,6538071,2,'http://p4.music.126.net/4u7yZUwDWSSBklzP-RYMUA==/109951162995560705.jpg'),
	(1157,6538071,2,'http://p3.music.126.net/we0vQKPHoo9zek5vhIhbsQ==/109951162995559758.jpg'),
	(1158,6538071,2,'http://p3.music.126.net/4AGiNXEVkTUEegMux-jxmQ==/109951162995554948.jpg'),
	(1159,6538071,2,'http://p4.music.126.net/kanqiRqn7aAFT2gwABB2mQ==/109951162995558893.jpg'),
	(1160,6538071,2,'http://p4.music.126.net/trTjKu1amZUXPGbc0Tum9g==/109951162995561677.jpg'),
	(1161,6538071,2,'http://p4.music.126.net/bdN5xntTp_Cc24Fay7vTHQ==/109951162995564039.jpg'),
	(1162,6538071,2,'http://p4.music.126.net/M0xHZxZBWSA54RQn8mhXrQ==/109951162995563559.jpg'),
	(1163,6538071,2,'http://p4.music.126.net/gWGwVhjXpEhCjoRhtAVe-g==/109951162995563074.jpg'),
	(1164,6538071,2,'http://p3.music.126.net/7q8igtlX-AUaPkiov75LdQ==/109951162995557932.jpg'),
	(1165,6538071,2,'http://p4.music.126.net/6Gd7W4DblMXd5FzxW39WPA==/109951162995554951.jpg'),
	(1166,6538071,2,'http://p3.music.126.net/iZcWBf9lgb0PGYeEONGFiQ==/109951162995557938.jpg'),
	(1167,6538071,2,'http://p4.music.126.net/wciFT9Ce-A0sixVWVBm6sA==/109951162995559328.jpg'),
	(1168,6538071,2,'http://p4.music.126.net/2rgiEaolnZLrXsHiDWMlwQ==/109951162995558907.jpg'),
	(1169,6538071,2,'http://p4.music.126.net/lJi_W1ZCztUrbkiYLQ480Q==/109951162995555439.jpg'),
	(1170,6538071,2,'http://p4.music.126.net/agN1d4Yq1M81o5Az69QQ_g==/109951162995562123.jpg'),
	(1171,6538071,2,'http://p3.music.126.net/tlGRWTKObxH77swXPKmBeQ==/109951162995561688.jpg'),
	(1172,6538071,2,'http://p4.music.126.net/dFbpM_qly8RjA-Fk1cKUvQ==/109951162995558914.jpg'),
	(1173,6538071,2,'http://p3.music.126.net/k7hWXuup-qAIRbROngipHA==/109951162995559783.jpg'),
	(1174,6538071,1,'<br>'),
	(1175,6538071,1,'商品交易成功后会在2个工作日内由上海微意电子有限公司发货，法定节假日顺延，请在确认商品完好后再签收。'),
	(1176,6538071,1,'若存在质量问题，请务必在7天之内联系客服：'),
	(1177,6538071,1,'·客服账号：私信 @云音乐客服'),
	(1178,6538071,1,'·客服邮箱：cloudmusicservice@163.com。'),
	(1179,6538071,1,'·温馨提示：完整的包装、配件和保修卡是电子产品进行售后的基础，请务必查看齐全后签收并妥善保管。'),
	(1180,6211051,1,'<span style=\"color:#ff0000;\">正品低价 品质保证：云音乐商城所有第三方产品均由品牌方直供，杜绝假货。</span>'),
	(1181,6211051,1,'<span style=\"font-weight:bold;\">达音科（DUNU）DN-ES03 低频强劲HIFI入耳式手机耳机</span>'),
	(1182,6211051,1,'·型号：达音科 DN-ES03'),
	(1183,6211051,1,'<br>'),
	(1184,6211051,2,'http://p3.music.126.net/CQbc-oIpYgfSgBDr0wmvgg==/19197473021007140.jpg'),
	(1185,6211051,2,'http://p3.music.126.net/K4h4ud9_xW0PkLHlN9MPFw==/18825838092624411.jpg'),
	(1186,6211051,2,'http://p3.music.126.net/X4kcg7MMHDijBLALuwSb_w==/18825838092624412.jpg'),
	(1187,6211051,2,'http://p4.music.126.net/awhmtWXFBRugcGzIbKD77w==/18825838092624413.jpg'),
	(1188,6211051,2,'http://p4.music.126.net/QI0Z0WzEBwNgiZ8u3g6a5g==/18961078021037250.jpg'),
	(1189,6211051,2,'http://p3.music.126.net/KLERUa3VTYRXEvKIlGZqPA==/18884112207090683.jpg'),
	(1190,6211051,2,'http://p3.music.126.net/3mSx9RTl2ylrfurT0FQcqA==/18825838092624414.jpg'),
	(1191,6211051,2,'http://p4.music.126.net/6D7E_amgAm_CBCass7Qw1Q==/18825838092624415.jpg'),
	(1192,6211051,2,'http://p3.music.126.net/NvTNFwatKnirVQehDV88tw==/18727981557758265.jpg'),
	(1193,6211051,1,'<br>'),
	(1194,6211051,1,'商品交易成功后会在2个工作日内发货，法定节假日顺延，请在确认商品完好后再签收。'),
	(1195,6211051,1,'若存在质量问题，请务必在7天之内联系客服：'),
	(1196,6211051,1,'·客服账号：私信 @云音乐客服'),
	(1197,6211051,1,'·客服邮箱：cloudmusicservice@163.com。'),
	(1198,6211051,1,'·温馨提示：完整的包装、配件和保修卡是电子产品进行保修的基础，请务必查看齐全后签收并妥善保管。'),
	(1199,6088055,1,'<span style=\"color:#ff0000;\">正品低价 品质保证：云音乐商城所有产品均由品牌方直供，杜绝假货。</span>'),
	(1200,6088055,1,'<span style=\"font-weight:bold;\">杰伟世（JVC）SR50X XX复古摇滚重低音耳机</span> '),
	(1201,6088055,1,'型号：JVC-SR50X'),
	(1202,6088055,1,'可选颜色：黑色'),
	(1203,6088055,1,'<br>'),
	(1204,6088055,2,'http://p3.music.126.net/LY208QX18Nj4usEZ_bBGSw==/18607035278549300.jpg'),
	(1205,6088055,2,'http://p3.music.126.net/CnxvAZUfdxD9VtQsltb4-g==/18567452859944222.jpg'),
	(1206,6088055,2,'http://p3.music.126.net/AYyZl-P6NECLZX2qA1bVwg==/18738976673887621.jpg'),
	(1207,6088055,2,'http://p3.music.126.net/Px_OS8YRXVph7f90YNBvZA==/18800549325033285.jpg'),
	(1208,6088055,2,'http://p3.music.126.net/uSDa6oDn36EtaBoNK8_j0Q==/18598239185520043.jpg'),
	(1209,6088055,2,'http://p3.music.126.net/aVcYm2-fImueCCeeEIHUdQ==/18629025511110479.jpg'),
	(1210,6088055,2,'http://p3.music.126.net/myoow3ml74KBDF3YRVZ-Kg==/18820340534344846.jpg'),
	(1211,6088055,2,'http://p4.music.126.net/Ow58YEIwA7q7CBfq0AkA7w==/18569651883199426.jpg'),
	(1212,6088055,2,'http://p3.music.126.net/sJ8oJpYMkKXxjWfKBxmFZw==/18621328929706848.jpg'),
	(1213,6088055,2,'http://p3.music.126.net/iw7wXdM_vHijiRyPuJ9iqw==/18771962022710562.jpg'),
	(1214,6088055,2,'http://p4.music.126.net/8OJQfT2cZvqM9jL3-OUr6g==/18629025511110181.jpg'),
	(1215,6088055,2,'http://p3.music.126.net/-VgAjgiCupvf4ihGKN9y3Q==/18637821604127377.jpg'),
	(1216,6088055,2,'http://p4.music.126.net/iZqKXXgFAcRGuJX0YdwWXQ==/18696095720406255.jpg'),
	(1217,6088055,2,'http://p4.music.126.net/GDVS4AmG6WFcpbKzkPcUqA==/18773061534338337.jpg'),
	(1218,6088055,1,'<br>'),
	(1219,6088055,1,'商品交易成功后会在2个工作日内发货，法定节假日顺延，请在确认商品完好后再签收。'),
	(1220,6088055,1,'若存在质量问题，请务必在7天之内联系客服：'),
	(1221,6088055,1,'·客服账号：私信 @云音乐客服'),
	(1222,6088055,1,'·客服邮箱：cloudmusicservice@163.com。'),
	(1223,6088055,1,'·温馨提示：完整的包装、配件和保修卡是电子产品进行保修的基础，请务必查看齐全。'),
	(1224,5934050,1,'<span style=\"font-weight:bold;\">JBL S100 立体声入耳式耳机</span>'),
	(1225,5934050,1,'· 型号：JBL S100 <span style=\"color:#ff0000;\">（非线控）</span>'),
	(1226,5934050,1,'· 颜色：黑色、白色'),
	(1227,5934050,1,'<br>'),
	(1228,5934050,2,'http://p3.music.126.net/3DiW_XR_h9k6zxqlJOH20A==/3265549585746827.jpg'),
	(1229,5934050,2,'http://p4.music.126.net/RMOCDbVXVlehCprli1M46Q==/3427177769816266.jpg'),
	(1230,5934050,2,'http://p4.music.126.net/jecp3VGxhSSwyVUxrb6C7g==/18677404021263275.jpg'),
	(1231,5934050,2,'http://p4.music.126.net/ccNNtcZUJWhqCbwKb4cLFg==/3252355412080626.jpg'),
	(1232,5934050,2,'http://p4.music.126.net/mFI76StJcPof18Udau46AQ==/1368891991621442.jpg'),
	(1233,5934050,2,'http://p3.music.126.net/GDurS97ONToaoioTP6q3BA==/3265549585440685.jpg'),
	(1234,5934050,2,'http://p4.music.126.net/H_rRfsNNe_869QPBuABStw==/3438172870013275.jpg'),
	(1235,5934050,2,'http://p3.music.126.net/oEIUWCM7rmbJj1OR60Cn8g==/3444769939831021.jpg'),
	(1236,5934050,2,'http://p4.music.126.net/9CORQ9GAb8DyF_Dg0s4sdw==/18673005974750866.jpg'),
	(1237,5934050,1,'<br>'),
	(1238,5934050,1,'商品交易成功后会在2个工作日内发货，法定节假日顺延，请在确认商品完好后再签收。'),
	(1239,5934050,1,'若存在质量问题，请务必在7天之内联系客服：'),
	(1240,5934050,1,'·客服账号：私信 @云音乐客服'),
	(1241,5934050,1,'·客服邮箱：cloudmusicservice@163.com。'),
	(1242,5934050,1,'·温馨提示：完整的包装、配件和保修卡是电子产品进行保修的基础，请务必查看齐全。'),
	(1243,6176051,1,'<span style=\"color:#ff0000;\">正品低价 品质保证：云音乐商城所有产品均由品牌方直供，杜绝假货。</span>'),
	(1244,6176051,1,'<span style=\"font-weight:bold;\">魔声（Monster）Clarity Wireless 灵晰 无线蓝牙耳机 厚重低音 入耳式耳机</span>'),
	(1245,6176051,1,'·型号：魔声 Clarity Wireless 灵晰'),
	(1246,6176051,1,'·颜色：白色、黑色'),
	(1247,6176051,1,'<br>'),
	(1248,6176051,2,'http://p4.music.126.net/wvRPw-HBhQ4ChxsN7N-igg==/19243652509352672.jpg'),
	(1249,6176051,2,'http://p3.music.126.net/pQ_SugIKC6IWr9H7fjk5iA==/19176582300058537.jpg'),
	(1250,6176051,2,'http://p3.music.126.net/lFYBgRU2VNYjrflsOEgLWg==/19058934555885639.jpg'),
	(1251,6176051,2,'http://p4.music.126.net/-v1ynJRkb1gUOZjfI2PBOw==/18891808788464304.jpg'),
	(1252,6176051,2,'http://p4.music.126.net/LTS_vR5eyjc7CuEYwZC6vw==/19060034067513416.jpg'),
	(1253,6176051,2,'http://p3.music.126.net/TlBND81_8ZGWLO0PgbGFyg==/18579547487994726.jpg'),
	(1254,6176051,2,'http://p3.music.126.net/vsDbHMwQJXe_vewnGAcnjQ==/18692797185652133.jpg'),
	(1255,6176051,2,'http://p3.music.126.net/gP21f1SR-7QM-qtyz_6qoQ==/18917097555903059.jpg'),
	(1256,6176051,2,'http://p3.music.126.net/UogSHrNBHoZVrb2-xtD6iQ==/18744474232167406.jpg'),
	(1257,6176051,2,'http://p3.music.126.net/xMzO9_DOrrphYC4q7Iwl6A==/18515775813578470.jpg'),
	(1258,6176051,2,'http://p4.music.126.net/9DzW7hnw7uNL3hn_RGBJdA==/19177681811686323.jpg'),
	(1259,6176051,2,'http://p3.music.126.net/c3AhE38NQdjiLeemjAGkAg==/18576248953111401.jpg'),
	(1260,6176051,2,'http://p3.music.126.net/QDNVfbaiu3okVc1jNSSjSg==/19216164718657534.jpg'),
	(1261,6176051,2,'http://p4.music.126.net/E9dIgVZ2s0wpzOuv91JtlA==/19002859462869191.jpg'),
	(1262,6176051,2,'http://p3.music.126.net/v2sn24sglwybiAtU1Z66oQ==/18673005976657409.jpg'),
	(1263,6176051,1,'<br>'),
	(1264,6176051,1,'商品交易成功后会在2个工作日内发货，法定节假日顺延，请在确认商品完好后再签收。'),
	(1265,6176051,1,'若存在质量问题，请务必在7天之内联系客服：'),
	(1266,6176051,1,'·客服账号：私信 @云音乐客服'),
	(1267,6176051,1,'·客服邮箱：cloudmusicservice@163.com。'),
	(1268,6176051,1,'·温馨提示：完整的包装、配件和保修卡是电子产品进行保修的基础，请务必查看齐全后签收并妥善保管。'),
	(1269,6034050,1,'<span style=\"color:#ff0000;\">正品低价 品质保证：云音乐商城所有产品均由品牌方直供，杜绝假货。</span>'),
	(1270,6034050,1,'<span style=\"font-weight:bold;\">先锋SE-MJ532 头戴式便携折叠时尚出街耳机 </span>'),
	(1271,6034050,1,'·型号：先锋SE-MJ532'),
	(1272,6034050,1,'·颜色：白色、黑色、红色、金色'),
	(1273,6034050,1,'<br>'),
	(1274,6034050,2,'http://p4.music.126.net/z2wv7lhB5z8bQ3oCYMviCw==/18679603046316192.jpg'),
	(1275,6034050,2,'http://p4.music.126.net/qC4Qh91jmgTT4tES92Xf2g==/18725782534117487.jpg'),
	(1276,6034050,2,'http://p3.music.126.net/4vEQuIjzzDcXTCn87V63AA==/18721384487607281.jpg'),
	(1277,6034050,2,'http://p3.music.126.net/ezGazIRdbs9mwf_xHNg2Xg==/3315027565434708.jpg'),
	(1278,6034050,2,'http://p3.music.126.net/l9TFFf2cEEEMKzB7HzJeWA==/18809345417828450.jpg'),
	(1279,6034050,2,'http://p4.music.126.net/n9abPPEJz_6pLRWCJn0HYg==/3418381670523165.jpg'),
	(1280,6034050,2,'http://p3.music.126.net/YM9IUWsyOQlFAJ9KC09Ilw==/18833534673639923.jpg'),
	(1281,6034050,2,'http://p4.music.126.net/a5ZaWiC-kvzpjGOExbe-Qw==/18613632348084722.jpg'),
	(1282,6034050,2,'http://p4.music.126.net/uuJcgkvSS64twrI7jKb-pg==/3413983646135399.jpg'),
	(1283,6034050,1,'<br>'),
	(1284,6034050,1,'商品交易成功后会在2个工作日内发货，法定节假日顺延，请在确认商品完好后再签收。'),
	(1285,6034050,1,'若存在质量问题，请务必在7天之内联系客服：'),
	(1286,6034050,1,'·客服账号：私信 @云音乐客服'),
	(1287,6034050,1,'·客服邮箱：cloudmusicservice@163.com。'),
	(1288,6034050,1,'·温馨提示：完整的包装、配件和保修卡是电子产品进行保修的基础，请务必查看齐全后签收并妥善保管。'),
	(1289,6065063,1,'<span style=\"color:#ff0000;\">正品低价 品质保证：云音乐商城所有产品均由品牌方直供，杜绝假货。</span>'),
	(1290,6065063,1,'<span style=\"font-weight:bold;\">JVC/杰伟世 HA-FX38M入耳式重低音运动音乐线控耳机</span> '),
	(1291,6065063,1,'型号：JVC FX38M'),
	(1292,6065063,1,'可选颜色：白色、红色、蓝色、绿色、棕色、黑色、粉色、紫色'),
	(1293,6065063,1,'<br>'),
	(1294,6065063,2,'http://p4.music.126.net/aFeDPblQDK-JmGm7SLMmUA==/18812643952908985.jpg'),
	(1295,6065063,2,'http://p3.music.126.net/CRPUkYJVWn7GP0CXhetJZQ==/18502581673866805.jpg'),
	(1296,6065063,2,'http://p4.music.126.net/sCdlMSOZzAvFiqtOTX-gUw==/18665309394688602.jpg'),
	(1297,6065063,2,'http://p3.music.126.net/O72DjyncgeuzfZKbCHD8Uw==/18798350301735750.jpg'),
	(1298,6065063,2,'http://p3.music.126.net/latQUmEdBNkUlYkCdIOhBA==/18828037115704836.jpg'),
	(1299,6065063,2,'http://p3.music.126.net/oS1E-l60Y01KZQbZTqjDjg==/18771962022668728.jpg'),
	(1300,6065063,2,'http://p3.music.126.net/NUSDx8L0z_4dmtfjIJuvrA==/18500382650611053.jpg'),
	(1301,6065063,2,'http://p4.music.126.net/DyCRGUXgn8aiVfyLIwHwCQ==/3304032448961509.jpg'),
	(1302,6065063,2,'http://p4.music.126.net/VfuWPoCQXOW6mYK_8nX87g==/18632324045952213.jpg'),
	(1303,6065063,2,'http://p3.music.126.net/Sr6v-U9Kht4YkoDScS6-gg==/18538865557587352.jpg'),
	(1304,6065063,2,'http://p4.music.126.net/KEKI0Jl81aUbHpoAsRJtmg==/18801648836624167.jpg'),
	(1305,6065063,2,'http://p3.music.126.net/jWL5SOenoLdR8-Sza2eDBg==/18760966906399004.jpg'),
	(1306,6065063,1,'<br>'),
	(1307,6065063,1,'商品交易成功后会在2个工作日内发货，法定节假日顺延，请在确认商品完好后再签收。'),
	(1308,6065063,1,'若存在质量问题，请务必在7天之内联系客服：'),
	(1309,6065063,1,'·客服账号：私信 @云音乐客服'),
	(1310,6065063,1,'·客服邮箱：cloudmusicservice@163.com。'),
	(1311,6065063,1,'·温馨提示：完整的包装、配件和保修卡是电子产品进行保修的基础，请务必查看齐全。'),
	(1312,6156053,1,'<span style=\"color:#ff0000;\">正品低价 品质保证：云音乐商城所有第三方产品均由品牌方直供，杜绝假货。</span>'),
	(1313,6156053,1,'<span style=\"font-weight:bold;\">威索尼可（VSONIC）VSD2入耳式HiFi耳机</span> '),
	(1314,6156053,1,'型号：威索尼可 VSD2'),
	(1315,6156053,1,'可选颜色：黑色、紫色'),
	(1316,6156053,1,'<br>'),
	(1317,6156053,2,'http://p3.music.126.net/v8reh6oQbtqY9QU-FLz9tA==/1386484177849003.jpg'),
	(1318,6156053,2,'http://p4.music.126.net/sopGrE0d5cSvAul9eA9V9w==/18693896695682968.jpg'),
	(1319,6156053,2,'http://p3.music.126.net/1YYlsJZM5Gy5uOW8u1EppA==/18669707439960156.jpg'),
	(1320,6156053,2,'http://p4.music.126.net/Nez8teCD85geNWix-8agNw==/3250156389653122.jpg'),
	(1321,6156053,2,'http://p4.music.126.net/9PCwZ3NyLt4uyKtCKyZvBA==/1372190526704475.jpg'),
	(1322,6156053,2,'http://p4.music.126.net/dJyJvvBuv_8FOqwX6CpQZA==/18582846021276893.jpg'),
	(1323,6156053,2,'http://p4.music.126.net/swL5DLm-mIMn0JysjlORbw==/3419481175578537.jpg'),
	(1324,6156053,2,'http://p3.music.126.net/XXxwXq_uRIrW3kCIzhu-fg==/3400789478107835.jpg'),
	(1325,6156053,2,'http://p3.music.126.net/x8bur4aE5_va3Q93IRi83Q==/18637821602659854.jpg'),
	(1326,6156053,2,'http://p3.music.126.net/gQYylN8-17iMJzVbhJ-N4g==/3434874335623592.jpg'),
	(1327,6156053,2,'http://p3.music.126.net/kPCVoBp6NUqAgkVJvrfjgQ==/3265549588074636.jpg'),
	(1328,6156053,2,'http://p3.music.126.net/yvyqNsVW-nIU1Br0rZff4g==/1390882224309016.jpg'),
	(1329,6156053,1,'<br>'),
	(1330,6156053,1,'商品交易成功后会在2个工作日内发货，法定节假日顺延，请在确认商品完好后再签收。'),
	(1331,6156053,1,'若存在质量问题，请务必在7天之内联系客服：'),
	(1332,6156053,1,'·客服账号：私信 @云音乐客服'),
	(1333,6156053,1,'·客服邮箱：cloudmusicservice@163.com。'),
	(1334,6156053,1,'·温馨提示：完整的包装、配件和保修卡是电子产品进行保修的基础，请务必查看齐全。'),
	(1335,6178051,1,'<span style=\"color:#ff0000;\">正品低价 品质保证：云音乐商城所有产品均由品牌方直供，杜绝假货。</span>'),
	(1336,6178051,1,'<span style=\"font-weight:bold;\">魔声（Monster）Diamondz 钻石之泪 便携贴耳可折叠头戴式耳机 音乐耳机</span>'),
	(1337,6178051,1,'·型号：魔声 Diamondz '),
	(1338,6178051,1,'·颜色：蓝色、玫瑰金色'),
	(1339,6178051,1,'<br>'),
	(1340,6178051,2,'http://p3.music.126.net/TPvG8yK4hEMZizcRAiASwg==/18521273371717608.jpg'),
	(1341,6178051,2,'http://p3.music.126.net/R_c83S2wkjUXKtL5yzPluA==/18535567022885813.jpg'),
	(1342,6178051,2,'http://p3.music.126.net/IHfiPoQR5VMxt5XgIueR1A==/18521273371717609.jpg'),
	(1343,6178051,2,'http://p3.music.126.net/zeyLCMft-guEpWtzw45_mg==/18570751394973746.jpg'),
	(1344,6178051,2,'http://p3.music.126.net/8dKO1hxxwR11c9low-92Wg==/18521273371717610.jpg'),
	(1345,6178051,2,'http://p4.music.126.net/t4QDCnGw06VuSFKfAfwhSg==/19152393044248106.jpg'),
	(1346,6178051,2,'http://p3.music.126.net/xreWnqxDv5wOcQz3LDl5OQ==/18521273371717611.jpg'),
	(1347,6178051,2,'http://p4.music.126.net/CmDj6aYGLm4rUoMnejw8dg==/18975371672176821.jpg'),
	(1348,6178051,2,'http://p3.music.126.net/-rwddSShWaSM3xZiQotFDA==/18521273371717612.jpg'),
	(1349,6178051,2,'http://p4.music.126.net/1Rt478_E2tHW747iXLiL7g==/19238154951214336.jpg'),
	(1350,6178051,2,'http://p4.music.126.net/9t6zr1h1uMWph0zKDRtDew==/18521273371717613.jpg'),
	(1351,6178051,2,'http://p3.music.126.net/N4Q4SJqxQqp-mjJrzCPMvA==/18749971790296443.jpg'),
	(1352,6178051,2,'http://p4.music.126.net/bbUKdSNqyfHEHz4sXspuLg==/18521273371717614.jpg'),
	(1353,6178051,2,'http://p4.music.126.net/yzJBxBGAA3sMseLPNJ4J4A==/18807146394939597.jpg'),
	(1354,6178051,2,'http://p4.music.126.net/Jqu7rEDmkNaGN3DGyFaXPQ==/18521273371717615.jpg'),
	(1355,6178051,1,'<br>'),
	(1356,6178051,1,'商品交易成功后会在2个工作日内发货，法定节假日顺延，请在确认商品完好后再签收。'),
	(1357,6178051,1,'若存在质量问题，请务必在7天之内联系客服：'),
	(1358,6178051,1,'·客服账号：私信 @云音乐客服'),
	(1359,6178051,1,'·客服邮箱：cloudmusicservice@163.com。'),
	(1360,6178051,1,'·温馨提示：完整的包装、配件和保修卡是电子产品进行保修的基础，请务必查看齐全后签收并妥善保管。'),
	(1361,6172053,1,'<span style=\"color:#ff0000;\">正品低价 品质保证：云音乐商城所有第三方产品均由品牌方直供，杜绝假货。</span>'),
	(1362,6172053,1,'<span style=\"font-weight:bold;\">AKG Y16A 耳塞式耳机 立体声音乐耳机 </span> '),
	(1363,6172053,1,'型号：AKG Y16A'),
	(1364,6172053,1,'可选颜色：白色、黑色'),
	(1365,6172053,1,'<br>'),
	(1366,6172053,2,'http://p4.music.126.net/jbSQsDiaeHLVOU9ZlY9uGA==/19058934555885635.jpg'),
	(1367,6172053,1,'<br>'),
	(1368,6172053,1,'商品交易成功后会在2个工作日内发货，法定节假日顺延，请在确认商品完好后再签收。'),
	(1369,6172053,1,'若存在质量问题，请务必在7天之内联系客服：'),
	(1370,6172053,1,'·客服账号：私信 @云音乐客服'),
	(1371,6172053,1,'·客服邮箱：cloudmusicservice@163.com。'),
	(1372,6172053,1,'·温馨提示：完整的包装、配件和保修卡是电子产品进行保修的基础，请务必查看齐全。'),
	(1373,5912050,1,'<span style=\"color:#ff0000;\">正品低价 品质保证：云音乐商城所有第三方产品均由品牌方直供，杜绝假货。</span>'),
	(1374,5912050,1,'<span style=\"font-weight:bold;\">纯正音质，时尚新宠，魔声最新旗舰 MONSTER Elements 贴耳头戴式耳机云音乐商城独家首发！</span> '),
	(1375,5912050,1,'型号：MONSTER Elements ON'),
	(1376,5912050,1,'可选颜色：玫瑰金、黑色'),
	(1377,5912050,1,'<br>'),
	(1378,5912050,2,'http://p3.music.126.net/dtpwDTVdQUwKVBcOg8B8eA==/3265549574156774.jpg'),
	(1379,5912050,2,'http://p4.music.126.net/MQoG2pAUb2YAdRWl01OIlw==/3393092904563888.jpg'),
	(1380,5912050,2,'http://p4.music.126.net/8ALjLXvw2wWZZ4ilCZlNZw==/1419469525633221.jpg'),
	(1381,5912050,1,'<br>'),
	(1382,5912050,1,'商品交易成功后会在2个工作日内发货，法定节假日顺延，请在确认商品完好后再签收。'),
	(1383,5912050,1,'若存在质量问题，请务必在7天之内联系客服：'),
	(1384,5912050,1,'·客服账号：私信 @云音乐客服'),
	(1385,5912050,1,'·客服邮箱：cloudmusicservice@163.com。'),
	(1386,5912050,1,'·温馨提示：完整的包装、配件和保修卡是电子产品进行保修的基础，请务必查看齐全'),
	(1387,6045052,1,'<span style=\"color:#ff0000;\">正品低价 品质保证：云音乐商城所有产品均由品牌方直供，杜绝假货。</span>'),
	(1388,6045052,1,'<span style=\"font-weight:bold;\">魔声（Monster）iSport Intensity 爱运动 强度 入耳式运动耳机</span>'),
	(1389,6045052,1,'·型号：Monster iSport Intensity'),
	(1390,6045052,1,'·可选颜色：黑色、绿色'),
	(1391,6045052,1,'<br>'),
	(1392,6045052,1,'<span style=\"color:#d33a31;\">注：魔声iSport Intensity三键线控，可以控制安卓和苹果设备（IOS仅支持中间按键）。</span>'),
	(1393,6045052,1,'<br>'),
	(1394,6045052,2,'http://p3.music.126.net/lUk7h2Cqu0Wgl6bCesMecw==/18673005976657443.jpg'),
	(1395,6045052,2,'http://p4.music.126.net/2ZVTm8jQJM1HWABan30JXg==/18785156162093444.jpg'),
	(1396,6045052,2,'http://p3.music.126.net/zFb6P1_fXImVvY0gPkyU9A==/3413983646418015.jpg'),
	(1397,6045052,2,'http://p4.music.126.net/gY6y6o5oZRp3u24fO6kWxg==/18631224534219454.jpg'),
	(1398,6045052,2,'http://p4.music.126.net/zfCkEmn52UYFlx1qv_0Bvg==/18547661650503031.jpg'),
	(1399,6045052,2,'http://p3.music.126.net/FZZMUyqqpTWyGlnU-DOMIQ==/18633423557474908.jpg'),
	(1400,6045052,2,'http://p3.music.126.net/F7aH3R7n7sGIRQVdEpypaA==/3431575805731303.jpg'),
	(1401,6045052,2,'http://p3.music.126.net/4EvrVtV5qFHQhl7z92j_gQ==/3402988508175627.jpg'),
	(1402,6045052,2,'http://p4.music.126.net/9VGFIwUrw-pYZer0pA6JmQ==/3420580759060494.jpg'),
	(1403,6045052,2,'http://p4.music.126.net/s4UTmU5I-BSA4JNbIHOi-w==/18591642115643442.jpg'),
	(1404,6045052,2,'http://p3.music.126.net/L2qQH_Tm75Y6jV4eu8vfbQ==/3401888996547603.jpg'),
	(1405,6045052,2,'http://p4.music.126.net/GHs7wyBV9zwvoIkMEHKbQg==/18543263604025044.jpg'),
	(1406,6045052,1,'<br>'),
	(1407,6045052,1,'商品交易成功后会在2个工作日内发货，法定节假日顺延，请在确认商品完好后再签收。'),
	(1408,6045052,1,'若存在质量问题，请务必在7天之内联系客服：'),
	(1409,6045052,1,'·客服账号：私信 @云音乐客服'),
	(1410,6045052,1,'·客服邮箱：cloudmusicservice@163.com。'),
	(1411,6045052,1,'·温馨提示：完整的包装、配件和保修卡是电子产品进行保修的基础，请务必查看齐全后签收并妥善保管。'),
	(1412,6075053,1,'<span style=\"color:#ff0000;\">正品低价 品质保证：云音乐商城所有产品均由品牌方直供，杜绝假货。</span>'),
	(1413,6075053,1,'<span style=\"font-weight:bold;\">1MORE双单元耳塞式耳机</span> '),
	(1414,6075053,1,'型号：E1008'),
	(1415,6075053,1,'<br>'),
	(1416,6075053,2,'http://p4.music.126.net/Ye1O2oOA2vggsf2Crb0qsA==/18493785580886028.jpg'),
	(1417,6075053,2,'http://p3.music.126.net/92EVb65GNgIaycGdd2u4gA==/18720284976212030.jpg'),
	(1418,6075053,2,'http://p4.music.126.net/-_RgJXoegwGCBMHsCwI6hg==/18810444929685562.jpg'),
	(1419,6075053,2,'http://p4.music.126.net/atofRPBJotNdstkekDy3vA==/18644418673890438.jpg'),
	(1420,6075053,2,'http://p4.music.126.net/dmSt1Yjpc6DKAzXuJhOEsQ==/18700493766914813.jpg'),
	(1421,6075053,2,'http://p3.music.126.net/P40qHDH1XeyEw4i9sRaH1A==/18731280092485839.jpg'),
	(1422,6075053,2,'http://p4.music.126.net/GNntScOtxLQ4IQ1mkET3Ug==/18621328929704793.jpg'),
	(1423,6075053,2,'http://p4.music.126.net/NKkivRpDrQj1AH89o5dS2Q==/18557557255290582.jpg'),
	(1424,6075053,2,'http://p4.music.126.net/dlvKAtrxiVB5n6WZeiQ1SA==/18755469348292512.jpg'),
	(1425,6075053,2,'http://p3.music.126.net/VKpkHKnKaLLGQVhkbs6eng==/18828037115726428.jpg'),
	(1426,6075053,2,'http://p3.music.126.net/oFLeOF2yWpE7goEGgnQtLw==/18598239185517645.jpg'),
	(1427,6075053,2,'http://p3.music.126.net/gkGkolon70TPxEUMLOWFPg==/18720284976212031.jpg'),
	(1428,6075053,2,'http://p3.music.126.net/4SUGrcEsT_YXRMkwNdvfSg==/18644418673890439.jpg'),
	(1429,6075053,2,'http://p4.music.126.net/cOz7hqTxiKNDJzTAusMr3w==/18810444929685563.jpg'),
	(1430,6075053,2,'http://p4.music.126.net/UtMDJTvXRgQxWTdQfKkkDg==/18731280092485840.jpg'),
	(1431,6075053,2,'http://p3.music.126.net/nGsOFlhMU53HNqOm80C7nQ==/18700493766914814.jpg'),
	(1432,6075053,2,'http://p3.music.126.net/WCurG21zpQxppvcFhNBPhQ==/18557557255290583.jpg'),
	(1433,6075053,2,'http://p3.music.126.net/0g6D4V4bQ5W31o5jWDlq3g==/18621328929704794.jpg'),
	(1434,6075053,1,'<br>'),
	(1435,6075053,1,'商品交易成功后会在2个工作日内发货，法定节假日顺延，请在确认商品完好后再签收。'),
	(1436,6075053,1,'若存在质量问题，请务必在7天之内联系客服：'),
	(1437,6075053,1,'·客服账号：私信 @云音乐客服'),
	(1438,6075053,1,'·客服邮箱：cloudmusicservice@163.com。'),
	(1439,6075053,1,'·温馨提示：完整的包装、配件和保修卡是电子产品进行保修的基础，请务必查看齐全。'),
	(1440,5994056,1,'<span style=\"font-weight:bold;\">JBL Reflect Contour 无线蓝牙运动耳机</span>'),
	(1441,5994056,1,'·型号：JBL Reflect Contour'),
	(1442,5994056,1,'·颜色：黑色、红色、蓝色、绿色'),
	(1443,5994056,1,'<br>'),
	(1444,5994056,2,'http://p3.music.126.net/ahCLEW9EEz6mYg2aX_KTjA==/1391981737787676.jpg'),
	(1445,5994056,2,'http://p3.music.126.net/mh18MR2TSWJwZQKe8tTOYw==/1396379784503381.jpg'),
	(1446,5994056,2,'http://p4.music.126.net/8wUjXlKUfiWGOcKQj9CCmA==/3413983642030891.jpg'),
	(1447,5994056,2,'http://p3.music.126.net/9jAFcXcv6Byqx7HDKkBCVA==/18494885091779358.jpg'),
	(1448,5994056,2,'http://p3.music.126.net/A2dD4UUZyA1uDOH3F8pM4Q==/3265549610517831.jpg'),
	(1449,5994056,2,'http://p4.music.126.net/IEdgOkk8mTT3znAl1iTRAg==/18636722091757262.jpg'),
	(1450,5994056,2,'http://p3.music.126.net/g6C37hnfadFOr0evN1dR7Q==/18586144556885716.jpg'),
	(1451,5994056,2,'http://p4.music.126.net/50JfY56LKAJLeZUODVvDXQ==/18638921115012565.jpg'),
	(1452,5994056,2,'http://p3.music.126.net/9yRiFsQUQXmqRlfPZa7HUw==/18712588394051759.jpg'),
	(1453,5994056,2,'http://p3.music.126.net/JbrSMxQq72i947b_tqGM6A==/18771962021977050.jpg'),
	(1454,5994056,2,'http://p4.music.126.net/Kmn0aeIa0dDs2NNUeurBUQ==/18807146394064444.jpg'),
	(1455,5994056,1,'<br>'),
	(1456,5994056,1,'商品交易成功后会在2个工作日内发货，法定节假日顺延，请在确认商品完好后再签收。'),
	(1457,5994056,1,'若存在质量问题，请务必在7天之内联系客服：'),
	(1458,5994056,1,'·客服账号：私信 @云音乐客服'),
	(1459,5994056,1,'·客服邮箱：cloudmusicservice@163.com。'),
	(1460,5994056,1,'·温馨提示：完整的包装、配件和保修卡是电子产品进行保修的基础，请务必查看齐全后签收并妥善保管。'),
	(1461,6159050,1,'<span style=\"color:#ff0000;\">正品低价 品质保证：云音乐商城所有第三方产品均由品牌方直供，杜绝假货。</span>'),
	(1462,6159050,1,'<span style=\"font-weight:bold;\">先锋SEC-S201BT LIT-Sports入耳式蓝牙运动线控手机耳机</span> '),
	(1463,6159050,1,'型号：先锋SEC-S201BT'),
	(1464,6159050,1,'可选颜色：黑色、橙色、白色、红色'),
	(1465,6159050,1,'<br>'),
	(1466,6159050,2,'http://p3.music.126.net/gVBwUUG3rjOLlZ_M4pHaug==/18680702557724387.jpg'),
	(1467,6159050,2,'http://p3.music.126.net/guXwIL8QXDJoSpNOf8Bufw==/18525671418214323.jpg'),
	(1468,6159050,2,'http://p3.music.126.net/qXc5aQtys-2aqeFwvAFMjQ==/18680702557724388.jpg'),
	(1469,6159050,2,'http://p4.music.126.net/rFLgBLYbLea4AyfgKSm11Q==/18525671418214324.jpg'),
	(1470,6159050,2,'http://p4.music.126.net/8oyNeVbCfiWXDtaOSil3AQ==/18680702557724389.jpg'),
	(1471,6159050,2,'http://p3.music.126.net/loKcBNNbF9TfsmLuxarL8Q==/18680702557724390.jpg'),
	(1472,6159050,1,'<br>'),
	(1473,6159050,1,'商品交易成功后会在2个工作日内发货，法定节假日顺延，请在确认商品完好后再签收。'),
	(1474,6159050,1,'若存在质量问题，请务必在7天之内联系客服：'),
	(1475,6159050,1,'·客服账号：私信 @云音乐客服'),
	(1476,6159050,1,'·客服邮箱：cloudmusicservice@163.com。'),
	(1477,6159050,1,'·温馨提示：完整的包装、配件和保修卡是电子产品进行保修的基础，请务必查看齐全。'),
	(1478,6215051,1,'<span style=\"color:#ff0000;\">正品低价 品质保证：云音乐商城所有产品均由品牌方直供，杜绝假货。</span>'),
	(1479,6215051,1,'<span style=\"font-weight:bold;\">JBL Under Armour 智能心率监测 专业运动无线蓝牙耳机</span>'),
	(1480,6215051,1,'<span style=\"color:#ff0000;\">购买这款耳机即可获赠价值149元的UA中性 Ozsee 背包一个，数量有限，送完即止。</span> '),
	(1481,6215051,1,'·型号：JBL UA 心率版'),
	(1482,6215051,1,'·可选颜色：白色、黑色'),
	(1483,6215051,1,'<br>'),
	(1484,6215051,2,'http://p4.music.126.net/yZqsCZfrp5xyt91J0OrjIQ==/19167786207070932.jpg'),
	(1485,6215051,2,'http://p3.music.126.net/BcXzNwBgEgQgNiMlE6PAaw==/18709289860074129.jpg'),
	(1486,6215051,2,'http://p3.music.126.net/Y42C91P14e9U0OphpsL8rQ==/19021551160569915.jpg'),
	(1487,6215051,2,'http://p3.music.126.net/Qv785gYcsAykZRJLz4FLwQ==/18593841139171899.jpg'),
	(1488,6215051,2,'http://p4.music.126.net/EtqTgrw7UFwEVBSTV8tMuw==/18550960185684174.jpg'),
	(1489,6215051,2,'http://p3.music.126.net/qYv_Snhd8EdkV-Pn1N7Epg==/19027048718708694.jpg'),
	(1490,6215051,2,'http://p4.music.126.net/0Ouk5atkE9vbkYBLR51zwg==/18937988276860826.jpg'),
	(1491,6215051,1,'<br>'),
	(1492,6215051,1,'商品交易成功后会在2个工作日内发货，法定节假日顺延，请在确认商品完好后再签收。'),
	(1493,6215051,1,'若存在质量问题，请务必在7天之内联系客服：'),
	(1494,6215051,1,'·客服账号：私信 @云音乐客服'),
	(1495,6215051,1,'·温馨提示：完整的包装、配件和保修卡是电子产品进行保修的基础，请务必查看齐全后签收并妥善保管。'),
	(1496,6154053,1,'<span style=\"color:#ff0000;\">正品低价 品质保证：云音乐商城所有第三方产品均由品牌方直供，杜绝假货。</span>'),
	(1497,6154053,1,'<span style=\"font-weight:bold;\">先锋SEC-S531BT Relax-Sports耳挂式蓝牙运动线控手机耳机</span> '),
	(1498,6154053,1,'型号：先锋SEC-S531BT'),
	(1499,6154053,1,'可选颜色：黑色、红色'),
	(1500,6154053,1,'<br>'),
	(1501,6154053,2,'http://p3.music.126.net/XpFd3WjhnV5txkc7shesjg==/18685100604273163.jpg'),
	(1502,6154053,2,'http://p3.music.126.net/sGrBVF0TXDZeGpklut6nYw==/18775260557757944.jpg'),
	(1503,6154053,2,'http://p3.music.126.net/gOXIqtRcEhbMAps6PmQw3Q==/18498183627560595.jpg'),
	(1504,6154053,2,'http://p4.music.126.net/WrL6bszGqYUiUrh0FZc8jA==/19086422346613853.jpg'),
	(1505,6154053,2,'http://p3.music.126.net/2LhBYVkX3MNT1eO3IPQJ_g==/19039143346620085.jpg'),
	(1506,6154053,2,'http://p4.music.126.net/ouXxv-5FcdliuIGofPCaxg==/19096317951272426.jpg'),
	(1507,6154053,2,'http://p3.music.126.net/5VWrCsr6siQ1gvLeuqzqCg==/19142497439631530.jpg'),
	(1508,6154053,2,'http://p3.music.126.net/JIuw05ot1JDK0m1kPW2OiA==/19167786207070916.jpg'),
	(1509,6154053,2,'http://p4.music.126.net/zY9Vwh20BJOi9Zm7CcnvdA==/19158990114048322.jpg'),
	(1510,6154053,2,'http://p4.music.126.net/IG4JRqT_JKcjXm3AglnJqg==/18575149441506953.jpg'),
	(1511,6154053,2,'http://p3.music.126.net/Cz4DDBYrFtk8oxwc1ScPeQ==/18888510253614863.jpg'),
	(1512,6154053,2,'http://p4.music.126.net/p7YiKhHMhv7LhND-wRUMeQ==/18791753232169125.jpg'),
	(1513,6154053,2,'http://p4.music.126.net/x9Hn_ojfrbyQwYlHw6mjIQ==/18709289860079025.jpg'),
	(1514,6154053,1,'<br>'),
	(1515,6154053,1,'商品交易成功后会在2个工作日内发货，法定节假日顺延，请在确认商品完好后再签收。'),
	(1516,6154053,1,'若存在质量问题，请务必在7天之内联系客服：'),
	(1517,6154053,1,'·客服账号：私信 @云音乐客服'),
	(1518,6154053,1,'·客服邮箱：cloudmusicservice@163.com。'),
	(1519,6154053,1,'·温馨提示：完整的包装、配件和保修卡是电子产品进行保修的基础，请务必查看齐全。'),
	(1520,6157050,1,'<span style=\"color:#ff0000;\">正品低价 品质保证：云音乐商城所有第三方产品均由品牌方直供，杜绝假货。</span>'),
	(1521,6157050,1,'<span style=\"font-weight:bold;\">威索尼可 NEW VSD3S 入耳式HiFi耳机</span> '),
	(1522,6157050,1,'型号：威索尼可 NEW VSD3S'),
	(1523,6157050,1,'可选颜色：黑色、红蓝色、紫色'),
	(1524,6157050,1,'<br>'),
	(1525,6157050,2,'http://p3.music.126.net/ghcs199mxWHYbJhS4zpLBQ==/18516875325191809.jpg'),
	(1526,6157050,2,'http://p4.music.126.net/s8BKuuB6NRujxD7SmRCsRg==/18729081069356024.jpg'),
	(1527,6157050,2,'http://p3.music.126.net/4gq-F8w6pgC9sx1uQDS7tw==/18516875325191810.jpg'),
	(1528,6157050,2,'http://p3.music.126.net/fMyvbgvfxh8_R2Fi9ETVCA==/18729081069356025.jpg'),
	(1529,6157050,2,'http://p3.music.126.net/dzmB9EpSipQD0HdXxj4M4A==/18516875325191811.jpg'),
	(1530,6157050,2,'http://p4.music.126.net/Ng0i-z3w7E16O3eDp2pbyQ==/18729081069356026.jpg'),
	(1531,6157050,2,'http://p4.music.126.net/Z2i5VYbBMXhhY7JqDI-yUw==/18516875325191812.jpg'),
	(1532,6157050,2,'http://p3.music.126.net/-HzZ_bepeMmrrvrASf2DEg==/18729081069356027.jpg'),
	(1533,6157050,2,'http://p3.music.126.net/zfcfSERsnY6b9IEHOdeXsg==/18516875325191813.jpg'),
	(1534,6157050,1,'<br>'),
	(1535,6157050,1,'商品交易成功后会在2个工作日内发货，法定节假日顺延，请在确认商品完好后再签收。'),
	(1536,6157050,1,'若存在质量问题，请务必在7天之内联系客服：'),
	(1537,6157050,1,'·客服账号：私信 @云音乐客服'),
	(1538,6157050,1,'·客服邮箱：cloudmusicservice@163.com。'),
	(1539,6157050,1,'·温馨提示：完整的包装、配件和保修卡是电子产品进行保修的基础，请务必查看齐全。'),
	(1540,6155052,1,'<span style=\"color:#ff0000;\">正品低价 品质保证：云音乐商城所有第三方产品均由品牌方直供，杜绝假货。</span>'),
	(1541,6155052,1,'<span style=\"font-weight:bold;\">1MORE EB100 蓝牙耳机 </span> '),
	(1542,6155052,1,'型号：1MORE EB100'),
	(1543,6155052,1,'可选颜色：黑色、红色'),
	(1544,6155052,1,'<br>'),
	(1545,6155052,2,'http://p4.music.126.net/foSRMmH3PmVsDOn05IK7WA==/19117208672141316.jpg'),
	(1546,6155052,2,'http://p4.music.126.net/LGM5vpfKGeV6s6coq422-w==/18987466300063747.jpg'),
	(1547,6155052,2,'http://p4.music.126.net/65p0mrJtfjsVAEE9g15PdA==/18832435162364407.jpg'),
	(1548,6155052,2,'http://p4.music.126.net/OZjH-9mFTZlb9zN0H4X_2w==/18517974836822596.jpg'),
	(1549,6155052,2,'http://p4.music.126.net/qzo7BKmRSiVQqZXjVEKxsQ==/18582846022875455.jpg'),
	(1550,6155052,2,'http://p3.music.126.net/22_fpmNqH2v3TdJvlVlqoQ==/18625726976348319.jpg'),
	(1551,6155052,2,'http://p4.music.126.net/BB5WSFV7_ZE3Lfg442_Dfg==/18674105488560763.jpg'),
	(1552,6155052,2,'http://p4.music.126.net/Cpg2GAWmOzWCNuF90Ax_sQ==/18641120139133933.jpg'),
	(1553,6155052,2,'http://p4.music.126.net/q5H4o5JDB3ajPo8D4rNfhw==/18624627464721146.jpg'),
	(1554,6155052,2,'http://p4.music.126.net/CcEXbkVxT6wHSylondyXTA==/18560855790304236.jpg'),
	(1555,6155052,2,'http://p3.music.126.net/oDxz6_Cy8M6iUDPdEYL1Ig==/18870918067523605.jpg'),
	(1556,6155052,2,'http://p4.music.126.net/G1FXsAV-CEXEWHd8sLY0aA==/18869818555896042.jpg'),
	(1557,6155052,2,'http://p4.music.126.net/6RGicYk1qyJLYGY6CbnqBQ==/18543263604263993.jpg'),
	(1558,6155052,2,'http://p3.music.126.net/IBPi8I73wrUwkJpuG-Grsw==/18870918067523820.jpg'),
	(1559,6155052,2,'http://p3.music.126.net/lHW6coMsZExHAGtc0KpFcg==/19027048718663783.jpg'),
	(1560,6155052,1,'<br>'),
	(1561,6155052,1,'商品交易成功后会在2个工作日内发货，法定节假日顺延，请在确认商品完好后再签收。'),
	(1562,6155052,1,'若存在质量问题，请务必在7天之内联系客服：'),
	(1563,6155052,1,'·客服账号：私信 @云音乐客服'),
	(1564,6155052,1,'·客服邮箱：cloudmusicservice@163.com。'),
	(1565,6155052,1,'·温馨提示：完整的包装、配件和保修卡是电子产品进行保修的基础，请务必查看齐全。'),
	(1566,5882052,1,'<span style=\"color:#ff0000;\">正品低价 品质保证：云音乐商城所有产品均由品牌方直供，杜绝假货。</span>'),
	(1567,5882052,1,'<span style=\"font-weight:bold;\">JBL Reflect Mini BT 无线蓝牙运动耳机 专业运动</span>'),
	(1568,5882052,1,'·型号：JBL Reflect Mini BT'),
	(1569,5882052,1,'·颜色：黑色、蓝色、绿色、红色'),
	(1570,5882052,1,'<br>'),
	(1571,5882052,1,'超轻量化设计 IPX-4级防水 反光防缠绕面条线材设计使夜间能更好地反射光线，提高夜间户外运动的安全性。蓝牙无线持久续航 FreeBit人体工程学耳塞 运动防汗 佩戴舒适牢固 让我们一起享受运动的乐趣吧！'),
	(1572,5882052,1,'<br>'),
	(1573,5882052,2,'http://p4.music.126.net/Y9iyG-HwjQwICUJqBCWTpg==/1415071477690864.jpg'),
	(1574,5882052,2,'http://p4.music.126.net/si4XKw0kyg-hFu85lS3KqQ==/2946691189991890.jpg'),
	(1575,5882052,2,'http://p3.music.126.net/SccaYYAV-SOEoDEkyMsHrA==/1388683198551191.jpg'),
	(1576,5882052,2,'http://p3.music.126.net/XhnA5GRWIEPKNjYgbaqL2w==/3426078246015428.jpg'),
	(1577,5882052,2,'http://p4.music.126.net/VxxDRTkc5N8xrpij4D0H0w==/3435973842528153.jpg'),
	(1578,5882052,2,'http://p3.music.126.net/0c0BkIhAbepxUR-1t7nimg==/3412884106593968.jpg'),
	(1579,5882052,2,'http://p4.music.126.net/1xRZPl1a6cdlvhMssQSiKw==/1382086128833836.jpg'),
	(1580,5882052,2,'http://p4.music.126.net/IFo8wFJgjSAp1jDugAUE9Q==/1371091012549673.jpg'),
	(1581,5882052,2,'http://p3.music.126.net/w1IFnCwqybz5dS2DlwbiNw==/1416170989445650.jpg'),
	(1582,5882052,2,'http://p3.music.126.net/wQjcsqaxPtc71FRmrsSKJw==/1380986617209107.jpg'),
	(1583,5882052,2,'http://p4.music.126.net/d_WBAI2Fpr640PdXT54Qew==/3442570912205119.jpg'),
	(1584,5882052,2,'http://p4.music.126.net/Si7ITUYO7CmGrlhIq6yGDA==/3394192409054114.jpg'),
	(1585,5882052,2,'http://p4.music.126.net/7ZA1cT2bVDJ87Im2bXrNGw==/1367792477632507.jpg'),
	(1586,5882052,2,'http://p3.music.126.net/L8lbegTMXgRSYb0y93kTow==/3402988495059023.jpg'),
	(1587,5882052,2,'http://p3.music.126.net/g30xO3X2PXUv-I9SYlUcig==/3265549560538522.jpg'),
	(1588,5882052,2,'http://p4.music.126.net/G5PAuFTgP_oJyHRM0Pnmyg==/1383185640416869.jpg'),
	(1589,5882052,1,'<br>'),
	(1590,5882052,1,'商品交易成功后会在2个工作日内发货，法定节假日顺延，请在确认商品完好后再签收。'),
	(1591,5882052,1,'若存在质量问题，请务必在7天之内联系客服：'),
	(1592,5882052,1,'·客服账号：私信 @云音乐客服'),
	(1593,5882052,1,'·客服邮箱：cloudmusicservice@163.com。'),
	(1594,5882052,1,'·温馨提示：完整的包装、配件和保修卡是电子产品进行保修的基础，请务必查看齐全后签收并妥善保管。'),
	(1595,6096054,1,'<span style=\"color:#ff0000;\">正品低价 品质保证：云音乐商城所有产品均由品牌方直供，杜绝假货。</span>'),
	(1596,6096054,1,'<span style=\"font-weight:bold;\">先锋（Pioneer）Tide-one入耳式蓝牙运动线控音乐手机耳机 </span>'),
	(1597,6096054,1,'·型号：先锋SEC-E521BT'),
	(1598,6096054,1,'·可选颜色：黑色、红色'),
	(1599,6096054,1,'<br>'),
	(1600,6096054,2,'http://p4.music.126.net/irKhObTyoHrLHSlwyjaQ9Q==/18832435162261400.jpg'),
	(1601,6096054,2,'http://p4.music.126.net/OapHs9KgPvpLuXnY0uqIOw==/18779658604121653.jpg'),
	(1602,6096054,2,'http://p3.music.126.net/jnteZxNrCHd9CmXwxe2K2g==/18831335650633574.jpg'),
	(1603,6096054,2,'http://p3.music.126.net/cAcjqRuHOnv3_H7qNEdRIg==/18716986441353171.jpg'),
	(1604,6096054,2,'http://p4.music.126.net/FsuNwGR1EnqiijXtaALy_Q==/18555358232058399.jpg'),
	(1605,6096054,2,'http://p3.music.126.net/uRTsvIBTbePD07W8RyKhzQ==/18681802069254190.jpg'),
	(1606,6096054,2,'http://p3.music.126.net/kc4Q3VLLfIN7WML8gS5AKA==/18715886929725397.jpg'),
	(1607,6096054,2,'http://p4.music.126.net/Y75KAd0vcA9CCbcktnbUUw==/18634523069271924.jpg'),
	(1608,6096054,2,'http://p3.music.126.net/cu7xxe-k_ywNeI3Co_-Tfw==/18519074348345730.jpg'),
	(1609,6096054,2,'http://p3.music.126.net/NLS82ybvxCBkGpBB2BODtw==/18545462627417355.jpg'),
	(1610,6096054,2,'http://p3.music.126.net/6dhjkXjpFVnn0PydqV8U8g==/18833534673889766.jpg'),
	(1611,6096054,2,'http://p4.music.126.net/_6OiZxCD2knB-1ahDbBhRA==/18636722092522613.jpg'),
	(1612,6096054,1,'<br>'),
	(1613,6096054,1,'商品交易成功后会在2个工作日内发货，法定节假日顺延，请在确认商品完好后再签收。'),
	(1614,6096054,1,'若存在质量问题，请务必在7天之内联系客服：'),
	(1615,6096054,1,'·客服账号：私信 @云音乐客服'),
	(1616,6096054,1,'·客服邮箱：cloudmusicservice@163.com。'),
	(1617,6096054,1,'·温馨提示：完整的包装、配件和保修卡是电子产品进行保修的基础，请务必查看齐全后签收并妥善保管。'),
	(1618,6103051,1,'<span style=\"color:#ff0000;\">正品低价 品质保证：云音乐商城所有产品均由品牌方直供，杜绝假货。</span>'),
	(1619,6103051,1,'<span style=\"font-weight:bold;\">索尼 MDR-100ABN头戴式降噪耳机蓝牙 </span> '),
	(1620,6103051,1,'型号：索尼 MDR-100ABN'),
	(1621,6103051,1,'可选颜色：波尔多红、翠绿、柠檬黄、朱砂红'),
	(1622,6103051,1,'<br>'),
	(1623,6103051,2,'http://p4.music.126.net/6LBXqhNrNx-_8QoMEtXW4Q==/18608134790198525.jpg'),
	(1624,6103051,2,'http://p4.music.126.net/ImyJrgPG9pVegs3CsoGsqA==/18675205000090711.jpg'),
	(1625,6103051,2,'http://p4.music.126.net/rwnCWIEtc3KgWjDoAvgf4A==/18546562139045070.jpg'),
	(1626,6103051,2,'http://p3.music.126.net/aQx85uvUnhW-8b5K_2vO9g==/3302932937363905.jpg'),
	(1627,6103051,2,'http://p3.music.126.net/3UhkNv6716Rwcw8gUVTSNg==/18657612813455854.jpg'),
	(1628,6103051,2,'http://p4.music.126.net/GcreysWHDb_DL2YS87bBQA==/18623527952984540.jpg'),
	(1629,6103051,2,'http://p3.music.126.net/hv5AurTHG6Yecx0MTgKEuQ==/18779658604121641.jpg'),
	(1630,6103051,2,'http://p3.music.126.net/YmSLCATzJ3U2xKC3YCPTFA==/18714787418097656.jpg'),
	(1631,6103051,2,'http://p4.music.126.net/UJZ9yh_HCmpornQlwf4HIg==/18716986441353159.jpg'),
	(1632,6103051,2,'http://p4.music.126.net/64HlpKY93o3SpgKawaOvdQ==/18832435162261389.jpg'),
	(1633,6103051,1,'<br>'),
	(1634,6103051,1,'商品交易成功后会在2个工作日内发货，法定节假日顺延，请在确认商品完好后再签收。'),
	(1635,6103051,1,'若存在质量问题，请务必在7天之内联系客服：'),
	(1636,6103051,1,'·客服账号：私信 @云音乐客服'),
	(1637,6103051,1,'·客服邮箱：cloudmusicservice@163.com。'),
	(1638,6103051,1,'·温馨提示：完整的包装、配件和保修卡是电子产品进行保修的基础，请务必查看齐全。'),
	(1639,6376080,1,'<span style=\"color:#ff0000;\">正品低价 品质保证。</span>'),
	(1640,6376080,1,'<span style=\"font-weight:bold;\">网易云音乐数据线</span>'),
	(1641,6376080,1,'·型号：网易云音乐数据线'),
	(1642,6376080,1,'·可选颜色：黑色'),
	(1643,6376080,1,'<br>'),
	(1644,6376080,2,'http://p3.music.126.net/pWMTGrn_8YL8PtYc2qB48Q==/19009456532930922.jpg'),
	(1645,6376080,2,'http://p3.music.126.net/D_fTUOWQhcK0twyS14biRA==/18884112207352389.jpg'),
	(1646,6376080,2,'http://p3.music.126.net/lhD-JZg3CMa6sc4jIMZjeQ==/18972073137572339.jpg'),
	(1647,6376080,2,'http://p4.music.126.net/Uw1Y1PqH3roli10aGw9Sng==/18884112207352390.jpg'),
	(1648,6376080,2,'http://p3.music.126.net/NH_chkY79mYtpbjkc0oPMA==/18599338697467650.jpg'),
	(1649,6376080,2,'http://p3.music.126.net/s-Z3V4s0WecbdguveRqbeg==/18884112207352391.jpg'),
	(1650,6376080,2,'http://p4.music.126.net/epvvDMBv6SG8aV-Sg6Hweg==/18909400974794783.jpg'),
	(1651,6376080,2,'http://p4.music.126.net/TMkKtBFiu79PUy8dzFzvRQ==/18884112207352392.jpg'),
	(1652,6376080,2,'http://p4.music.126.net/Aya9W1hqHW89KmT6EE4q9w==/18797250790472782.jpg'),
	(1653,6376080,2,'http://p4.music.126.net/1b-615xBkxYMWaOcbEEL-A==/18884112207352393.jpg'),
	(1654,6376080,2,'http://p3.music.126.net/Xn3yUmoepeKCgDQxQ56BhQ==/18881913184096085.jpg'),
	(1655,6376080,1,'<br>'),
	(1656,6376080,1,'商品交易成功后会在2个工作日内发货，法定节假日顺延，请在确认商品完好后再签收。'),
	(1657,6376080,1,'若存在质量问题，请务必在7天之内联系客服：'),
	(1658,6376080,1,'·客服账号：私信 @云音乐客服'),
	(1659,6376080,1,'·温馨提示：完整的包装、配件和保修卡是电子产品进行保修的基础，请务必查看齐全后签收并妥善保管。'),
	(1660,6395065,1,'<span style=\"color:#ff0000;\">正品低价 品质保证：云音乐商城所有第三方产品均由品牌方直供，杜绝假货。</span>'),
	(1661,6395065,1,'<span style=\"font-weight:bold;\">1MORE好声音入耳式耳机</span> '),
	(1662,6395065,1,'型号：1MORE双单元Lighting主动降噪入耳式耳机'),
	(1663,6395065,1,'<br>'),
	(1664,6395065,2,'http://p4.music.126.net/iFWTyJrlc_rngvPYeIKcZg==/18790653720627107.jpg'),
	(1665,6395065,2,'http://p4.music.126.net/lJUKfd_SuUIl_aAKT1xhlg==/19109512090950198.jpg'),
	(1666,6395065,2,'http://p3.music.126.net/wp7qTklkr8hl38ZD9TWYrQ==/19208468137428341.jpg'),
	(1667,6395065,2,'http://p4.music.126.net/EkHpD1WRYGeLp-XGDvfVGg==/18997361904893538.jpg'),
	(1668,6395065,2,'http://p4.music.126.net/yn0okIk10aL10ic1R3z9zQ==/19078725765351910.jpg'),
	(1669,6395065,2,'http://p4.music.126.net/PAIpIynNBEWjj8iFfIR5WA==/19130402811849835.jpg'),
	(1670,6395065,2,'http://p4.music.126.net/DL1q0hi-AJbL6Rk6yXORog==/18752170813663938.jpg'),
	(1671,6395065,2,'http://p3.music.126.net/h11gFnz5hnyzT1FlVYWwXA==/18870918067704857.jpg'),
	(1672,6395065,2,'http://p4.music.126.net/z_If-1U2HxjqKYbLqzQlUA==/19052337486286037.jpg'),
	(1673,6395065,2,'http://p3.music.126.net/f2n7aKFL5f7wEHpufwoHuQ==/18552059697404957.jpg'),
	(1674,6395065,2,'http://p4.music.126.net/nrJT6NKNp_QTNiVx2tez_g==/19212866183939944.jpg'),
	(1675,6395065,2,'http://p4.music.126.net/Aly1s3cM27o7bu1GIr6q3A==/18756568860174994.jpg'),
	(1676,6395065,2,'http://p3.music.126.net/Pdn8jsP9KvjZo7dsl2_uWw==/18790653720627108.jpg'),
	(1677,6395065,2,'http://p4.music.126.net/dnhd6cVd03HbFKS2OlmLmg==/18704891813659782.jpg'),
	(1678,6395065,2,'http://p4.music.126.net/FtESgaXvnKK9-dR5npY2UQ==/19109512090950199.jpg'),
	(1679,6395065,2,'http://p3.music.126.net/JU5SWejjBHLi8fIXwC6zxw==/18896206835140207.jpg'),
	(1680,6395065,2,'http://p3.music.126.net/1wn_SX32wBr63hXz8GWtgg==/18591642116026353.jpg'),
	(1681,6395065,2,'http://p3.music.126.net/dXffB4paEgj9TXsWeY5Jbw==/18944585346770303.jpg'),
	(1682,6395065,2,'http://p4.music.126.net/5-z3qmK5Xvjxhuchv0EoQA==/19071029183956440.jpg'),
	(1683,6395065,2,'http://p3.music.126.net/M8wPO2ZhmzKyXuWvW5Lpcg==/19208468137428342.jpg'),
	(1684,6395065,2,'http://p3.music.126.net/gxwkOpH_eSwX97wa4GSmaA==/19078725765351911.jpg'),
	(1685,6395065,1,'<br>'),
	(1686,6395065,1,'商品交易成功后会在2个工作日内发货，法定节假日顺延，请在确认商品完好后再签收。'),
	(1687,6395065,1,'若存在质量问题，请务必在7天之内联系客服：'),
	(1688,6395065,1,'·客服账号：私信 @云音乐客服'),
	(1689,6395065,1,'·客服邮箱：cloudmusicservice@163.com。'),
	(1690,6395065,1,'·温馨提示：完整的包装、配件和保修卡是电子产品进行保修的基础，请务必查看齐全。'),
	(1691,6441052,1,'<span style=\"color:#ff0000;\">正品低价 品质保证：云音乐商城所有产品均由品牌方直供，杜绝假货。</span>'),
	(1692,6441052,1,'<span style=\"font-weight:bold;\">魔声（Monster）Superstar Hotshot 无线蓝牙音箱</span>'),
	(1693,6441052,1,'·型号：魔声（Monster）Superstar Hotshot'),
	(1694,6441052,1,'·颜色：白色、黑金色、黑蓝色、黑绿色、黑色'),
	(1695,6441052,1,'<br>'),
	(1696,6441052,2,'http://p3.music.126.net/m6HbHu2YrLnf6w3p9kA7_A==/19036944323513745.jpg'),
	(1697,6441052,2,'http://p4.music.126.net/w8PNHqHF8rkhUBSn1tb-Mw==/18657612813702325.jpg'),
	(1698,6441052,2,'http://p3.music.126.net/r68oUM6yb4xSXiQRBa3yqw==/19107313067717159.jpg'),
	(1699,6441052,2,'http://p4.music.126.net/hTektugQMtyGo7u0piyXLQ==/18631224534602801.jpg'),
	(1700,6441052,2,'http://p4.music.126.net/PokeMQ77qfLFoS7nvif7gQ==/18524571906724280.jpg'),
	(1701,6441052,2,'http://p4.music.126.net/RhHgBOIuJnoAWvCm8_GmpQ==/19060034067698942.jpg'),
	(1702,6441052,2,'http://p4.music.126.net/WAO08TrQ6LHRYPQAd0qvDQ==/18918197067715438.jpg'),
	(1703,6441052,2,'http://p3.music.126.net/jq_uiDMBqWyR0QEgOdUS5Q==/19218363742100786.jpg'),
	(1704,6441052,2,'http://p3.music.126.net/T3FlyAK5XOLOM75yra0Krw==/18771962022976632.jpg'),
	(1705,6441052,2,'http://p4.music.126.net/j_0b0jh2HSL5Fxnp8lXBcg==/18710389371812526.jpg'),
	(1706,6441052,2,'http://p4.music.126.net/nurcOqIP4Q3ybSWqYvP99A==/18796151278786174.jpg'),
	(1707,6441052,2,'http://p4.music.126.net/4u4Ljg08kcCBc41fL_4qWA==/19190875951413558.jpg'),
	(1708,6441052,2,'http://p4.music.126.net/xdVVTDjCz4_P0hDgfOghbw==/18899505370053919.jpg'),
	(1709,6441052,1,'<br>'),
	(1710,6441052,1,'商品交易成功后会在2个工作日内发货，法定节假日顺延，请在确认商品完好后再签收。'),
	(1711,6441052,1,'若存在质量问题，请务必在7天之内联系客服：'),
	(1712,6441052,1,'·客服账号：私信 @云音乐客服'),
	(1713,6441052,1,'·客服邮箱：cloudmusicservice@163.com。'),
	(1714,6441052,1,'·温馨提示：完整的包装、配件和保修卡是电子产品进行保修的基础，请务必查看齐全后签收并妥善保管。'),
	(1715,6447052,1,'<span style=\"color:#ff0000;\">正品低价 品质保证：云音乐商城所有产品均由品牌方直供，杜绝假货。</span>'),
	(1716,6447052,1,'<br>'),
	(1717,6447052,2,'http://p4.music.126.net/qnlWKruIBH_h5Qul_OCaoA==/109951162965525673.jpg'),
	(1718,6447052,2,'http://p3.music.126.net/oFZ-uPoJQ-ZamDe3L2gmSw==/109951162965521963.jpg'),
	(1719,6447052,2,'http://p4.music.126.net/Q24CmeREWBYFOx6Ms1-UwA==/109951162965524691.jpg'),
	(1720,6447052,2,'http://p3.music.126.net/zJLRAQaJ_QnSDmW8d57RjA==/109951162965523833.jpg'),
	(1721,6447052,2,'http://p4.music.126.net/2ueKdZNxF6dWTiMww7uvDQ==/109951162965521970.jpg'),
	(1722,6447052,2,'http://p4.music.126.net/wfD8xabImXejF3BGDPwAVQ==/109951162965531559.jpg'),
	(1723,6447052,2,'http://p3.music.126.net/CTikM3qpQam0xrFzpRNStg==/109951162965533016.jpg'),
	(1724,6447052,2,'http://p4.music.126.net/xsz0Ck8pVprLy-8DqxvguQ==/109951162965525183.jpg'),
	(1725,6447052,2,'http://p3.music.126.net/KKuFNLLp99GZz9B54rO9GA==/109951162965533030.jpg'),
	(1726,6447052,2,'http://p3.music.126.net/OdsaGHphkqKNfQRKC4kfFQ==/109951162965523850.jpg'),
	(1727,6447052,2,'http://p4.music.126.net/HSTExaPPp7moGYWRaR3EbQ==/109951162965524715.jpg'),
	(1728,6447052,2,'http://p3.music.126.net/KUzNRFr4s3gpC33TeXDrbw==/109951162965532526.jpg'),
	(1729,6447052,2,'http://p3.music.126.net/v9_1EEhjCUv5bmhoXEUk1Q==/109951162965524718.jpg'),
	(1730,6447052,2,'http://p3.music.126.net/aVmEtxaat5tNlS422eDhmA==/109951162965533085.jpg'),
	(1731,6447052,2,'http://p3.music.126.net/IFTxxrggDeMymjGNfZzpTg==/109951162965531650.jpg'),
	(1732,6447052,2,'http://p4.music.126.net/-QkDk9sQE4-F0ll8YEDwRQ==/109951162965529709.jpg'),
	(1733,6447052,2,'http://p4.music.126.net/1QuH8I7WThpiqnCKDdOfyg==/109951162965524734.jpg'),
	(1734,6447052,2,'http://p4.music.126.net/SMmL07DgHs88SUlPOIcztw==/109951162965532546.jpg'),
	(1735,6447052,2,'http://p4.music.126.net/McumRo3rBPrC2e1qIpPAcw==/109951162965528121.jpg'),
	(1736,6447052,1,'<br>'),
	(1737,6447052,1,'商品交易成功后会在2个工作日内由上海微意电子有限公司发货，法定节假日顺延，请在确认商品完好后再签收。'),
	(1738,6447052,1,'若存在质量问题，请务必在7天之内联系客服：'),
	(1739,6447052,1,'·客服账号：私信 @云音乐客服'),
	(1740,6447052,1,'·客服邮箱：cloudmusicservice@163.com。'),
	(1741,6447052,1,'·温馨提示：完整的包装、配件和保修卡是电子产品进行保修的基础，请务必查看齐全后签收并妥善保管。'),
	(1742,6453051,1,'<span style=\"color:#ff0000;\">正品低价 品质保证：云音乐商城所有产品均由品牌方直供，杜绝假货。</span>'),
	(1743,6453051,1,'<span style=\"color:#ff0000;\">该产品一经拆封，非质量问题不接受7天无理由退货。</span>'),
	(1744,6453051,1,'<br>'),
	(1745,6453051,2,'http://p4.music.126.net/8g7jV59FWhFdmDpsR8DPAQ==/109951162966690276.jpg'),
	(1746,6453051,2,'http://p3.music.126.net/D9PEnKP3JAThsEv50o_4YA==/109951162966692592.jpg'),
	(1747,6453051,2,'http://p4.music.126.net/msCAc0j8nUjx8Jp-CVcBIQ==/109951162966684969.jpg'),
	(1748,6453051,2,'http://p4.music.126.net/jVtWm3yfa86NkUUqLEc5TQ==/109951162966692601.jpg'),
	(1749,6453051,2,'http://p4.music.126.net/omamBIadhAAJ4HFlGwcKBg==/109951162966686938.jpg'),
	(1750,6453051,2,'http://p4.music.126.net/JTdpgu1O18762hhiprPMzg==/109951162966687410.jpg'),
	(1751,6453051,2,'http://p4.music.126.net/dDsuxDHCOUA3ZJ_xFaE6Ag==/18874216602736533.jpg'),
	(1752,6453051,2,'http://p3.music.126.net/UcEmp-zcnn-qNBW5ctQtNw==/19087521858523378.jpg'),
	(1753,6453051,1,'<br>'),
	(1754,6453051,1,'商品交易成功后会在2个工作日内由上海微意电子有限公司发货，法定节假日顺延，请在确认商品完好后再签收。'),
	(1755,6453051,1,'若存在质量问题，请务必在7天之内联系客服：'),
	(1756,6453051,1,'·客服账号：私信 @云音乐客服'),
	(1757,6453051,1,'·客服邮箱：cloudmusicservice@163.com。'),
	(1758,6453051,1,'·温馨提示：完整的包装、配件和保修卡是电子产品进行售后的基础，请务必查看齐全后签收并妥善保管。'),
	(1759,6454052,1,'<span style=\"color:#ff0000;\">正品低价 品质保证：云音乐商城所有产品均由品牌方直供，杜绝假货。</span>'),
	(1760,6454052,1,'<br>'),
	(1761,6454052,2,'http://p3.music.126.net/aLS5yEXpBoVzkN5b4n6K_g==/109951162966854533.jpg'),
	(1762,6454052,2,'http://p3.music.126.net/g1p5DPnlfDsoaXHmpOA8ZA==/109951162966854059.jpg'),
	(1763,6454052,2,'http://p4.music.126.net/_jtg6Bn0OIF2DjxlxRkaFA==/109951162966851236.jpg'),
	(1764,6454052,2,'http://p3.music.126.net/qXMXh505yWa4J8JXSYkmdA==/109951162966841978.jpg'),
	(1765,6454052,2,'http://p3.music.126.net/A9K-8oa7pwijAR4IGnnJbg==/109951162966844946.jpg'),
	(1766,6454052,2,'http://p3.music.126.net/wiPn92ECjZ7N0lzSRPRTCg==/109951162966847384.jpg'),
	(1767,6454052,2,'http://p3.music.126.net/lO24DgdcnveKDW_NdVkCIg==/109951162966843466.jpg'),
	(1768,6454052,2,'http://p3.music.126.net/gWYQxMo0f7Pnexv0CLmCPA==/109951162966849860.jpg'),
	(1769,6454052,2,'http://p4.music.126.net/AkT2cRhnraqa_czvAcnPjQ==/109951162966849457.jpg'),
	(1770,6454052,2,'http://p3.music.126.net/rIGZaw8i2BdMrPbHgfc37w==/109951162966850280.jpg'),
	(1771,6454052,2,'http://p4.music.126.net/nDdawmBT3VWKNna_J7JliA==/109951162966841989.jpg'),
	(1772,6454052,2,'http://p3.music.126.net/VQdC16Jjm0f04XNLLAJdyA==/109951162966855074.jpg'),
	(1773,6454052,2,'http://p3.music.126.net/JHyHUJSKnM0znwJ0qIM9Yw==/109951162966854186.jpg'),
	(1774,6454052,2,'http://p3.music.126.net/nyzauosCJupKKnXkOzaxXA==/109951162966855086.jpg'),
	(1775,6454052,2,'http://p4.music.126.net/u7NFRODbter-AjyRVBacxg==/109951162966851811.jpg'),
	(1776,6454052,2,'http://p3.music.126.net/j9FLW9-VuahZXwNqhHG8Ww==/109951162966850332.jpg'),
	(1777,6454052,2,'http://p3.music.126.net/xkkuk821UW6MG4j_w0ypuQ==/109951162966855549.jpg'),
	(1778,6454052,1,'<br>'),
	(1779,6454052,1,'商品交易成功后会在2个工作日内由东莞市和乐电子有限公司发货，法定节假日顺延，请在确认商品完好后再签收。'),
	(1780,6454052,1,'若存在质量问题，请务必在7天之内联系客服：'),
	(1781,6454052,1,'·客服账号：私信 @云音乐客服'),
	(1782,6454052,1,'·客服邮箱：cloudmusicservice@163.com。'),
	(1783,6454052,1,'·温馨提示：完整的包装、配件和保修卡是电子产品进行售后的基础，请务必查看齐全后签收并妥善保管。'),
	(1784,6450054,1,'<span style=\"color:#ff0000;\">正品低价 品质保证：云音乐商城所有产品均由品牌方直供，杜绝假货。</span>'),
	(1785,6450054,1,'<br>'),
	(1786,6450054,2,'http://p3.music.126.net/rSfrUxYpYHaFvCPlK8vyLg==/109951162967715206.jpg'),
	(1787,6450054,2,'http://p3.music.126.net/_1cCX1XD0IPzR-MFcw0dKg==/109951162967710473.jpg'),
	(1788,6450054,2,'http://p4.music.126.net/uKqcR74WB8l3zYg3eycMZA==/109951162967718104.jpg'),
	(1789,6450054,2,'http://p4.music.126.net/3LtXDx3sOLCXI4vYgcXfwQ==/109951162967714809.jpg'),
	(1790,6450054,2,'http://p3.music.126.net/cTsa5Lpii30Eqctg7Dz_9Q==/109951162967711845.jpg'),
	(1791,6450054,2,'http://p4.music.126.net/Y5Q8lmYcJRT6UIc0XczG3Q==/109951162967715712.jpg'),
	(1792,6450054,2,'http://p3.music.126.net/buC0MUbWc416-tavXBALlQ==/109951162967717653.jpg'),
	(1793,6450054,2,'http://p4.music.126.net/Lc7rrS2wNb7V3UPtsIMmOA==/109951162967713314.jpg'),
	(1794,6450054,2,'http://p3.music.126.net/wtz-ORL4AI3CvwZjHs6wBQ==/109951162967713819.jpg'),
	(1795,6450054,2,'http://p4.music.126.net/vJqv878DwCq3yuPOFigCNQ==/109951162967721026.jpg'),
	(1796,6450054,2,'http://p4.music.126.net/8pB-CO7o1IqXPgqR_twUMA==/109951162967718638.jpg'),
	(1797,6450054,2,'http://p4.music.126.net/i-3kPE_1ptshXyaQGOcOXg==/109951162967716756.jpg'),
	(1798,6450054,2,'http://p3.music.126.net/E0iAZIFP_oXtGRt0_meTWQ==/109951162967718651.jpg'),
	(1799,6450054,2,'http://p3.music.126.net/u5P5hxLvEzCVi-fv5A5XJA==/109951162967716430.jpg'),
	(1800,6450054,2,'http://p3.music.126.net/CIwljTXDcXTv8trkcbi46Q==/109951162967713895.jpg'),
	(1801,6450054,2,'http://p3.music.126.net/8l-T-8Smwfk92Nk99Ipurg==/18755469348613764.jpg'),
	(1802,6450054,1,'<br>'),
	(1803,6450054,1,'商品交易成功后会在2个工作日内由东莞市和乐电子有限公司发货，法定节假日顺延，请在确认商品完好后再签收。'),
	(1804,6450054,1,'若存在质量问题，请务必在7天之内联系客服：'),
	(1805,6450054,1,'·客服账号：私信 @云音乐客服'),
	(1806,6450054,1,'·客服邮箱：cloudmusicservice@163.com。'),
	(1807,6450054,1,'·温馨提示：完整的包装、配件和保修卡是电子产品进行售后的基础，请务必查看齐全后签收并妥善保管。'),
	(1808,6485056,1,'<span style=\"color:#ff0000;\">正品低价 品质保证：云音乐商城所有产品均由品牌方直供，杜绝假货。</span>'),
	(1809,6485056,1,'<br>'),
	(1810,6485056,2,'http://p4.music.126.net/Jn-bf1Drpk3DfiKEBAylTw==/109951162969070503.jpg'),
	(1811,6485056,2,'http://p3.music.126.net/XxPe_4BQLEvzAwyksMHBxQ==/109951162969061434.jpg'),
	(1812,6485056,2,'http://p4.music.126.net/k5qv3KiWkTx2fQoJ9VK9-A==/109951162969062384.jpg'),
	(1813,6485056,2,'http://p4.music.126.net/mV-p-PXPn9sJlgKU-Y5S1g==/109951162969061445.jpg'),
	(1814,6485056,2,'http://p4.music.126.net/uum1it6SOBzKBvIIysyvnw==/109951162969061941.jpg'),
	(1815,6485056,2,'http://p3.music.126.net/opI9qR9NZQNy1br6QOwOjA==/109951162969061945.jpg'),
	(1816,6485056,2,'http://p3.music.126.net/l8y55rSxx_1X6eNADT6HSw==/109951162969066225.jpg'),
	(1817,6485056,2,'http://p4.music.126.net/x2jv9Ze5Xj7WLB1S6fI4sQ==/109951162969061950.jpg'),
	(1818,6485056,2,'http://p3.music.126.net/yTzyHWQuVxWXFba-fGKPxg==/109951162969062394.jpg'),
	(1819,6485056,1,'<br>'),
	(1820,6485056,1,'商品交易成功后会在2个工作日内由上海微意电子有限公司发货，法定节假日顺延，请在确认商品完好后再签收。'),
	(1821,6485056,1,'若存在质量问题，请务必在7天之内联系客服：'),
	(1822,6485056,1,'·客服账号：私信 @云音乐客服'),
	(1823,6485056,1,'·客服邮箱：cloudmusicservice@163.com。'),
	(1824,6485056,1,'·温馨提示：完整的包装、配件和保修卡是电子产品进行售后的基础，请务必查看齐全后签收并妥善保管。'),
	(1825,6486059,1,'<span style=\"color:#ff0000;\">正品低价 品质保证：云音乐商城所有产品均由品牌方直供，杜绝假货。</span>'),
	(1826,6486059,1,'<br>'),
	(1827,6486059,2,'http://p4.music.126.net/OTQ7yxAikIOXhRtjqGGnKw==/109951162969127335.jpg'),
	(1828,6486059,2,'http://p4.music.126.net/DdKki9ZuqhCQY3z08dF08A==/109951162969127781.jpg'),
	(1829,6486059,2,'http://p4.music.126.net/J-S448yMf8H5Gj_yK0tDSg==/109951162969127786.jpg'),
	(1830,6486059,2,'http://p4.music.126.net/41mhGYXwffPKjzUzOG3cjA==/109951162969127789.jpg'),
	(1831,6486059,2,'http://p3.music.126.net/JMPprobQYmCkX1q-7n6j_A==/109951162969126883.jpg'),
	(1832,6486059,2,'http://p3.music.126.net/M1IRzny5JxqNQqVTQMT4Mw==/109951162969129711.jpg'),
	(1833,6486059,2,'http://p4.music.126.net/M5RuW2E4srIGYvHyVZBlhQ==/109951162969132138.jpg'),
	(1834,6486059,2,'http://p4.music.126.net/4NoM9kEZDgexRR5WqPrNuQ==/109951162969133592.jpg'),
	(1835,6486059,2,'http://p3.music.126.net/XCLxYu-6XKga9K7Je9w6FQ==/109951162969126892.jpg'),
	(1836,6486059,2,'http://p3.music.126.net/O_g--2zLVPFDiNPktylvXQ==/109951162969131667.jpg'),
	(1837,6486059,2,'http://p4.music.126.net/BYcJ6ZE2_fpyeDAebaj2Yw==/109951162969134044.jpg'),
	(1838,6486059,2,'http://p3.music.126.net/4msOX7DiFneH8zKttyEcmA==/109951162969125926.jpg'),
	(1839,6486059,2,'http://p4.music.126.net/RLWu3AJW5KvSak1kQMwcDQ==/109951162969128829.jpg'),
	(1840,6486059,2,'http://p3.music.126.net/4QvmFs0SMnOJr84omSZFkw==/109951162969124911.jpg'),
	(1841,6486059,2,'http://p3.music.126.net/Mc2ZluyzSS_79663tcqs_w==/109951162969134054.jpg'),
	(1842,6486059,2,'http://p4.music.126.net/R-Mf2OHZeMqbIVcufgnblw==/109951162969129283.jpg'),
	(1843,6486059,2,'http://p3.music.126.net/9EI7Wb1bKALgy4XLmqcu1A==/109951162969125448.jpg'),
	(1844,6486059,2,'http://p3.music.126.net/9RbrxiF2i1p11vU0ws442g==/109951162969128318.jpg'),
	(1845,6486059,1,'<br>'),
	(1846,6486059,1,'商品交易成功后会在2个工作日内由上海微意电子有限公司发货，法定节假日顺延，请在确认商品完好后再签收。'),
	(1847,6486059,1,'若存在质量问题，请务必在7天之内联系客服：'),
	(1848,6486059,1,'·客服账号：私信 @云音乐客服'),
	(1849,6486059,1,'·客服邮箱：cloudmusicservice@163.com。'),
	(1850,6486059,1,'·温馨提示：完整的包装、配件和保修卡是电子产品进行售后的基础，请务必查看齐全后签收并妥善保管。'),
	(1851,6480071,1,'<span style=\"color:#ff0000;\">正品低价 品质保证：云音乐商城所有产品均由品牌方直供，杜绝假货。</span>'),
	(1852,6480071,1,'<br>'),
	(1853,6480071,2,'http://p3.music.126.net/DTMwtHtrq9w4dpMZ0lNqFw==/109951162971439075.jpg'),
	(1854,6480071,2,'http://p3.music.126.net/a3iUoMwAHR9TkgEq3efsog==/109951162971431413.jpg'),
	(1855,6480071,1,'商品交易成功后会在2个工作日内由北京迅腾广聚商贸有限公司发货，法定节假日顺延，请在确认商品完好后再签收。'),
	(1856,6480071,1,'若存在质量问题，请务必在7天之内联系客服：'),
	(1857,6480071,1,'·客服账号：私信 @云音乐客服'),
	(1858,6480071,1,'·客服邮箱：cloudmusicservice@163.com。'),
	(1859,6480071,1,'·温馨提示：完整的包装、配件和保修卡是电子产品进行售后的基础，请务必查看齐全后签收并妥善保管。'),
	(1860,6485072,1,'<span style=\"color:#ff0000;\">正品低价 品质保证：云音乐商城所有产品均由品牌方直供，杜绝假货。</span>'),
	(1861,6485072,1,'<span style=\"color:#ff0000;\">该产品一经拆封，非质量问题不接受7天无理由退货。</span>'),
	(1862,6485072,1,'<br>'),
	(1863,6485072,2,'http://p4.music.126.net/d1_EZ7iUq3K3z2DGFYvOBw==/109951162971749909.jpg'),
	(1864,6485072,2,'http://p3.music.126.net/sLhnJXtedQ3Pg_9Dnboknw==/109951162971757059.jpg'),
	(1865,6485072,2,'http://p3.music.126.net/oA5C44s5X3i2v1ZEfYM01Q==/109951162971751934.jpg'),
	(1866,6485072,2,'http://p4.music.126.net/27oDF726mksof00ILcTp-Q==/109951162971750884.jpg'),
	(1867,6485072,2,'http://p3.music.126.net/MvVDY1E1qu1dIVL-lZFPxw==/109951162971756090.jpg'),
	(1868,6485072,2,'http://p4.music.126.net/F7WyCZFs3JkDk8muLS7qsA==/109951162971756572.jpg'),
	(1869,6485072,2,'http://p3.music.126.net/-ZrjtJGDFwOUKKhqhumNZw==/109951162971749942.jpg'),
	(1870,6485072,1,'商品交易成功后会在2个工作日内由北京迅腾广聚商贸有限公司发货，法定节假日顺延，请在确认商品完好后再签收。'),
	(1871,6485072,1,'若存在质量问题，请务必在7天之内联系客服：'),
	(1872,6485072,1,'·客服账号：私信 @云音乐客服'),
	(1873,6485072,1,'·客服邮箱：cloudmusicservice@163.com。'),
	(1874,6485072,1,'·温馨提示：完整的包装、配件和保修卡是电子产品进行售后的基础，请务必查看齐全后签收并妥善保管。'),
	(1875,6489050,1,'<span style=\"color:#ff0000;\">正品低价 品质保证：云音乐商城所有产品均由品牌方直供，杜绝假货。</span>'),
	(1876,6489050,1,'<br>'),
	(1877,6489050,2,'http://p4.music.126.net/LA-4WLaMZgvBUqRKARpv1g==/109951162971789828.jpg'),
	(1878,6489050,2,'http://p3.music.126.net/s3HD_a9s3EgX1td7wSvXCg==/109951162971794581.jpg'),
	(1879,6489050,2,'http://p3.music.126.net/eLTV9nYoQug9JSUX6SOSdg==/109951162971788874.jpg'),
	(1880,6489050,2,'http://p3.music.126.net/iMQCkPLFIAHjqxL1uHcV8Q==/109951162971795544.jpg'),
	(1881,6489050,2,'http://p3.music.126.net/CMTdNuxl7_PyM4HZ7SR1wQ==/109951162971788431.jpg'),
	(1882,6489050,2,'http://p3.music.126.net/7ljojSKMpoh-apBTlpYdaw==/109951162971790827.jpg'),
	(1883,6489050,2,'http://p4.music.126.net/yzIA6ihoKCnLmHGv8HFZWQ==/109951162971790834.jpg'),
	(1884,6489050,2,'http://p3.music.126.net/k-_I8rhIWHcNm7WnC5KKHw==/109951162971789328.jpg'),
	(1885,6489050,2,'http://p3.music.126.net/LOFFGjt-29iomTg9o1huNA==/109951162971794615.jpg'),
	(1886,6489050,2,'http://p4.music.126.net/bhOFGhga1Sgd8U67RJYYLw==/109951162971797044.jpg'),
	(1887,6489050,2,'http://p3.music.126.net/uKaaqCWCVDQ2iic7u72MNw==/109951162971788925.jpg'),
	(1888,6489050,1,'商品交易成功后会在2个工作日内由北京迅腾广聚商贸有限公司发货，法定节假日顺延，请在确认商品完好后再签收。'),
	(1889,6489050,1,'若存在质量问题，请务必在7天之内联系客服：'),
	(1890,6489050,1,'·客服账号：私信 @云音乐客服'),
	(1891,6489050,1,'·客服邮箱：cloudmusicservice@163.com。'),
	(1892,6489050,1,'·温馨提示：完整的包装、配件和保修卡是电子产品进行售后的基础，请务必查看齐全后签收并妥善保管。'),
	(1893,6489052,1,'<span style=\"color:#ff0000;\">正品低价 品质保证：云音乐商城所有产品均由品牌方直供，杜绝假货。</span>'),
	(1894,6489052,1,'<br>'),
	(1895,6489052,2,'http://p4.music.126.net/9RHvmYiNHeCQrd_zScFAvg==/109951162971833779.jpg'),
	(1896,6489052,2,'http://p3.music.126.net/vG0E8W023xf-O6ROsYhSHw==/109951162971829969.jpg'),
	(1897,6489052,2,'http://p4.music.126.net/NI2lz9pBCc2k6wG0QXjL1w==/109951162971831815.jpg'),
	(1898,6489052,2,'http://p3.music.126.net/EFZAerexP1_x_1kATyVfTA==/109951162971826983.jpg'),
	(1899,6489052,2,'http://p3.music.126.net/jcvrmmt9VBVU8YSnXRhhmw==/109951162971832828.jpg'),
	(1900,6489052,2,'http://p4.music.126.net/mzKe58a09Iirnp9iKnBZpg==/109951162971836683.jpg'),
	(1901,6489052,2,'http://p4.music.126.net/-dPR8BMlV93vH7l2XjT4rQ==/109951162971829372.jpg'),
	(1902,6489052,2,'http://p4.music.126.net/onN97GiKCTbADr8ZlCtiWA==/109951162971836209.jpg'),
	(1903,6489052,2,'http://p3.music.126.net/o8QFl2xrObpczNbcGB2yzA==/109951162971831407.jpg'),
	(1904,6489052,2,'http://p4.music.126.net/Pq05_uM_oTQpIuPyjH7w7w==/109951162971831844.jpg'),
	(1905,6489052,1,'商品交易成功后会在2个工作日内由北京迅腾广聚商贸有限公司发货，法定节假日顺延，请在确认商品完好后再签收。'),
	(1906,6489052,1,'若存在质量问题，请务必在7天之内联系客服：'),
	(1907,6489052,1,'·客服账号：私信 @云音乐客服'),
	(1908,6489052,1,'·客服邮箱：cloudmusicservice@163.com。'),
	(1909,6489052,1,'·温馨提示：完整的包装、配件和保修卡是电子产品进行售后的基础，请务必查看齐全后签收并妥善保管。'),
	(1910,6490052,1,'<span style=\"color:#ff0000;\">正品低价 品质保证：云音乐商城所有产品均由品牌方直供，杜绝假货。</span>'),
	(1911,6490052,1,'<br>'),
	(1912,6490052,2,'http://p3.music.126.net/4ORWtv5PDAyr77ILQZTX_Q==/109951162972061179.jpg'),
	(1913,6490052,1,'商品交易成功后会在2个工作日内由北京迅腾广聚商贸有限公司发货，法定节假日顺延，请在确认商品完好后再签收。'),
	(1914,6490052,1,'若存在质量问题，请务必在7天之内联系客服：'),
	(1915,6490052,1,'·客服账号：私信 @云音乐客服'),
	(1916,6490052,1,'·客服邮箱：cloudmusicservice@163.com。'),
	(1917,6490052,1,'·温馨提示：完整的包装、配件和保修卡是电子产品进行售后的基础，请务必查看齐全后签收并妥善保管。'),
	(1918,6490063,1,'<span style=\"color:#ff0000;\">正品低价 品质保证：云音乐商城所有产品均由品牌方直供，杜绝假货。</span>'),
	(1919,6490063,1,'<br>'),
	(1920,6490063,2,'http://p4.music.126.net/MXj-fp8uWmhR98ZiLFmXzw==/109951162972543218.jpg'),
	(1921,6490063,2,'http://p3.music.126.net/jLaGHsbrKsxJMI6uaIbuig==/109951162972539365.jpg'),
	(1922,6490063,2,'http://p3.music.126.net/s3DZr-7Wc3coCp68Rodb8w==/109951162972543223.jpg'),
	(1923,6490063,2,'http://p4.music.126.net/rfGfcm2z3BN0DESDXgCP1Q==/109951162972544178.jpg'),
	(1924,6490063,2,'http://p3.music.126.net/IjwIL25MdVGLeaCXBsNQMw==/109951162972541359.jpg'),
	(1925,6490063,2,'http://p3.music.126.net/xC1ac1rprV2MXSqLFcy94Q==/109951162972544672.jpg'),
	(1926,6490063,2,'http://p3.music.126.net/DP0NR4qjJXgJLCKLg0_LYA==/109951162972546139.jpg'),
	(1927,6490063,1,'<br>'),
	(1928,6490063,1,'商品交易成功后会在2个工作日内由上海微意电子有限公司发货，法定节假日顺延，请在确认商品完好后再签收。'),
	(1929,6490063,1,'若存在质量问题，请务必在7天之内联系客服：'),
	(1930,6490063,1,'·客服账号：私信 @云音乐客服'),
	(1931,6490063,1,'·客服邮箱：cloudmusicservice@163.com。'),
	(1932,6490063,1,'·温馨提示：完整的包装、配件和保修卡是电子产品进行保修的基础，请务必查看齐全后签收并妥善保管。'),
	(1933,6488060,1,'<span style=\"color:#ff0000;\">正品低价 品质保证：云音乐商城所有产品均由品牌方直供，杜绝假货。</span>'),
	(1934,6488060,1,'<br>'),
	(1935,6488060,2,'http://p3.music.126.net/7kAmTVWbnyVlLl94BkXRVg==/109951162972545278.jpg'),
	(1936,6488060,2,'http://p3.music.126.net/kEGKHASvVIqFY4EveiF4oQ==/109951162972547137.jpg'),
	(1937,6488060,2,'http://p4.music.126.net/4hyjmDIkgRRPQhVPyPJi5w==/109951162972550086.jpg'),
	(1938,6488060,2,'http://p4.music.126.net/OhTR20rNGj0Ujx6yi4uS1g==/109951162972547139.jpg'),
	(1939,6488060,2,'http://p3.music.126.net/vGJnuGixk9ple3sNUjZEBw==/109951162972546710.jpg'),
	(1940,6488060,2,'http://p4.music.126.net/56_qpnP9xDVcIP4GpgEHpw==/109951162972551011.jpg'),
	(1941,6488060,2,'http://p4.music.126.net/JTm3rUfS9sJDmc20QR4i2A==/109951162972539497.jpg'),
	(1942,6488060,2,'http://p4.music.126.net/Y9RRZcMdgpaA0sxvVylJZw==/109951162972549139.jpg'),
	(1943,6488060,2,'http://p4.music.126.net/qGAvuw8150bzlpijkxq7bA==/109951162972551018.jpg'),
	(1944,6488060,2,'http://p4.music.126.net/oOd82paAoj6-zKRTS1AmPA==/109951162972547149.jpg'),
	(1945,6488060,2,'http://p4.music.126.net/rvTmTupfx-ZoCEx25_DAMA==/109951162972542874.jpg'),
	(1946,6488060,2,'http://p3.music.126.net/ujFHTt4tEotPr0VPEhiW3A==/109951162972550523.jpg'),
	(1947,6488060,1,'<br>'),
	(1948,6488060,1,'商品交易成功后会在2个工作日内由上海微意电子有限公司发货，法定节假日顺延，请在确认商品完好后再签收。'),
	(1949,6488060,1,'若存在质量问题，请务必在7天之内联系客服：'),
	(1950,6488060,1,'·客服账号：私信 @云音乐客服'),
	(1951,6488060,1,'·客服邮箱：cloudmusicservice@163.com。'),
	(1952,6488060,1,'·温馨提示：完整的包装、配件和保修卡是电子产品进行保修的基础，请务必查看齐全后签收并妥善保管。'),
	(1953,6492058,1,'<span style=\"color:#ff0000;\">正品低价 品质保证：云音乐商城所有产品均由品牌方直供，杜绝假货。</span>'),
	(1954,6492058,1,'<br>'),
	(1955,6492058,2,'http://p4.music.126.net/c3vYyMkhuh_qUB-Wqdsnbg==/109951162972550397.jpg'),
	(1956,6492058,2,'http://p4.music.126.net/Wd2xpXlxf4Ik-QoFAOgyOA==/109951162972555624.jpg'),
	(1957,6492058,2,'http://p4.music.126.net/oc2AZtDIQ6jOMv-3KZmbCg==/109951162972553234.jpg'),
	(1958,6492058,2,'http://p3.music.126.net/RJ5q6qMHJG8kr4_btJPqVw==/109951162972559037.jpg'),
	(1959,6492058,2,'http://p4.music.126.net/y4duZ8LiDXJIZD9L7JZioA==/109951162972553236.jpg'),
	(1960,6492058,2,'http://p4.music.126.net/HSRtcve7_cAdMD0uwn0ocQ==/109951162972558054.jpg'),
	(1961,6492058,2,'http://p3.music.126.net/-b9vyNQ_Mk5B2H0rS9_c_w==/109951162972559043.jpg'),
	(1962,6492058,2,'http://p3.music.126.net/zsRZAVG7WmbkCGT8dFx0zg==/109951162972556646.jpg'),
	(1963,6492058,2,'http://p3.music.126.net/DbDQBaTQT6XddxvV7leugQ==/109951162972553244.jpg'),
	(1964,6492058,2,'http://p3.music.126.net/OgSIa012XtuY1gX9pzjxww==/109951162972552283.jpg'),
	(1965,6492058,2,'http://p3.music.126.net/G1f1HYExKv50NpnWVAkyMw==/109951162972558063.jpg'),
	(1966,6492058,2,'http://p3.music.126.net/kfdWyxcjMMOjx_Ya9KDHxg==/109951162972556144.jpg'),
	(1967,6492058,2,'http://p4.music.126.net/n5j0urACf6woqnoN4uHzhQ==/109951162972550938.jpg'),
	(1968,6492058,2,'http://p3.music.126.net/FFduQTrHTFXLXi0xaMWggQ==/109951162972553249.jpg'),
	(1969,6492058,2,'http://p4.music.126.net/iTso6YYagAhN_7NoPxBkwg==/109951162972554222.jpg'),
	(1970,6492058,2,'http://p4.music.126.net/xVbtgZKZ_8skX65Hw-twnw==/109951162972554223.jpg'),
	(1971,6492058,1,'<br>'),
	(1972,6492058,1,'商品交易成功后会在2个工作日内由上海微意电子有限公司发货，法定节假日顺延，请在确认商品完好后再签收。'),
	(1973,6492058,1,'若存在质量问题，请务必在7天之内联系客服：'),
	(1974,6492058,1,'·客服账号：私信 @云音乐客服'),
	(1975,6492058,1,'·客服邮箱：cloudmusicservice@163.com。'),
	(1976,6492058,1,'·温馨提示：完整的包装、配件和保修卡是电子产品进行保修的基础，请务必查看齐全后签收并妥善保管。'),
	(1977,6487061,1,'<span style=\"color:#ff0000;\">正品低价 品质保证：云音乐商城所有产品均由品牌方直供，杜绝假货。</span>'),
	(1978,6487061,1,'<br>'),
	(1979,6487061,2,'http://p4.music.126.net/GwTm1OIx7f37hbYChFF3Bg==/109951162972552416.jpg'),
	(1980,6487061,2,'http://p3.music.126.net/4JtbsSkMHyEcZ-UCmpVndQ==/109951162972562030.jpg'),
	(1981,6487061,2,'http://p3.music.126.net/4VtmeGM2IOkla1v2vn55Kw==/109951162972555789.jpg'),
	(1982,6487061,2,'http://p4.music.126.net/ctfmeeojd_khCpCIUoAuQw==/109951162972560055.jpg'),
	(1983,6487061,2,'http://p3.music.126.net/TxoBOmlQeoluhOFsUGqJrA==/109951162972556776.jpg'),
	(1984,6487061,2,'http://p4.music.126.net/9_nw0B_OGQPuGkAfycsLzQ==/109951162972553386.jpg'),
	(1985,6487061,2,'http://p4.music.126.net/wLtbzM0MP6CxHFOlJC2e8w==/109951162972553862.jpg'),
	(1986,6487061,2,'http://p4.music.126.net/7dkkJD7te2xY0pRKD-hAOQ==/109951162972557256.jpg'),
	(1987,6487061,2,'http://p4.music.126.net/OMpl6OdmAcwv4nD30gtp3w==/109951162972554365.jpg'),
	(1988,6487061,2,'http://p3.music.126.net/jb8s_8Mfi48TWHp3s5YZBw==/109951162972560569.jpg'),
	(1989,6487061,2,'http://p3.music.126.net/d8z0bCwauypypFeWTfdcUQ==/109951162972559183.jpg'),
	(1990,6487061,2,'http://p3.music.126.net/iDt5EtcQauB12Vu-HYLlwQ==/109951162972557704.jpg'),
	(1991,6487061,2,'http://p3.music.126.net/LuO9yEU64-YY2WZiE104vQ==/109951162972562056.jpg'),
	(1992,6487061,2,'http://p3.music.126.net/MQNorxVqEDrmrGlCyFQX8Q==/109951162972559194.jpg'),
	(1993,6487061,2,'http://p3.music.126.net/HZPqTjDd_jOpRjznMhpONg==/109951162972562062.jpg'),
	(1994,6487061,1,'<br>'),
	(1995,6487061,1,'商品交易成功后会在2个工作日内由上海微意电子有限公司发货，法定节假日顺延，请在确认商品完好后再签收。'),
	(1996,6487061,1,'若存在质量问题，请务必在7天之内联系客服：'),
	(1997,6487061,1,'·客服账号：私信 @云音乐客服'),
	(1998,6487061,1,'·客服邮箱：cloudmusicservice@163.com。'),
	(1999,6487061,1,'·温馨提示：完整的包装、配件和保修卡是电子产品进行保修的基础，请务必查看齐全后签收并妥善保管。'),
	(2000,6489065,1,'<span style=\"color:#ff0000;\">正品低价 品质保证：云音乐商城所有产品均由品牌方直供，杜绝假货。</span>'),
	(2001,6489065,1,'<br>'),
	(2002,6489065,2,'http://p3.music.126.net/1a371IdTUsap6EBcIJndPw==/109951162972771252.jpg'),
	(2003,6489065,2,'http://p4.music.126.net/B98IHsv2BVE2HiuwONTb0Q==/109951162972776511.jpg'),
	(2004,6489065,2,'http://p3.music.126.net/EmJT6MR9KY0_sZ_eNH9cmA==/109951162972771765.jpg'),
	(2005,6489065,2,'http://p3.music.126.net/4VmRKchw5g31WJNiYAQcDA==/109951162972774616.jpg'),
	(2006,6489065,2,'http://p3.music.126.net/uYZiW0EDrg95_6PmDl6Xew==/109951162972771770.jpg'),
	(2007,6489065,2,'http://p3.music.126.net/NQ5qypSEf1oWoJbfCkDYeQ==/109951162972769951.jpg'),
	(2008,6489065,2,'http://p3.music.126.net/kitC9KkPMzfnvhhGzKQgfA==/109951162972774626.jpg'),
	(2009,6489065,2,'http://p4.music.126.net/cNC5VUs9lLqWUtY2DwNGxQ==/109951162972769955.jpg'),
	(2010,6489065,2,'http://p3.music.126.net/qXxuZ9toUl0qSmCi1KCmRg==/109951162972769958.jpg'),
	(2011,6489065,2,'http://p4.music.126.net/RNCseTCQkIADrGafDK6yQw==/109951162972776119.jpg'),
	(2012,6489065,2,'http://p4.music.126.net/197tpkr9fe-pxEVPJjFhoQ==/109951162972772168.jpg'),
	(2013,6489065,2,'http://p4.music.126.net/ssTO5ND14K1Pkgj8cLyYyw==/109951162972772731.jpg'),
	(2014,6489065,2,'http://p4.music.126.net/KhukKYxgC2V5pZm1B3uNvQ==/109951162972770378.jpg'),
	(2015,6489065,2,'http://p3.music.126.net/Si3A3zmS-mnIqPizSPwkVg==/109951162972776127.jpg'),
	(2016,6489065,2,'http://p3.music.126.net/7poZF6f2Hq8N4v1o3mbD0Q==/109951162972774636.jpg'),
	(2017,6489065,2,'http://p3.music.126.net/BypMs8ITNWrDj-9uRD09XQ==/109951162972771281.jpg'),
	(2018,6489065,2,'http://p3.music.126.net/lxWHyGI5S28FNGTzbxIeIg==/109951162972774641.jpg'),
	(2019,6489065,1,'<br>'),
	(2020,6489065,1,'商品交易成功后会在2个工作日内由上海微意电子有限公司发货，法定节假日顺延，请在确认商品完好后再签收。'),
	(2021,6489065,1,'若存在质量问题，请务必在7天之内联系客服：'),
	(2022,6489065,1,'·客服账号：私信 @云音乐客服'),
	(2023,6489065,1,'·客服邮箱：cloudmusicservice@163.com。'),
	(2024,6489065,1,'·温馨提示：完整的包装、配件和保修卡是电子产品进行保修的基础，请务必查看齐全后签收并妥善保管。'),
	(2025,6480091,1,'<span style=\"color:#ff0000;\">正品低价 品质保证：云音乐商城所有产品均由品牌方直供，杜绝假货。</span>'),
	(2026,6480091,1,'<br>'),
	(2027,6480091,2,'http://p3.music.126.net/71oCa4sDMWgkbF1BR6t6IA==/109951162972780075.jpg'),
	(2028,6480091,2,'http://p4.music.126.net/Lo2uIPEJZBIJERdbVtVexQ==/109951162972780076.jpg'),
	(2029,6480091,2,'http://p4.music.126.net/-8Wuw65PeL6LgCh3dQE1-Q==/109951162972773727.jpg'),
	(2030,6480091,2,'http://p4.music.126.net/tLMrr-UYmBhCJNIs61-yhw==/109951162972779083.jpg'),
	(2031,6480091,2,'http://p4.music.126.net/eFtgd9agW6L-FvKy5mYufA==/109951162972773730.jpg'),
	(2032,6480091,2,'http://p4.music.126.net/h2-c7nNuKL4DAqr7_4LZUQ==/109951162972777633.jpg'),
	(2033,6480091,2,'http://p4.music.126.net/X8RtpTwUgVqtZudkAqNNZA==/109951162972776681.jpg'),
	(2034,6480091,2,'http://p3.music.126.net/y_FIVufGFQUECFVUVnHbjw==/109951162972772326.jpg'),
	(2035,6480091,2,'http://p4.music.126.net/quHStbhAOmm_zbAtG6fXtA==/109951162972778625.jpg'),
	(2036,6480091,2,'http://p3.music.126.net/VD5B1NqtEpNVLOtxi0Ce0g==/109951162972774813.jpg'),
	(2037,6480091,2,'http://p4.music.126.net/Ma9AtN78eGnUKGbqwx5ADA==/109951162972773739.jpg'),
	(2038,6480091,2,'http://p3.music.126.net/H7kAOWOQRMIYHj75X11xcg==/109951162972775275.jpg'),
	(2039,6480091,2,'http://p4.music.126.net/oQncU9Pmimsmo4siV0g0WA==/109951162972776689.jpg'),
	(2040,6480091,2,'http://p4.music.126.net/TvVhO5ERCsalzVdfMj7Htw==/109951162972779583.jpg'),
	(2041,6480091,2,'http://p3.music.126.net/BABFAJx2YOyfqclq5HBl-A==/109951162972779100.jpg'),
	(2042,6480091,1,'<br>'),
	(2043,6480091,1,'商品交易成功后会在2个工作日内由上海微意电子有限公司发货，法定节假日顺延，请在确认商品完好后再签收。'),
	(2044,6480091,1,'若存在质量问题，请务必在7天之内联系客服：'),
	(2045,6480091,1,'·客服账号：私信 @云音乐客服'),
	(2046,6480091,1,'·客服邮箱：cloudmusicservice@163.com。'),
	(2047,6480091,1,'·温馨提示：完整的包装、配件和保修卡是电子产品进行保修的基础，请务必查看齐全后签收并妥善保管。'),
	(2048,6480093,1,'<span style=\"color:#ff0000;\">正品低价 品质保证：云音乐商城所有产品均由品牌方直供，杜绝假货。</span>'),
	(2049,6480093,1,'<br>'),
	(2050,6480093,2,'http://p4.music.126.net/k5bDf1i7Cg7GcdMC7SSWtA==/109951162972781379.jpg'),
	(2051,6480093,2,'http://p3.music.126.net/ecTpOXj5bd5Vo4Wp8n0e8g==/109951162972785170.jpg'),
	(2052,6480093,2,'http://p4.music.126.net/K2N_RTxUL2ASxVs6E4msiQ==/109951162972780390.jpg'),
	(2053,6480093,2,'http://p3.music.126.net/MDGp73QbqcAuF_i6fGF3yw==/109951162972784212.jpg'),
	(2054,6480093,2,'http://p4.music.126.net/N4qGRjQgVWhIqmca0DsUXA==/109951162972784216.jpg'),
	(2055,6480093,2,'http://p4.music.126.net/eFUspyBsGpYIQPA3i58XWQ==/109951162972783273.jpg'),
	(2056,6480093,2,'http://p4.music.126.net/sYhdq3PSG22tR9c4xlXuWw==/109951162972785596.jpg'),
	(2057,6480093,2,'http://p3.music.126.net/QSIAYxSt-UZiUEhbb26G4A==/109951162972788024.jpg'),
	(2058,6480093,2,'http://p3.music.126.net/wls5NscN6Ye6a1pxNbk5Wg==/109951162972778954.jpg'),
	(2059,6480093,2,'http://p3.music.126.net/wS2h5Vu07xNuInLhNTNUUw==/109951162972788509.jpg'),
	(2060,6480093,2,'http://p3.music.126.net/VSufsnzc7S0QgT0N09AR0w==/109951162972778964.jpg'),
	(2061,6480093,2,'http://p3.music.126.net/niz684wu2-9pHlU5cFfQ6g==/109951162972786111.jpg'),
	(2062,6480093,2,'http://p3.music.126.net/WsBPSBd2NauRvCNlCArwNQ==/109951162972786114.jpg'),
	(2063,6480093,2,'http://p4.music.126.net/KFlybWbVqpWUzgAzO3DSLg==/109951162972780405.jpg'),
	(2064,6480093,2,'http://p4.music.126.net/CzbALD2Psezw7mR3yKh5hw==/109951162972784256.jpg'),
	(2065,6480093,2,'http://p4.music.126.net/da2y2-jKduGo_KNzmtV6Ew==/109951162972781406.jpg'),
	(2066,6480093,2,'http://p3.music.126.net/ufEUDobMrC8OkXaaUdCLOw==/109951162972777989.jpg'),
	(2067,6480093,2,'http://p3.music.126.net/cWBjoi9z6uF0IR3Gv-7kyw==/109951162972787610.jpg'),
	(2068,6480093,2,'http://p4.music.126.net/IO14R8bxJ6geLpyf1Es9ag==/109951162972789000.jpg'),
	(2069,6480093,1,'<br>'),
	(2070,6480093,1,'商品交易成功后会在2个工作日内由上海微意电子有限公司发货，法定节假日顺延，请在确认商品完好后再签收。'),
	(2071,6480093,1,'若存在质量问题，请务必在7天之内联系客服：'),
	(2072,6480093,1,'·客服账号：私信 @云音乐客服'),
	(2073,6480093,1,'·客服邮箱：cloudmusicservice@163.com。'),
	(2074,6480093,1,'·温馨提示：完整的包装、配件和保修卡是电子产品进行保修的基础，请务必查看齐全后签收并妥善保管。'),
	(2075,6487063,1,'<span style=\"color:#ff0000;\">正品低价 品质保证：云音乐商城所有产品均由品牌方直供，杜绝假货。</span>'),
	(2076,6487063,1,'<br>'),
	(2077,6487063,2,'http://p4.music.126.net/MT4DwDvjc2h_uo8xvchVDg==/109951162973026365.jpg'),
	(2078,6487063,2,'http://p3.music.126.net/drqFmsJ0114DW32RGhl3ZA==/109951162973025882.jpg'),
	(2079,6487063,2,'http://p4.music.126.net/Nf0E64McRChS6ewXCwon5w==/109951162973024443.jpg'),
	(2080,6487063,2,'http://p3.music.126.net/5dA2qMUlj6JjQ_85B951Jg==/109951162973031554.jpg'),
	(2081,6487063,2,'http://p4.music.126.net/2xEHPaEwu_rOczlAktB24Q==/109951162973032043.jpg'),
	(2082,6487063,2,'http://p4.music.126.net/3xPZRkcOPdxQyFqwENDArw==/109951162973026373.jpg'),
	(2083,6487063,2,'http://p3.music.126.net/vi4Y-sLGbmLk4KruXlbIOw==/109951162973025888.jpg'),
	(2084,6487063,2,'http://p4.music.126.net/6NlcGWJxGE738Roao5iOxw==/109951162973026376.jpg'),
	(2085,6487063,2,'http://p4.music.126.net/Gr-WiC68lgG2nUWiZ-iw9A==/109951162973024450.jpg'),
	(2086,6487063,2,'http://p3.music.126.net/JpBZc8Sbnp1ZsqnEBpal_Q==/109951162973025891.jpg'),
	(2087,6487063,2,'http://p3.music.126.net/u_BqaQOuYxKO9TwVypnosQ==/109951162973025892.jpg'),
	(2088,6487063,2,'http://p3.music.126.net/fZ0o540e4jC332keHUxB2A==/109951162973031563.jpg'),
	(2089,6487063,2,'http://p4.music.126.net/awdeXogDYDBDmGXjBH45Bg==/109951162973034008.jpg'),
	(2090,6487063,2,'http://p4.music.126.net/dPnIPgJZPKkIFQacpsWZrQ==/109951162973031567.jpg'),
	(2091,6487063,2,'http://p3.music.126.net/ba3WTK5PXwOu9ZCx23VYWg==/109951162973026384.jpg'),
	(2092,6487063,2,'http://p3.music.126.net/aGzyOzYLkK_tKmFadELQ2w==/109951162973032054.jpg'),
	(2093,6487063,2,'http://p3.music.126.net/N8aH5NFoSyh3L-L9JvKqhg==/109951162973033513.jpg'),
	(2094,6487063,2,'http://p3.music.126.net/iyf2OBIVlEl_uJVP2BieDg==/109951162973026388.jpg'),
	(2095,6487063,2,'http://p4.music.126.net/HwcbChpQvoniKXDRcnKejg==/109951162973030609.jpg'),
	(2096,6487063,2,'http://p4.music.126.net/2dHFwJE0e6IgJ-RRJQFeNg==/109951162973030611.jpg'),
	(2097,6487063,2,'http://p3.music.126.net/CNWlr_mo-pfwT2eoV4Hcgg==/109951162973030100.jpg'),
	(2098,6487063,2,'http://p4.music.126.net/aL2i59lStoOzmCD2kY3spg==/109951162973030615.jpg'),
	(2099,6487063,2,'http://p4.music.126.net/LyFsShMwO9pYdUo2eUGljA==/109951162973026855.jpg'),
	(2100,6487063,2,'http://p3.music.126.net/5QXhJND3ElDBwWrxBt1T6A==/109951162973032064.jpg'),
	(2101,6487063,2,'http://p4.music.126.net/d8hwEy76Qgp4gaUfdUOsEQ==/109951162973029217.jpg'),
	(2102,6487063,2,'http://p3.music.126.net/zB_Q3bkTVDw1BxH5ciL78Q==/109951162973030107.jpg'),
	(2103,6487063,1,'<br>'),
	(2104,6487063,1,'商品交易成功后会在2个工作日内由上海微意电子有限公司发货，法定节假日顺延，请在确认商品完好后再签收。'),
	(2105,6487063,1,'若存在质量问题，请务必在7天之内联系客服：'),
	(2106,6487063,1,'·客服账号：私信 @云音乐客服'),
	(2107,6487063,1,'·客服邮箱：cloudmusicservice@163.com。'),
	(2108,6487063,1,'·温馨提示：完整的包装、配件和保修卡是电子产品进行保修的基础，请务必查看齐全后签收并妥善保管。'),
	(2109,6489067,1,'<span style=\"color:#ff0000;\">正品低价 品质保证：云音乐商城所有产品均由品牌方直供，杜绝假货。</span>'),
	(2110,6489067,1,'<span style=\"color:#ff0000;\">该产品一经拆封，非质量问题不接受7天无理由退货。</span>'),
	(2111,6489067,1,'<br>'),
	(2112,6489067,2,'http://p3.music.126.net/EUca6-q1dwDOXoOzQ8qOOg==/109951162973035062.jpg'),
	(2113,6489067,2,'http://p3.music.126.net/e76yznQPny8tjPieqRG_mg==/109951162973035065.jpg'),
	(2114,6489067,2,'http://p3.music.126.net/hBw3Clny4T7AP5v2v8COUA==/109951162973026898.jpg'),
	(2115,6489067,2,'http://p3.music.126.net/-Id3yKDYtXgbrMvve_XPQQ==/109951162973025432.jpg'),
	(2116,6489067,2,'http://p4.music.126.net/x0UUNikvtZWh0TRhhu3kug==/109951162973029281.jpg'),
	(2117,6489067,2,'http://p3.music.126.net/lQJspCN7xyUs2vgexp8t4A==/109951162973027393.jpg'),
	(2118,6489067,2,'http://p4.music.126.net/sxqPWEWtwqMP9sbrDWAWJg==/109951162973027894.jpg'),
	(2119,6489067,2,'http://p3.music.126.net/g1VW6tLKP2hXY4mgbL4MQQ==/109951162973027396.jpg'),
	(2120,6489067,2,'http://p4.music.126.net/R04R0sS2u_rKV-UohmrdwA==/109951162973034083.jpg'),
	(2121,6489067,2,'http://p3.music.126.net/3LhBORpVihHLsqNxJL_BIg==/109951162973035541.jpg'),
	(2122,6489067,2,'http://p4.music.126.net/CQq70vOTf0xb-tm4DmQgvg==/109951162973026454.jpg'),
	(2123,6489067,2,'http://p3.music.126.net/UeWQDzN6GbiTR-iN82zraA==/109951162973031653.jpg'),
	(2124,6489067,2,'http://p3.music.126.net/zcO6LFve_DkI0GqLEoOglg==/109951162973029289.jpg'),
	(2125,6489067,2,'http://p3.music.126.net/k103Sg_ZMwntYLz7MHc5Cw==/109951162973029733.jpg'),
	(2126,6489067,2,'http://p3.music.126.net/9mgEsHSmKdzSEPsbvbpdoA==/109951162973035081.jpg'),
	(2127,6489067,2,'http://p3.music.126.net/a6kH7n_g_Ug6pGuaFZf91Q==/109951162973032143.jpg'),
	(2128,6489067,2,'http://p4.music.126.net/lfOvo-FmeDfmOyPuKks3AA==/109951162973035551.jpg'),
	(2129,6489067,2,'http://p3.music.126.net/KB-r-uPTqGrrqa5YJETvvw==/109951162973026459.jpg'),
	(2130,6489067,2,'http://p4.music.126.net/5YqhhT0LXAslK2cA8xz0RA==/109951162973034583.jpg'),
	(2131,6489067,2,'http://p3.music.126.net/m83zNW6qvjs2fTAfoGvb9w==/109951162973031157.jpg'),
	(2132,6489067,2,'http://p3.music.126.net/1KPtW90IV-nF2LVmKnnkgg==/109951162973035558.jpg'),
	(2133,6489067,2,'http://p4.music.126.net/GAOsWInMMtIb2YdvPAE13A==/109951162973027904.jpg'),
	(2134,6489067,2,'http://p3.music.126.net/YBagE-J_-RTulGyQIxgwtw==/109951162973032607.jpg'),
	(2135,6489067,2,'http://p4.music.126.net/i1xZVEblIZO7jzBkwmlDqg==/109951162973027906.jpg'),
	(2136,6489067,2,'http://p4.music.126.net/TdEL3PlsBkpzU2vebSoOtw==/109951162973030172.jpg'),
	(2137,6489067,2,'http://p3.music.126.net/SFZ5VvJY99oL-Uj6VaDJ-g==/109951162973035097.jpg'),
	(2138,6489067,2,'http://p4.music.126.net/b-T0vR7qqf0z3-cXpaMuZA==/109951162973031669.jpg'),
	(2139,6489067,1,'<br>'),
	(2140,6489067,1,'商品交易成功后会在2个工作日内由上海微意电子有限公司发货，法定节假日顺延，请在确认商品完好后再签收。'),
	(2141,6489067,1,'若存在质量问题，请务必在7天之内联系客服：'),
	(2142,6489067,1,'·客服账号：私信 @云音乐客服'),
	(2143,6489067,1,'·客服邮箱：cloudmusicservice@163.com。'),
	(2144,6489067,1,'·温馨提示：完整的包装、配件和保修卡是电子产品进行保修的基础，请务必查看齐全后签收并妥善保管。');

/*!40000 ALTER TABLE `spu_detail` ENABLE KEYS */;
UNLOCK TABLES;


# Dump of table test
# ------------------------------------------------------------

DROP TABLE IF EXISTS `test`;

CREATE TABLE `test` (
  `id` int(11) NOT NULL AUTO_INCREMENT,
  `name` varchar(255) CHARACTER SET utf8 COLLATE utf8_unicode_ci NOT NULL,
  PRIMARY KEY (`id`)
) ENGINE=InnoDB DEFAULT CHARSET=utf8;

LOCK TABLES `test` WRITE;
/*!40000 ALTER TABLE `test` DISABLE KEYS */;

INSERT INTO `test` (`id`, `name`)
VALUES
	(1,'123'),
	(2,'abada');

/*!40000 ALTER TABLE `test` ENABLE KEYS */;
UNLOCK TABLES;


# Dump of table user
# ------------------------------------------------------------

DROP TABLE IF EXISTS `user`;

CREATE TABLE `user` (
  `id` int(11) unsigned NOT NULL AUTO_INCREMENT,
  `phone` varchar(255) NOT NULL DEFAULT '',
  `username` varchar(30) NOT NULL DEFAULT '' COMMENT '用户名',
  `password` varchar(255) NOT NULL DEFAULT '',
  `is_root` tinyint(3) NOT NULL DEFAULT '0' COMMENT '是否管理员用户，1-是，0-否，默认为0',
  `is_delete` tinyint(3) NOT NULL DEFAULT '0' COMMENT '软删除',
  `create_time` int(10) DEFAULT NULL,
  `update_time` int(10) DEFAULT NULL,
  `status` tinyint(3) NOT NULL DEFAULT '0' COMMENT '0-未审核，1-已通过，2-未通过',
  PRIMARY KEY (`id`)
) ENGINE=InnoDB DEFAULT CHARSET=utf8;

LOCK TABLES `user` WRITE;
/*!40000 ALTER TABLE `user` DISABLE KEYS */;

INSERT INTO `user` (`id`, `phone`, `username`, `password`, `is_root`, `is_delete`, `create_time`, `update_time`, `status`)
VALUES
	(0,'root','ThisIsSuperMan','$2y$10$ScxRh5nG5uLjiRlQlgdFs.a6HVNmQEuNrgD8YnVJi4D62H6/JWB8S',1,0,1508981118,1508981118,1),
	(1,'15625504195','cloud_15625504195','$2y$10$rNZt36kesQtbiCZByeGhMuoM6wHqUvm8tXxgDXgEctIWYI8/u89La',0,0,1507878862,1507878862,1),
	(2,'13631784814','YvenChang','$2y$10$sRJt/nxujqPulevJd9zfQ.U2wzX7fKA780rQ5Xjx8UfvC7/dESkz.',0,0,1507885406,1507959422,1),
	(3,'12312341234','cloud_12312341234','$2y$10$UxzvyeVGGXEv2PTHlpq.Meiv8h./VIDaQRuLJkc4RUMPpe3XNYiha',0,0,1507954607,1507954607,1);

/*!40000 ALTER TABLE `user` ENABLE KEYS */;
UNLOCK TABLES;


# Dump of table user_detail
# ------------------------------------------------------------

DROP TABLE IF EXISTS `user_detail`;

CREATE TABLE `user_detail` (
  `id` int(11) unsigned NOT NULL AUTO_INCREMENT,
  `uid` int(11) NOT NULL COMMENT '用户id',
  `email` varchar(30) DEFAULT NULL,
  `avater_id` int(11) NOT NULL DEFAULT '1' COMMENT '用户头像图片',
  `status` tinyint(3) DEFAULT '0' COMMENT '0-未审核，1-已通过，2-未通过',
  PRIMARY KEY (`id`)
) ENGINE=InnoDB DEFAULT CHARSET=utf8;

LOCK TABLES `user_detail` WRITE;
/*!40000 ALTER TABLE `user_detail` DISABLE KEYS */;

INSERT INTO `user_detail` (`id`, `uid`, `email`, `avater_id`, `status`)
VALUES
	(1,2,'chenyifan.gg@qq.com',1,1),
	(2,3,'123@qq.com',1,1),
	(3,1,'yvenchang@163.com',1,1);

/*!40000 ALTER TABLE `user_detail` ENABLE KEYS */;
UNLOCK TABLES;



/*!40111 SET SQL_NOTES=@OLD_SQL_NOTES */;
/*!40101 SET SQL_MODE=@OLD_SQL_MODE */;
/*!40014 SET FOREIGN_KEY_CHECKS=@OLD_FOREIGN_KEY_CHECKS */;
/*!40101 SET CHARACTER_SET_CLIENT=@OLD_CHARACTER_SET_CLIENT */;
/*!40101 SET CHARACTER_SET_RESULTS=@OLD_CHARACTER_SET_RESULTS */;
/*!40101 SET COLLATION_CONNECTION=@OLD_COLLATION_CONNECTION */;
